commit,arch,board_repr,lanes,depth,precision,state_id,category,root_candidates,leaf_candidates,rotation,x,y,score,no_move,core_cycles,request_interval_cycles,driver
ae0728a3e36e9a03e211f2ae3f8a73c386bdd68e-dirty,1,1,1,1,5,802,blocked_spawn,17,0,1,6,0,-1827,0,603,605,native
ae0728a3e36e9a03e211f2ae3f8a73c386bdd68e-dirty,1,1,1,1,5,801,equal_scores,34,0,1,4,2,-479,0,1538,1540,native
ae0728a3e36e9a03e211f2ae3f8a73c386bdd68e-dirty,1,1,1,1,5,0,heuristic_trajectory,17,0,0,5,2,-359,0,773,775,native
ae0728a3e36e9a03e211f2ae3f8a73c386bdd68e-dirty,1,1,1,1,5,600,high_stack_holes,34,0,1,4,16,-1950,0,858,860,native
ae0728a3e36e9a03e211f2ae3f8a73c386bdd68e-dirty,1,1,1,1,5,800,last_candidate_winner,17,0,1,9,1,-922,0,773,775,native
ae0728a3e36e9a03e211f2ae3f8a73c386bdd68e-dirty,1,1,1,1,5,839,no_move,34,0,0,0,0,0,1,382,384,native
ae0728a3e36e9a03e211f2ae3f8a73c386bdd68e-dirty,1,1,1,1,5,300,random_trajectory,34,0,2,7,5,-1193,0,1538,1540,native
ae0728a3e36e9a03e211f2ae3f8a73c386bdd68e-dirty,1,1,1,1,5,845,walls,34,0,0,1,0,-176,0,1538,1540,native
ae0728a3e36e9a03e211f2ae3f8a73c386bdd68e-dirty,1,1,1,1,5,817,wells,9,0,0,0,6,-636,0,413,415,native
ae0728a3e36e9a03e211f2ae3f8a73c386bdd68e-dirty,1,1,1,1,5,806,blocked_spawn,34,0,1,8,0,-2023,0,824,826,native
ae0728a3e36e9a03e211f2ae3f8a73c386bdd68e-dirty,1,1,1,1,5,805,equal_scores,17,0,0,1,0,-180,0,773,775,native
ae0728a3e36e9a03e211f2ae3f8a73c386bdd68e-dirty,1,1,1,1,5,1,heuristic_trajectory,17,0,1,0,3,-425,0,773,775,native
ae0728a3e36e9a03e211f2ae3f8a73c386bdd68e-dirty,1,1,1,1,5,601,high_stack_holes,34,0,3,0,16,-2332,0,790,792,native
ae0728a3e36e9a03e211f2ae3f8a73c386bdd68e-dirty,1,1,1,1,5,803,last_candidate_winner,9,0,0,8,8,-999,0,413,415,native
ae0728a3e36e9a03e211f2ae3f8a73c386bdd68e-dirty,1,1,1,1,5,882,no_move,17,0,0,0,0,0,1,195,197,native
ae0728a3e36e9a03e211f2ae3f8a73c386bdd68e-dirty,1,1,1,1,5,301,random_trajectory,34,0,1,7,4,-988,0,1538,1540,native
ae0728a3e36e9a03e211f2ae3f8a73c386bdd68e-dirty,1,1,1,1,5,851,walls,34,0,0,6,0,-176,0,1538,1540,native
ae0728a3e36e9a03e211f2ae3f8a73c386bdd68e-dirty,1,1,1,1,5,827,wells,17,0,1,3,5,-617,0,773,775,native
ae0728a3e36e9a03e211f2ae3f8a73c386bdd68e-dirty,1,1,1,1,5,808,blocked_spawn,17,0,1,1,0,-2023,0,501,503,native
ae0728a3e36e9a03e211f2ae3f8a73c386bdd68e-dirty,1,1,1,1,5,809,equal_scores,9,0,0,2,2,-281,0,413,415,native
ae0728a3e36e9a03e211f2ae3f8a73c386bdd68e-dirty,1,1,1,1,5,2,heuristic_trajectory,17,0,0,5,2,-299,0,773,775,native
ae0728a3e36e9a03e211f2ae3f8a73c386bdd68e-dirty,1,1,1,1,5,602,high_stack_holes,34,0,3,3,12,-1907,0,1538,1540,native
ae0728a3e36e9a03e211f2ae3f8a73c386bdd68e-dirty,1,1,1,1,5,804,last_candidate_winner,17,0,1,8,2,-577,0,773,775,native
ae0728a3e36e9a03e211f2ae3f8a73c386bdd68e-dirty,1,1,1,1,5,888,no_move,34,0,0,0,0,0,1,382,384,native
ae0728a3e36e9a03e211f2ae3f8a73c386bdd68e-dirty,1,1,1,1,5,302,random_trajectory,34,0,1,7,4,-988,0,1538,1540,native
ae0728a3e36e9a03e211f2ae3f8a73c386bdd68e-dirty,1,1,1,1,5,898,walls,9,0,0,6,0,-168,0,413,415,native
ae0728a3e36e9a03e211f2ae3f8a73c386bdd68e-dirty,1,1,1,1,5,832,wells,17,0,1,2,5,-566,0,773,775,native
ae0728a3e36e9a03e211f2ae3f8a73c386bdd68e-dirty,1,1,1,1,5,811,blocked_spawn,17,0,1,8,0,-1159,0,671,673,native
ae0728a3e36e9a03e211f2ae3f8a73c386bdd68e-dirty,1,1,1,1,5,821,equal_scores,34,0,2,1,3,-547,0,1538,1540,native
ae0728a3e36e9a03e211f2ae3f8a73c386bdd68e-dirty,1,1,1,1,5,3,heuristic_trajectory,34,0,1,6,0,-178,0,1538,1540,native
ae0728a3e36e9a03e211f2ae3f8a73c386bdd68e-dirty,1,1,1,1,5,603,high_stack_holes,34,0,1,6,14,-1856,0,1232,1234,native
ae0728a3e36e9a03e211f2ae3f8a73c386bdd68e-dirty,1,1,1,1,5,807,last_candidate_winner,17,0,1,8,2,-366,0,773,775,native
ae0728a3e36e9a03e211f2ae3f8a73c386bdd68e-dirty,1,1,1,1,5,942,no_move,17,0,0,0,0,0,1,195,197,native
ae0728a3e36e9a03e211f2ae3f8a73c386bdd68e-dirty,1,1,1,1,5,303,random_trajectory,17,0,1,0,8,-2313,0,263,265,native
ae0728a3e36e9a03e211f2ae3f8a73c386bdd68e-dirty,1,1,1,1,5,911,walls,17,0,0,0,0,-193,0,773,775,native
ae0728a3e36e9a03e211f2ae3f8a73c386bdd68e-dirty,1,1,1,1,5,846,wells,9,0,0,0,6,-626,0,413,415,native
ae0728a3e36e9a03e211f2ae3f8a73c386bdd68e-dirty,1,1,1,1,5,813,blocked_spawn,17,0,0,0,0,-1754,0,399,401,native
ae0728a3e36e9a03e211f2ae3f8a73c386bdd68e-dirty,1,1,1,1,5,822,equal_scores,34,0,0,1,3,-385,0,1538,1540,native
ae0728a3e36e9a03e211f2ae3f8a73c386bdd68e-dirty,1,1,1,1,5,4,heuristic_trajectory,34,0,3,3,4,-611,0,1538,1540,native
ae0728a3e36e9a03e211f2ae3f8a73c386bdd68e-dirty,1,1,1,1,5,604,high_stack_holes,34,0,3,3,16,-2585,0,586,588,native
ae0728a3e36e9a03e211f2ae3f8a73c386bdd68e-dirty,1,1,1,1,5,810,last_candidate_winner,17,0,1,8,1,-340,0,773,775,native
ae0728a3e36e9a03e211f2ae3f8a73c386bdd68e-dirty,1,1,1,1,5,969,no_move,9,0,0,0,0,0,1,107,109,native
ae0728a3e36e9a03e211f2ae3f8a73c386bdd68e-dirty,1,1,1,1,5,304,random_trajectory,17,0,1,7,4,-924,0,773,775,native
ae0728a3e36e9a03e211f2ae3f8a73c386bdd68e-dirty,1,1,1,1,5,914,walls,17,0,0,1,0,-185,0,773,775,native
ae0728a3e36e9a03e211f2ae3f8a73c386bdd68e-dirty,1,1,1,1,5,848,wells,17,0,1,3,5,-617,0,773,775,native
ae0728a3e36e9a03e211f2ae3f8a73c386bdd68e-dirty,1,1,1,1,5,814,blocked_spawn,17,0,1,4,0,-1662,0,331,333,native
ae0728a3e36e9a03e211f2ae3f8a73c386bdd68e-dirty,1,1,1,1,5,830,equal_scores,17,0,1,5,2,-380,0,773,775,native
ae0728a3e36e9a03e211f2ae3f8a73c386bdd68e-dirty,1,1,1,1,5,5,heuristic_trajectory,9,0,0,6,2,-374,0,413,415,native
ae0728a3e36e9a03e211f2ae3f8a73c386bdd68e-dirty,1,1,1,1,5,605,high_stack_holes,34,0,3,6,3,-470,0,1538,1540,native
ae0728a3e36e9a03e211f2ae3f8a73c386bdd68e-dirty,1,1,1,1,5,812,last_candidate_winner,17,0,1,9,2,-382,0,773,775,native
ae0728a3e36e9a03e211f2ae3f8a73c386bdd68e-dirty,1,1,1,1,5,976,no_move,17,0,0,0,0,0,1,195,197,native
ae0728a3e36e9a03e211f2ae3f8a73c386bdd68e-dirty,1,1,1,1,5,305,random_trajectory,17,0,1,4,15,-1521,0,773,775,native
ae0728a3e36e9a03e211f2ae3f8a73c386bdd68e-dirty,1,1,1,1,5,922,walls,34,0,0,0,0,-176,0,1538,1540,native
ae0728a3e36e9a03e211f2ae3f8a73c386bdd68e-dirty,1,1,1,1,5,858,wells,34,0,3,6,4,-553,0,1538,1540,native
ae0728a3e36e9a03e211f2ae3f8a73c386bdd68e-dirty,1,1,1,1,5,815,blocked_spawn,34,0,1,3,0,-2222,0,552,554,native
ae0728a3e36e9a03e211f2ae3f8a73c386bdd68e-dirty,1,1,1,1,5,831,equal_scores,17,0,0,4,1,-212,0,773,775,native
ae0728a3e36e9a03e211f2ae3f8a73c386bdd68e-dirty,1,1,1,1,5,6,heuristic_trajectory,17,0,1,0,4,-492,0,773,775,native
ae0728a3e36e9a03e211f2ae3f8a73c386bdd68e-dirty,1,1,1,1,5,606,high_stack_holes,17,0,1,2,15,-2013,0,603,605,native
ae0728a3e36e9a03e211f2ae3f8a73c386bdd68e-dirty,1,1,1,1,5,816,last_candidate_winner,34,0,3,8,2,-295,0,1538,1540,native
ae0728a3e36e9a03e211f2ae3f8a73c386bdd68e-dirty,1,1,1,1,5,986,no_move,9,0,0,0,0,0,1,107,109,native
ae0728a3e36e9a03e211f2ae3f8a73c386bdd68e-dirty,1,1,1,1,5,306,random_trajectory,9,0,0,0,0,-264,0,413,415,native
ae0728a3e36e9a03e211f2ae3f8a73c386bdd68e-dirty,1,1,1,1,5,941,walls,17,0,0,6,0,-193,0,773,775,native
ae0728a3e36e9a03e211f2ae3f8a73c386bdd68e-dirty,1,1,1,1,5,867,wells,34,0,2,6,5,-558,0,1538,1540,native
ae0728a3e36e9a03e211f2ae3f8a73c386bdd68e-dirty,1,1,1,1,5,818,blocked_spawn,9,0,0,5,0,-1936,0,209,211,native
ae0728a3e36e9a03e211f2ae3f8a73c386bdd68e-dirty,1,1,1,1,5,836,equal_scores,34,0,1,7,2,-398,0,1538,1540,native
ae0728a3e36e9a03e211f2ae3f8a73c386bdd68e-dirty,1,1,1,1,5,7,heuristic_trajectory,9,0,0,8,3,-326,0,413,415,native
ae0728a3e36e9a03e211f2ae3f8a73c386bdd68e-dirty,1,1,1,1,5,607,high_stack_holes,34,0,1,7,16,-2388,0,1334,1336,native
ae0728a3e36e9a03e211f2ae3f8a73c386bdd68e-dirty,1,1,1,1,5,819,last_candidate_winner,17,0,1,9,0,-280,0,773,775,native
ae0728a3e36e9a03e211f2ae3f8a73c386bdd68e-dirty,1,1,1,1,5,307,random_trajectory,17,0,1,0,17,-2495,0,263,265,native
ae0728a3e36e9a03e211f2ae3f8a73c386bdd68e-dirty,1,1,1,1,5,961,walls,17,0,0,6,0,-185,0,773,775,native
ae0728a3e36e9a03e211f2ae3f8a73c386bdd68e-dirty,1,1,1,1,5,868,wells,9,0,0,0,6,-641,0,413,415,native
ae0728a3e36e9a03e211f2ae3f8a73c386bdd68e-dirty,1,1,1,1,5,820,blocked_spawn,34,0,0,1,0,-1437,0,1096,1098,native
ae0728a3e36e9a03e211f2ae3f8a73c386bdd68e-dirty,1,1,1,1,5,837,equal_scores,9,0,0,0,1,-241,0,413,415,native
ae0728a3e36e9a03e211f2ae3f8a73c386bdd68e-dirty,1,1,1,1,5,8,heuristic_trajectory,17,0,0,2,7,-615,0,773,775,native
ae0728a3e36e9a03e211f2ae3f8a73c386bdd68e-dirty,1,1,1,1,5,608,high_stack_holes,17,0,0,6,16,-1850,0,773,775,native
ae0728a3e36e9a03e211f2ae3f8a73c386bdd68e-dirty,1,1,1,1,5,824,last_candidate_winner,17,0,1,8,0,-248,0,773,775,native
ae0728a3e36e9a03e211f2ae3f8a73c386bdd68e-dirty,1,1,1,1,5,308,random_trajectory,9,0,0,8,6,-1715,0,413,415,native
ae0728a3e36e9a03e211f2ae3f8a73c386bdd68e-dirty,1,1,1,1,5,977,walls,17,0,0,6,0,-49,0,773,775,native
ae0728a3e36e9a03e211f2ae3f8a73c386bdd68e-dirty,1,1,1,1,5,890,wells,9,0,0,8,6,-612,0,413,415,native
ae0728a3e36e9a03e211f2ae3f8a73c386bdd68e-dirty,1,1,1,1,5,823,blocked_spawn,34,0,1,7,16,-2394,0,688,690,native
ae0728a3e36e9a03e211f2ae3f8a73c386bdd68e-dirty,1,1,1,1,5,849,equal_scores,9,0,0,4,4,-514,0,413,415,native
ae0728a3e36e9a03e211f2ae3f8a73c386bdd68e-dirty,1,1,1,1,5,9,heuristic_trajectory,17,0,1,0,4,-544,0,773,775,native
ae0728a3e36e9a03e211f2ae3f8a73c386bdd68e-dirty,1,1,1,1,5,609,high_stack_holes,34,0,1,2,14,-1914,0,1266,1268,native
ae0728a3e36e9a03e211f2ae3f8a73c386bdd68e-dirty,1,1,1,1,5,825,last_candidate_winner,17,0,1,9,0,-37,0,773,775,native
ae0728a3e36e9a03e211f2ae3f8a73c386bdd68e-dirty,1,1,1,1,5,309,random_trajectory,17,0,1,3,4,-458,0,773,775,native
ae0728a3e36e9a03e211f2ae3f8a73c386bdd68e-dirty,1,1,1,1,5,980,walls,34,0,0,6,0,-176,0,1538,1540,native
ae0728a3e36e9a03e211f2ae3f8a73c386bdd68e-dirty,1,1,1,1,5,894,wells,34,0,1,4,4,-433,0,1538,1540,native
ae0728a3e36e9a03e211f2ae3f8a73c386bdd68e-dirty,1,1,1,1,5,828,blocked_spawn,17,0,1,8,0,-2174,0,331,333,native
ae0728a3e36e9a03e211f2ae3f8a73c386bdd68e-dirty,1,1,1,1,5,853,equal_scores,9,0,0,0,1,-204,0,413,415,native
ae0728a3e36e9a03e211f2ae3f8a73c386bdd68e-dirty,1,1,1,1,5,10,heuristic_trajectory,17,0,0,3,1,-117,0,773,775,native
ae0728a3e36e9a03e211f2ae3f8a73c386bdd68e-dirty,1,1,1,1,5,610,high_stack_holes,34,0,3,8,17,-2370,0,1062,1064,native
ae0728a3e36e9a03e211f2ae3f8a73c386bdd68e-dirty,1,1,1,1,5,826,last_candidate_winner,17,0,1,9,3,-460,0,773,775,native
ae0728a3e36e9a03e211f2ae3f8a73c386bdd68e-dirty,1,1,1,1,5,310,random_trajectory,17,0,1,0,5,-2116,0,365,367,native
ae0728a3e36e9a03e211f2ae3f8a73c386bdd68e-dirty,1,1,1,1,5,993,walls,34,0,0,6,0,-168,0,1538,1540,native
ae0728a3e36e9a03e211f2ae3f8a73c386bdd68e-dirty,1,1,1,1,5,895,wells,17,0,1,9,0,-126,0,773,775,native
ae0728a3e36e9a03e211f2ae3f8a73c386bdd68e-dirty,1,1,1,1,5,834,blocked_spawn,34,0,0,4,0,-1577,0,1300,1302,native
ae0728a3e36e9a03e211f2ae3f8a73c386bdd68e-dirty,1,1,1,1,5,863,equal_scores,9,0,0,1,0,-144,0,413,415,native
ae0728a3e36e9a03e211f2ae3f8a73c386bdd68e-dirty,1,1,1,1,5,11,heuristic_trajectory,34,0,2,5,2,-252,0,1538,1540,native
ae0728a3e36e9a03e211f2ae3f8a73c386bdd68e-dirty,1,1,1,1,5,611,high_stack_holes,17,0,1,0,7,-1069,0,773,775,native
ae0728a3e36e9a03e211f2ae3f8a73c386bdd68e-dirty,1,1,1,1,5,829,last_candidate_winner,34,0,3,8,1,-300,0,1538,1540,native
ae0728a3e36e9a03e211f2ae3f8a73c386bdd68e-dirty,1,1,1,1,5,311,random_trajectory,17,0,0,0,0,-44,0,773,775,native
ae0728a3e36e9a03e211f2ae3f8a73c386bdd68e-dirty,1,1,1,1,5,907,wells,34,0,3,8,5,-565,0,1538,1540,native
ae0728a3e36e9a03e211f2ae3f8a73c386bdd68e-dirty,1,1,1,1,5,835,blocked_spawn,34,0,3,0,0,-1146,0,790,792,native
ae0728a3e36e9a03e211f2ae3f8a73c386bdd68e-dirty,1,1,1,1,5,870,equal_scores,17,0,0,2,2,-342,0,773,775,native
ae0728a3e36e9a03e211f2ae3f8a73c386bdd68e-dirty,1,1,1,1,5,12,heuristic_trajectory,17,0,1,8,5,-675,0,773,775,native
ae0728a3e36e9a03e211f2ae3f8a73c386bdd68e-dirty,1,1,1,1,5,612,high_stack_holes,17,0,1,1,13,-1956,0,433,435,native
ae0728a3e36e9a03e211f2ae3f8a73c386bdd68e-dirty,1,1,1,1,5,833,last_candidate_winner,34,0,3,8,1,-218,0,1538,1540,native
ae0728a3e36e9a03e211f2ae3f8a73c386bdd68e-dirty,1,1,1,1,5,312,random_trajectory,9,0,0,7,4,-853,0,413,415,native
ae0728a3e36e9a03e211f2ae3f8a73c386bdd68e-dirty,1,1,1,1,5,908,wells,34,0,3,1,4,-422,0,1538,1540,native
ae0728a3e36e9a03e211f2ae3f8a73c386bdd68e-dirty,1,1,1,1,5,838,blocked_spawn,17,0,1,2,0,-1908,0,433,435,native
ae0728a3e36e9a03e211f2ae3f8a73c386bdd68e-dirty,1,1,1,1,5,878,equal_scores,9,0,0,4,3,-496,0,413,415,native
ae0728a3e36e9a03e211f2ae3f8a73c386bdd68e-dirty,1,1,1,1,5,13,heuristic_trajectory,34,0,1,1,0,-150,0,1538,1540,native
ae0728a3e36e9a03e211f2ae3f8a73c386bdd68e-dirty,1,1,1,1,5,613,high_stack_holes,34,0,1,4,15,-2688,0,586,588,native
ae0728a3e36e9a03e211f2ae3f8a73c386bdd68e-dirty,1,1,1,1,5,841,last_candidate_winner,17,0,1,8,0,-156,0,773,775,native
ae0728a3e36e9a03e211f2ae3f8a73c386bdd68e-dirty,1,1,1,1,5,313,random_trajectory,34,0,1,5,15,-2054,0,756,758,native
ae0728a3e36e9a03e211f2ae3f8a73c386bdd68e-dirty,1,1,1,1,5,929,wells,34,0,1,0,5,-558,0,1538,1540,native
ae0728a3e36e9a03e211f2ae3f8a73c386bdd68e-dirty,1,1,1,1,5,840,blocked_spawn,34,0,0,6,0,-1529,0,790,792,native
ae0728a3e36e9a03e211f2ae3f8a73c386bdd68e-dirty,1,1,1,1,5,880,equal_scores,9,0,0,0,3,-442,0,413,415,native
ae0728a3e36e9a03e211f2ae3f8a73c386bdd68e-dirty,1,1,1,1,5,14,heuristic_trajectory,17,0,0,5,2,-345,0,773,775,native
ae0728a3e36e9a03e211f2ae3f8a73c386bdd68e-dirty,1,1,1,1,5,614,high_stack_holes,17,0,0,0,0,-126,0,773,775,native
ae0728a3e36e9a03e211f2ae3f8a73c386bdd68e-dirty,1,1,1,1,5,847,last_candidate_winner,34,0,3,8,1,-214,0,1538,1540,native
ae0728a3e36e9a03e211f2ae3f8a73c386bdd68e-dirty,1,1,1,1,5,314,random_trajectory,9,0,0,0,0,-264,0,413,415,native
ae0728a3e36e9a03e211f2ae3f8a73c386bdd68e-dirty,1,1,1,1,5,937,wells,34,0,2,2,5,-630,0,1538,1540,native
ae0728a3e36e9a03e211f2ae3f8a73c386bdd68e-dirty,1,1,1,1,5,842,blocked_spawn,17,0,1,1,0,-828,0,569,571,native
ae0728a3e36e9a03e211f2ae3f8a73c386bdd68e-dirty,1,1,1,1,5,886,equal_scores,17,0,0,2,0,-332,0,773,775,native
ae0728a3e36e9a03e211f2ae3f8a73c386bdd68e-dirty,1,1,1,1,5,15,heuristic_trajectory,17,0,1,0,5,-478,0,773,775,native
ae0728a3e36e9a03e211f2ae3f8a73c386bdd68e-dirty,1,1,1,1,5,615,high_stack_holes,17,0,0,6,12,-1812,0,535,537,native
ae0728a3e36e9a03e211f2ae3f8a73c386bdd68e-dirty,1,1,1,1,5,850,last_candidate_winner,17,0,1,8,0,-304,0,773,775,native
ae0728a3e36e9a03e211f2ae3f8a73c386bdd68e-dirty,1,1,1,1,5,315,random_trajectory,9,0,0,0,6,-2260,0,175,177,native
ae0728a3e36e9a03e211f2ae3f8a73c386bdd68e-dirty,1,1,1,1,5,943,wells,17,0,1,0,5,-569,0,773,775,native
ae0728a3e36e9a03e211f2ae3f8a73c386bdd68e-dirty,1,1,1,1,5,843,blocked_spawn,34,0,1,6,0,-2245,0,552,554,native
ae0728a3e36e9a03e211f2ae3f8a73c386bdd68e-dirty,1,1,1,1,5,887,equal_scores,17,0,0,2,4,-442,0,773,775,native
ae0728a3e36e9a03e211f2ae3f8a73c386bdd68e-dirty,1,1,1,1,5,16,heuristic_trajectory,34,0,1,8,0,-109,0,1538,1540,native
ae0728a3e36e9a03e211f2ae3f8a73c386bdd68e-dirty,1,1,1,1,5,616,high_stack_holes,34,0,1,0,17,-2426,0,790,792,native
ae0728a3e36e9a03e211f2ae3f8a73c386bdd68e-dirty,1,1,1,1,5,857,last_candidate_winner,34,0,3,8,0,-185,0,1538,1540,native
ae0728a3e36e9a03e211f2ae3f8a73c386bdd68e-dirty,1,1,1,1,5,316,random_trajectory,34,0,1,5,0,-312,0,1538,1540,native
ae0728a3e36e9a03e211f2ae3f8a73c386bdd68e-dirty,1,1,1,1,5,945,wells,34,0,2,7,5,-561,0,1538,1540,native
ae0728a3e36e9a03e211f2ae3f8a73c386bdd68e-dirty,1,1,1,1,5,844,blocked_spawn,9,0,0,1,0,-976,0,379,381,native
ae0728a3e36e9a03e211f2ae3f8a73c386bdd68e-dirty,1,1,1,1,5,896,equal_scores,17,0,1,0,6,-697,0,773,775,native
ae0728a3e36e9a03e211f2ae3f8a73c386bdd68e-dirty,1,1,1,1,5,17,heuristic_trajectory,17,0,0,6,2,-188,0,773,775,native
ae0728a3e36e9a03e211f2ae3f8a73c386bdd68e-dirty,1,1,1,1,5,617,high_stack_holes,34,0,2,5,13,-2006,0,1538,1540,native
ae0728a3e36e9a03e211f2ae3f8a73c386bdd68e-dirty,1,1,1,1,5,859,last_candidate_winner,34,0,3,8,3,-368,0,1538,1540,native
ae0728a3e36e9a03e211f2ae3f8a73c386bdd68e-dirty,1,1,1,1,5,317,random_trajectory,17,0,1,0,5,-2116,0,365,367,native
ae0728a3e36e9a03e211f2ae3f8a73c386bdd68e-dirty,1,1,1,1,5,948,wells,17,0,0,7,6,-629,0,773,775,native
ae0728a3e36e9a03e211f2ae3f8a73c386bdd68e-dirty,1,1,1,1,5,852,blocked_spawn,34,0,2,1,17,-2528,0,722,724,native
ae0728a3e36e9a03e211f2ae3f8a73c386bdd68e-dirty,1,1,1,1,5,897,equal_scores,9,0,0,1,0,-168,0,413,415,native
ae0728a3e36e9a03e211f2ae3f8a73c386bdd68e-dirty,1,1,1,1,5,18,heuristic_trajectory,34,0,3,2,2,-283,0,1538,1540,native
ae0728a3e36e9a03e211f2ae3f8a73c386bdd68e-dirty,1,1,1,1,5,618,high_stack_holes,9,0,0,1,18,-1848,0,311,313,native
ae0728a3e36e9a03e211f2ae3f8a73c386bdd68e-dirty,1,1,1,1,5,865,last_candidate_winner,34,0,3,8,0,-126,0,1538,1540,native
ae0728a3e36e9a03e211f2ae3f8a73c386bdd68e-dirty,1,1,1,1,5,318,random_trajectory,17,0,1,4,15,-1521,0,773,775,native
ae0728a3e36e9a03e211f2ae3f8a73c386bdd68e-dirty,1,1,1,1,5,957,wells,17,0,1,1,5,-573,0,773,775,native
ae0728a3e36e9a03e211f2ae3f8a73c386bdd68e-dirty,1,1,1,1,5,854,blocked_spawn,17,0,1,3,0,-2064,0,535,537,native
ae0728a3e36e9a03e211f2ae3f8a73c386bdd68e-dirty,1,1,1,1,5,899,equal_scores,17,0,0,4,0,-140,0,773,775,native
ae0728a3e36e9a03e211f2ae3f8a73c386bdd68e-dirty,1,1,1,1,5,19,heuristic_trajectory,34,0,1,2,2,-418,0,1538,1540,native
ae0728a3e36e9a03e211f2ae3f8a73c386bdd68e-dirty,1,1,1,1,5,619,high_stack_holes,9,0,0,3,17,-2434,0,277,279,native
ae0728a3e36e9a03e211f2ae3f8a73c386bdd68e-dirty,1,1,1,1,5,869,last_candidate_winner,17,0,1,9,2,-766,0,773,775,native
ae0728a3e36e9a03e211f2ae3f8a73c386bdd68e-dirty,1,1,1,1,5,319,random_trajectory,9,0,0,0,6,-2260,0,175,177,native
ae0728a3e36e9a03e211f2ae3f8a73c386bdd68e-dirty,1,1,1,1,5,962,wells,17,0,1,0,0,-250,0,773,775,native
ae0728a3e36e9a03e211f2ae3f8a73c386bdd68e-dirty,1,1,1,1,5,855,blocked_spawn,17,0,0,4,0,-1583,0,705,707,native
ae0728a3e36e9a03e211f2ae3f8a73c386bdd68e-dirty,1,1,1,1,5,905,equal_scores,17,0,1,3,0,-224,0,773,775,native
ae0728a3e36e9a03e211f2ae3f8a73c386bdd68e-dirty,1,1,1,1,5,20,heuristic_trajectory,34,0,2,3,0,-200,0,1538,1540,native
ae0728a3e36e9a03e211f2ae3f8a73c386bdd68e-dirty,1,1,1,1,5,620,high_stack_holes,9,0,0,0,0,0,1,107,109,native
ae0728a3e36e9a03e211f2ae3f8a73c386bdd68e-dirty,1,1,1,1,5,876,last_candidate_winner,34,0,3,8,3,-668,0,1538,1540,native
ae0728a3e36e9a03e211f2ae3f8a73c386bdd68e-dirty,1,1,1,1,5,320,random_trajectory,34,0,1,5,0,-558,0,1538,1540,native
ae0728a3e36e9a03e211f2ae3f8a73c386bdd68e-dirty,1,1,1,1,5,967,wells,17,0,1,7,5,-573,0,773,775,native
ae0728a3e36e9a03e211f2ae3f8a73c386bdd68e-dirty,1,1,1,1,5,856,blocked_spawn,34,0,1,6,0,-1426,0,1198,1200,native
ae0728a3e36e9a03e211f2ae3f8a73c386bdd68e-dirty,1,1,1,1,5,909,equal_scores,9,0,0,1,4,-391,0,413,415,native
ae0728a3e36e9a03e211f2ae3f8a73c386bdd68e-dirty,1,1,1,1,5,21,heuristic_trajectory,34,0,0,7,5,-607,0,1538,1540,native
ae0728a3e36e9a03e211f2ae3f8a73c386bdd68e-dirty,1,1,1,1,5,621,high_stack_holes,17,0,1,2,13,-1958,0,433,435,native
ae0728a3e36e9a03e211f2ae3f8a73c386bdd68e-dirty,1,1,1,1,5,877,last_candidate_winner,17,0,1,8,0,-117,0,773,775,native
ae0728a3e36e9a03e211f2ae3f8a73c386bdd68e-dirty,1,1,1,1,5,321,random_trajectory,9,0,0,0,0,-264,0,413,415,native
ae0728a3e36e9a03e211f2ae3f8a73c386bdd68e-dirty,1,1,1,1,5,984,wells,17,0,0,1,6,-662,0,773,775,native
ae0728a3e36e9a03e211f2ae3f8a73c386bdd68e-dirty,1,1,1,1,5,860,blocked_spawn,17,0,0,1,0,-1446,0,501,503,native
ae0728a3e36e9a03e211f2ae3f8a73c386bdd68e-dirty,1,1,1,1,5,910,equal_scores,17,0,0,3,3,-348,0,773,775,native
ae0728a3e36e9a03e211f2ae3f8a73c386bdd68e-dirty,1,1,1,1,5,22,heuristic_trajectory,34,0,3,8,2,-367,0,1538,1540,native
ae0728a3e36e9a03e211f2ae3f8a73c386bdd68e-dirty,1,1,1,1,5,622,high_stack_holes,17,0,1,1,15,-2063,0,569,571,native
ae0728a3e36e9a03e211f2ae3f8a73c386bdd68e-dirty,1,1,1,1,5,883,last_candidate_winner,34,0,3,8,7,-957,0,1538,1540,native
ae0728a3e36e9a03e211f2ae3f8a73c386bdd68e-dirty,1,1,1,1,5,322,random_trajectory,34,0,3,0,11,-2358,0,484,486,native
ae0728a3e36e9a03e211f2ae3f8a73c386bdd68e-dirty,1,1,1,1,5,990,wells,34,0,3,3,4,-433,0,1538,1540,native
ae0728a3e36e9a03e211f2ae3f8a73c386bdd68e-dirty,1,1,1,1,5,861,blocked_spawn,17,0,1,1,0,-1573,0,603,605,native
ae0728a3e36e9a03e211f2ae3f8a73c386bdd68e-dirty,1,1,1,1,5,912,equal_scores,34,0,3,1,2,-429,0,1538,1540,native
ae0728a3e36e9a03e211f2ae3f8a73c386bdd68e-dirty,1,1,1,1,5,23,heuristic_trajectory,34,0,2,2,8,-663,0,1538,1540,native
ae0728a3e36e9a03e211f2ae3f8a73c386bdd68e-dirty,1,1,1,1,5,623,high_stack_holes,17,0,0,7,6,-808,0,773,775,native
ae0728a3e36e9a03e211f2ae3f8a73c386bdd68e-dirty,1,1,1,1,5,893,last_candidate_winner,34,0,3,8,3,-407,0,1538,1540,native
ae0728a3e36e9a03e211f2ae3f8a73c386bdd68e-dirty,1,1,1,1,5,323,random_trajectory,17,0,1,0,17,-2495,0,263,265,native
ae0728a3e36e9a03e211f2ae3f8a73c386bdd68e-dirty,1,1,1,1,5,994,wells,34,0,1,0,4,-436,0,1538,1540,native
ae0728a3e36e9a03e211f2ae3f8a73c386bdd68e-dirty,1,1,1,1,5,862,blocked_spawn,17,0,1,6,17,-2376,0,399,401,native
ae0728a3e36e9a03e211f2ae3f8a73c386bdd68e-dirty,1,1,1,1,5,917,equal_scores,17,0,0,4,2,-362,0,773,775,native
ae0728a3e36e9a03e211f2ae3f8a73c386bdd68e-dirty,1,1,1,1,5,24,heuristic_trajectory,17,0,0,4,4,-508,0,773,775,native
ae0728a3e36e9a03e211f2ae3f8a73c386bdd68e-dirty,1,1,1,1,5,624,high_stack_holes,17,0,1,5,13,-2044,0,467,469,native
ae0728a3e36e9a03e211f2ae3f8a73c386bdd68e-dirty,1,1,1,1,5,900,last_candidate_winner,17,0,1,9,2,-379,0,773,775,native
ae0728a3e36e9a03e211f2ae3f8a73c386bdd68e-dirty,1,1,1,1,5,324,random_trajectory,34,0,3,4,15,-1845,0,1062,1064,native
ae0728a3e36e9a03e211f2ae3f8a73c386bdd68e-dirty,1,1,1,1,5,864,blocked_spawn,17,0,1,1,0,-2349,0,297,299,native
ae0728a3e36e9a03e211f2ae3f8a73c386bdd68e-dirty,1,1,1,1,5,919,equal_scores,17,0,0,3,0,-140,0,773,775,native
ae0728a3e36e9a03e211f2ae3f8a73c386bdd68e-dirty,1,1,1,1,5,25,heuristic_trajectory,17,0,1,9,0,-293,0,773,775,native
ae0728a3e36e9a03e211f2ae3f8a73c386bdd68e-dirty,1,1,1,1,5,625,high_stack_holes,9,0,0,7,17,-2364,0,243,245,native
ae0728a3e36e9a03e211f2ae3f8a73c386bdd68e-dirty,1,1,1,1,5,904,last_candidate_winner,34,0,3,8,1,-244,0,1538,1540,native
ae0728a3e36e9a03e211f2ae3f8a73c386bdd68e-dirty,1,1,1,1,5,325,random_trajectory,17,0,1,9,8,-2202,0,297,299,native
ae0728a3e36e9a03e211f2ae3f8a73c386bdd68e-dirty,1,1,1,1,5,866,blocked_spawn,34,0,1,8,0,-2068,0,552,554,native
ae0728a3e36e9a03e211f2ae3f8a73c386bdd68e-dirty,1,1,1,1,5,920,equal_scores,34,0,0,0,0,-92,0,1538,1540,native
ae0728a3e36e9a03e211f2ae3f8a73c386bdd68e-dirty,1,1,1,1,5,26,heuristic_trajectory,9,0,0,0,8,-716,0,413,415,native
ae0728a3e36e9a03e211f2ae3f8a73c386bdd68e-dirty,1,1,1,1,5,626,high_stack_holes,17,0,0,1,11,-1312,0,773,775,native
ae0728a3e36e9a03e211f2ae3f8a73c386bdd68e-dirty,1,1,1,1,5,915,last_candidate_winner,34,0,3,8,1,-297,0,1538,1540,native
ae0728a3e36e9a03e211f2ae3f8a73c386bdd68e-dirty,1,1,1,1,5,326,random_trajectory,34,0,1,5,15,-2054,0,756,758,native
ae0728a3e36e9a03e211f2ae3f8a73c386bdd68e-dirty,1,1,1,1,5,871,blocked_spawn,9,0,0,3,0,-1126,0,345,347,native
ae0728a3e36e9a03e211f2ae3f8a73c386bdd68e-dirty,1,1,1,1,5,924,equal_scores,34,0,1,1,2,-426,0,1538,1540,native
ae0728a3e36e9a03e211f2ae3f8a73c386bdd68e-dirty,1,1,1,1,5,27,heuristic_trajectory,34,0,2,0,2,-371,0,1538,1540,native
ae0728a3e36e9a03e211f2ae3f8a73c386bdd68e-dirty,1,1,1,1,5,627,high_stack_holes,17,0,1,0,13,-1791,0,467,469,native
ae0728a3e36e9a03e211f2ae3f8a73c386bdd68e-dirty,1,1,1,1,5,918,last_candidate_winner,17,0,1,8,1,-289,0,773,775,native
ae0728a3e36e9a03e211f2ae3f8a73c386bdd68e-dirty,1,1,1,1,5,327,random_trajectory,34,0,1,8,8,-1751,0,1538,1540,native
ae0728a3e36e9a03e211f2ae3f8a73c386bdd68e-dirty,1,1,1,1,5,872,blocked_spawn,34,0,1,7,0,-2174,0,722,724,native
ae0728a3e36e9a03e211f2ae3f8a73c386bdd68e-dirty,1,1,1,1,5,925,equal_scores,34,0,0,3,5,-543,0,1538,1540,native
ae0728a3e36e9a03e211f2ae3f8a73c386bdd68e-dirty,1,1,1,1,5,28,heuristic_trajectory,9,0,0,1,4,-450,0,413,415,native
ae0728a3e36e9a03e211f2ae3f8a73c386bdd68e-dirty,1,1,1,1,5,628,high_stack_holes,17,0,1,1,1,-2637,0,331,333,native
ae0728a3e36e9a03e211f2ae3f8a73c386bdd68e-dirty,1,1,1,1,5,921,last_candidate_winner,34,0,3,8,0,-140,0,1538,1540,native
ae0728a3e36e9a03e211f2ae3f8a73c386bdd68e-dirty,1,1,1,1,5,328,random_trajectory,17,0,1,9,12,-2408,0,297,299,native
ae0728a3e36e9a03e211f2ae3f8a73c386bdd68e-dirty,1,1,1,1,5,873,blocked_spawn,34,0,2,7,18,-2696,0,416,418,native
ae0728a3e36e9a03e211f2ae3f8a73c386bdd68e-dirty,1,1,1,1,5,928,equal_scores,34,0,1,3,1,-318,0,1538,1540,native
ae0728a3e36e9a03e211f2ae3f8a73c386bdd68e-dirty,1,1,1,1,5,29,heuristic_trajectory,17,0,1,6,0,-133,0,773,775,native
ae0728a3e36e9a03e211f2ae3f8a73c386bdd68e-dirty,1,1,1,1,5,629,high_stack_holes,17,0,0,5,0,-457,0,773,775,native
ae0728a3e36e9a03e211f2ae3f8a73c386bdd68e-dirty,1,1,1,1,5,932,last_candidate_winner,17,0,1,9,2,-335,0,773,775,native
ae0728a3e36e9a03e211f2ae3f8a73c386bdd68e-dirty,1,1,1,1,5,329,random_trajectory,34,0,0,0,0,-190,0,1538,1540,native
ae0728a3e36e9a03e211f2ae3f8a73c386bdd68e-dirty,1,1,1,1,5,874,blocked_spawn,34,0,3,3,17,-2275,0,790,792,native
ae0728a3e36e9a03e211f2ae3f8a73c386bdd68e-dirty,1,1,1,1,5,930,equal_scores,34,0,2,2,0,-188,0,1538,1540,native
ae0728a3e36e9a03e211f2ae3f8a73c386bdd68e-dirty,1,1,1,1,5,30,heuristic_trajectory,34,0,2,6,2,-319,0,1538,1540,native
ae0728a3e36e9a03e211f2ae3f8a73c386bdd68e-dirty,1,1,1,1,5,630,high_stack_holes,34,0,2,1,14,-1760,0,1164,1166,native
ae0728a3e36e9a03e211f2ae3f8a73c386bdd68e-dirty,1,1,1,1,5,935,last_candidate_winner,34,0,3,8,3,-544,0,1538,1540,native
ae0728a3e36e9a03e211f2ae3f8a73c386bdd68e-dirty,1,1,1,1,5,330,random_trajectory,9,0,0,0,0,-264,0,413,415,native
ae0728a3e36e9a03e211f2ae3f8a73c386bdd68e-dirty,1,1,1,1,5,875,blocked_spawn,17,0,1,4,17,-2365,0,297,299,native
ae0728a3e36e9a03e211f2ae3f8a73c386bdd68e-dirty,1,1,1,1,5,934,equal_scores,34,0,0,7,2,-224,0,1538,1540,native
ae0728a3e36e9a03e211f2ae3f8a73c386bdd68e-dirty,1,1,1,1,5,31,heuristic_trajectory,9,0,0,2,1,-249,0,413,415,native
ae0728a3e36e9a03e211f2ae3f8a73c386bdd68e-dirty,1,1,1,1,5,631,high_stack_holes,34,0,3,0,17,-2402,0,790,792,native
ae0728a3e36e9a03e211f2ae3f8a73c386bdd68e-dirty,1,1,1,1,5,946,last_candidate_winner,17,0,1,8,2,-287,0,773,775,native
ae0728a3e36e9a03e211f2ae3f8a73c386bdd68e-dirty,1,1,1,1,5,331,random_trajectory,34,0,1,7,4,-988,0,1538,1540,native
ae0728a3e36e9a03e211f2ae3f8a73c386bdd68e-dirty,1,1,1,1,5,879,blocked_spawn,17,0,1,6,0,-2525,0,331,333,native
ae0728a3e36e9a03e211f2ae3f8a73c386bdd68e-dirty,1,1,1,1,5,936,equal_scores,34,0,0,4,0,-113,0,1538,1540,native
ae0728a3e36e9a03e211f2ae3f8a73c386bdd68e-dirty,1,1,1,1,5,32,heuristic_trajectory,34,0,3,1,3,-430,0,1538,1540,native
ae0728a3e36e9a03e211f2ae3f8a73c386bdd68e-dirty,1,1,1,1,5,632,high_stack_holes,34,0,2,0,3,-557,0,1538,1540,native
ae0728a3e36e9a03e211f2ae3f8a73c386bdd68e-dirty,1,1,1,1,5,947,last_candidate_winner,17,0,1,9,1,-270,0,773,775,native
ae0728a3e36e9a03e211f2ae3f8a73c386bdd68e-dirty,1,1,1,1,5,332,random_trajectory,17,0,0,4,18,-2178,0,297,299,native
ae0728a3e36e9a03e211f2ae3f8a73c386bdd68e-dirty,1,1,1,1,5,881,blocked_spawn,17,0,1,0,0,-1710,0,399,401,native
ae0728a3e36e9a03e211f2ae3f8a73c386bdd68e-dirty,1,1,1,1,5,944,equal_scores,17,0,0,6,1,-184,0,773,775,native
ae0728a3e36e9a03e211f2ae3f8a73c386bdd68e-dirty,1,1,1,1,5,33,heuristic_trajectory,9,0,0,0,8,-716,0,413,415,native
ae0728a3e36e9a03e211f2ae3f8a73c386bdd68e-dirty,1,1,1,1,5,633,high_stack_holes,17,0,1,4,15,-1987,0,501,503,native
ae0728a3e36e9a03e211f2ae3f8a73c386bdd68e-dirty,1,1,1,1,5,949,last_candidate_winner,17,0,1,9,1,-255,0,773,775,native
ae0728a3e36e9a03e211f2ae3f8a73c386bdd68e-dirty,1,1,1,1,5,333,random_trajectory,34,0,1,5,0,-312,0,1538,1540,native
ae0728a3e36e9a03e211f2ae3f8a73c386bdd68e-dirty,1,1,1,1,5,884,blocked_spawn,9,0,0,1,0,-1602,0,345,347,native
ae0728a3e36e9a03e211f2ae3f8a73c386bdd68e-dirty,1,1,1,1,5,950,equal_scores,34,0,1,6,2,-390,0,1538,1540,native
ae0728a3e36e9a03e211f2ae3f8a73c386bdd68e-dirty,1,1,1,1,5,34,heuristic_trajectory,17,0,0,4,1,-269,0,773,775,native
ae0728a3e36e9a03e211f2ae3f8a73c386bdd68e-dirty,1,1,1,1,5,634,high_stack_holes,17,0,1,8,17,-2522,0,365,367,native
ae0728a3e36e9a03e211f2ae3f8a73c386bdd68e-dirty,1,1,1,1,5,951,last_candidate_winner,9,0,0,8,4,-463,0,413,415,native
ae0728a3e36e9a03e211f2ae3f8a73c386bdd68e-dirty,1,1,1,1,5,334,random_trajectory,17,0,1,9,12,-2408,0,297,299,native
ae0728a3e36e9a03e211f2ae3f8a73c386bdd68e-dirty,1,1,1,1,5,885,blocked_spawn,34,0,0,3,0,-1707,0,1198,1200,native
ae0728a3e36e9a03e211f2ae3f8a73c386bdd68e-dirty,1,1,1,1,5,952,equal_scores,9,0,0,2,0,-172,0,413,415,native
ae0728a3e36e9a03e211f2ae3f8a73c386bdd68e-dirty,1,1,1,1,5,35,heuristic_trajectory,34,0,3,3,2,-441,0,1538,1540,native
ae0728a3e36e9a03e211f2ae3f8a73c386bdd68e-dirty,1,1,1,1,5,635,high_stack_holes,34,0,2,3,6,-817,0,1538,1540,native
ae0728a3e36e9a03e211f2ae3f8a73c386bdd68e-dirty,1,1,1,1,5,953,last_candidate_winner,9,0,0,8,5,-515,0,413,415,native
ae0728a3e36e9a03e211f2ae3f8a73c386bdd68e-dirty,1,1,1,1,5,335,random_trajectory,34,0,0,0,0,-190,0,1538,1540,native
ae0728a3e36e9a03e211f2ae3f8a73c386bdd68e-dirty,1,1,1,1,5,889,blocked_spawn,17,0,0,1,0,-832,0,705,707,native
ae0728a3e36e9a03e211f2ae3f8a73c386bdd68e-dirty,1,1,1,1,5,954,equal_scores,17,0,1,0,2,-196,0,773,775,native
ae0728a3e36e9a03e211f2ae3f8a73c386bdd68e-dirty,1,1,1,1,5,36,heuristic_trajectory,17,0,1,0,4,-492,0,773,775,native
ae0728a3e36e9a03e211f2ae3f8a73c386bdd68e-dirty,1,1,1,1,5,636,high_stack_holes,34,0,1,2,12,-1925,0,722,724,native
ae0728a3e36e9a03e211f2ae3f8a73c386bdd68e-dirty,1,1,1,1,5,971,last_candidate_winner,17,0,1,8,3,-427,0,773,775,native
ae0728a3e36e9a03e211f2ae3f8a73c386bdd68e-dirty,1,1,1,1,5,336,random_trajectory,17,0,0,0,0,-44,0,773,775,native
ae0728a3e36e9a03e211f2ae3f8a73c386bdd68e-dirty,1,1,1,1,5,891,blocked_spawn,17,0,0,4,0,-1883,0,331,333,native
ae0728a3e36e9a03e211f2ae3f8a73c386bdd68e-dirty,1,1,1,1,5,956,equal_scores,9,0,0,0,4,-499,0,413,415,native
ae0728a3e36e9a03e211f2ae3f8a73c386bdd68e-dirty,1,1,1,1,5,37,heuristic_trajectory,17,0,1,0,8,-738,0,773,775,native
ae0728a3e36e9a03e211f2ae3f8a73c386bdd68e-dirty,1,1,1,1,5,637,high_stack_holes,34,0,3,7,14,-2652,0,586,588,native
ae0728a3e36e9a03e211f2ae3f8a73c386bdd68e-dirty,1,1,1,1,5,972,last_candidate_winner,17,0,1,9,0,-117,0,773,775,native
ae0728a3e36e9a03e211f2ae3f8a73c386bdd68e-dirty,1,1,1,1,5,337,random_trajectory,34,0,1,5,0,-558,0,1538,1540,native
ae0728a3e36e9a03e211f2ae3f8a73c386bdd68e-dirty,1,1,1,1,5,892,blocked_spawn,34,0,1,5,0,-1199,0,960,962,native
ae0728a3e36e9a03e211f2ae3f8a73c386bdd68e-dirty,1,1,1,1,5,958,equal_scores,9,0,0,1,4,-442,0,413,415,native
ae0728a3e36e9a03e211f2ae3f8a73c386bdd68e-dirty,1,1,1,1,5,38,heuristic_trajectory,17,0,1,6,3,-414,0,773,775,native
ae0728a3e36e9a03e211f2ae3f8a73c386bdd68e-dirty,1,1,1,1,5,638,high_stack_holes,17,0,1,1,11,-1490,0,773,775,native
ae0728a3e36e9a03e211f2ae3f8a73c386bdd68e-dirty,1,1,1,1,5,979,last_candidate_winner,9,0,0,8,2,-369,0,413,415,native
ae0728a3e36e9a03e211f2ae3f8a73c386bdd68e-dirty,1,1,1,1,5,338,random_trajectory,34,0,1,5,0,-558,0,1538,1540,native
ae0728a3e36e9a03e211f2ae3f8a73c386bdd68e-dirty,1,1,1,1,5,901,blocked_spawn,34,0,1,3,0,-1517,0,1096,1098,native
ae0728a3e36e9a03e211f2ae3f8a73c386bdd68e-dirty,1,1,1,1,5,959,equal_scores,17,0,0,3,0,-112,0,773,775,native
ae0728a3e36e9a03e211f2ae3f8a73c386bdd68e-dirty,1,1,1,1,5,39,heuristic_trajectory,34,0,1,6,0,-178,0,1538,1540,native
ae0728a3e36e9a03e211f2ae3f8a73c386bdd68e-dirty,1,1,1,1,5,639,high_stack_holes,34,0,3,4,14,-1825,0,1538,1540,native
ae0728a3e36e9a03e211f2ae3f8a73c386bdd68e-dirty,1,1,1,1,5,988,last_candidate_winner,9,0,0,8,8,-983,0,413,415,native
ae0728a3e36e9a03e211f2ae3f8a73c386bdd68e-dirty,1,1,1,1,5,339,random_trajectory,34,0,1,7,4,-988,0,1538,1540,native
ae0728a3e36e9a03e211f2ae3f8a73c386bdd68e-dirty,1,1,1,1,5,902,blocked_spawn,17,0,1,3,0,-2189,0,433,435,native
ae0728a3e36e9a03e211f2ae3f8a73c386bdd68e-dirty,1,1,1,1,5,963,equal_scores,17,0,0,1,1,-140,0,773,775,native
ae0728a3e36e9a03e211f2ae3f8a73c386bdd68e-dirty,1,1,1,1,5,40,heuristic_trajectory,34,0,0,5,1,-201,0,1538,1540,native
ae0728a3e36e9a03e211f2ae3f8a73c386bdd68e-dirty,1,1,1,1,5,640,high_stack_holes,17,0,1,6,7,-2287,0,603,605,native
ae0728a3e36e9a03e211f2ae3f8a73c386bdd68e-dirty,1,1,1,1,5,989,last_candidate_winner,17,0,1,9,2,-774,0,773,775,native
ae0728a3e36e9a03e211f2ae3f8a73c386bdd68e-dirty,1,1,1,1,5,340,random_trajectory,17,0,0,0,0,-44,0,773,775,native
ae0728a3e36e9a03e211f2ae3f8a73c386bdd68e-dirty,1,1,1,1,5,903,blocked_spawn,17,0,1,0,0,-858,0,569,571,native
ae0728a3e36e9a03e211f2ae3f8a73c386bdd68e-dirty,1,1,1,1,5,964,equal_scores,17,0,0,1,0,-140,0,773,775,native
ae0728a3e36e9a03e211f2ae3f8a73c386bdd68e-dirty,1,1,1,1,5,41,heuristic_trajectory,17,0,1,8,1,-197,0,773,775,native
ae0728a3e36e9a03e211f2ae3f8a73c386bdd68e-dirty,1,1,1,1,5,641,high_stack_holes,17,0,0,0,0,0,1,195,197,native
ae0728a3e36e9a03e211f2ae3f8a73c386bdd68e-dirty,1,1,1,1,5,998,last_candidate_winner,17,0,1,9,0,-349,0,773,775,native
ae0728a3e36e9a03e211f2ae3f8a73c386bdd68e-dirty,1,1,1,1,5,341,random_trajectory,17,0,1,9,12,-2408,0,297,299,native
ae0728a3e36e9a03e211f2ae3f8a73c386bdd68e-dirty,1,1,1,1,5,906,blocked_spawn,9,0,0,0,0,-1568,0,277,279,native
ae0728a3e36e9a03e211f2ae3f8a73c386bdd68e-dirty,1,1,1,1,5,968,equal_scores,34,0,0,6,3,-455,0,1538,1540,native
ae0728a3e36e9a03e211f2ae3f8a73c386bdd68e-dirty,1,1,1,1,5,42,heuristic_trajectory,9,0,0,0,6,-528,0,413,415,native
ae0728a3e36e9a03e211f2ae3f8a73c386bdd68e-dirty,1,1,1,1,5,642,high_stack_holes,17,0,1,3,13,-1744,0,739,741,native
ae0728a3e36e9a03e211f2ae3f8a73c386bdd68e-dirty,1,1,1,1,5,999,last_candidate_winner,17,0,1,9,0,-73,0,773,775,native
ae0728a3e36e9a03e211f2ae3f8a73c386bdd68e-dirty,1,1,1,1,5,342,random_trajectory,9,0,0,8,6,-1715,0,413,415,native
ae0728a3e36e9a03e211f2ae3f8a73c386bdd68e-dirty,1,1,1,1,5,913,blocked_spawn,17,0,1,1,0,-1697,0,433,435,native
ae0728a3e36e9a03e211f2ae3f8a73c386bdd68e-dirty,1,1,1,1,5,970,equal_scores,17,0,1,0,3,-256,0,773,775,native
ae0728a3e36e9a03e211f2ae3f8a73c386bdd68e-dirty,1,1,1,1,5,43,heuristic_trajectory,17,0,1,7,2,-391,0,773,775,native
ae0728a3e36e9a03e211f2ae3f8a73c386bdd68e-dirty,1,1,1,1,5,643,high_stack_holes,9,0,0,2,15,-2028,0,277,279,native
ae0728a3e36e9a03e211f2ae3f8a73c386bdd68e-dirty,1,1,1,1,5,343,random_trajectory,34,0,3,4,15,-1845,0,1062,1064,native
ae0728a3e36e9a03e211f2ae3f8a73c386bdd68e-dirty,1,1,1,1,5,916,blocked_spawn,17,0,1,7,0,-2468,0,365,367,native
ae0728a3e36e9a03e211f2ae3f8a73c386bdd68e-dirty,1,1,1,1,5,982,equal_scores,34,0,0,4,3,-430,0,1538,1540,native
ae0728a3e36e9a03e211f2ae3f8a73c386bdd68e-dirty,1,1,1,1,5,44,heuristic_trajectory,17,0,1,8,0,-169,0,773,775,native
ae0728a3e36e9a03e211f2ae3f8a73c386bdd68e-dirty,1,1,1,1,5,644,high_stack_holes,17,0,0,6,2,-380,0,773,775,native
ae0728a3e36e9a03e211f2ae3f8a73c386bdd68e-dirty,1,1,1,1,5,344,random_trajectory,17,0,1,9,12,-2408,0,297,299,native
ae0728a3e36e9a03e211f2ae3f8a73c386bdd68e-dirty,1,1,1,1,5,923,blocked_spawn,34,0,0,0,17,-2425,0,1062,1064,native
ae0728a3e36e9a03e211f2ae3f8a73c386bdd68e-dirty,1,1,1,1,5,985,equal_scores,17,0,0,3,3,-490,0,773,775,native
ae0728a3e36e9a03e211f2ae3f8a73c386bdd68e-dirty,1,1,1,1,5,45,heuristic_trajectory,17,0,1,9,1,-187,0,773,775,native
ae0728a3e36e9a03e211f2ae3f8a73c386bdd68e-dirty,1,1,1,1,5,645,high_stack_holes,9,0,0,1,15,-1871,0,345,347,native
ae0728a3e36e9a03e211f2ae3f8a73c386bdd68e-dirty,1,1,1,1,5,345,random_trajectory,34,0,1,5,0,-312,0,1538,1540,native
ae0728a3e36e9a03e211f2ae3f8a73c386bdd68e-dirty,1,1,1,1,5,926,blocked_spawn,9,0,0,2,18,-2313,0,141,143,native
ae0728a3e36e9a03e211f2ae3f8a73c386bdd68e-dirty,1,1,1,1,5,987,equal_scores,34,0,0,1,2,-310,0,1538,1540,native
ae0728a3e36e9a03e211f2ae3f8a73c386bdd68e-dirty,1,1,1,1,5,46,heuristic_trajectory,9,0,0,1,1,-196,0,413,415,native
ae0728a3e36e9a03e211f2ae3f8a73c386bdd68e-dirty,1,1,1,1,5,646,high_stack_holes,17,0,1,3,3,-2379,0,331,333,native
ae0728a3e36e9a03e211f2ae3f8a73c386bdd68e-dirty,1,1,1,1,5,346,random_trajectory,34,0,1,8,8,-1751,0,1538,1540,native
ae0728a3e36e9a03e211f2ae3f8a73c386bdd68e-dirty,1,1,1,1,5,927,blocked_spawn,17,0,1,0,17,-2494,0,263,265,native
ae0728a3e36e9a03e211f2ae3f8a73c386bdd68e-dirty,1,1,1,1,5,992,equal_scores,34,0,0,5,0,-100,0,1538,1540,native
ae0728a3e36e9a03e211f2ae3f8a73c386bdd68e-dirty,1,1,1,1,5,47,heuristic_trajectory,34,0,1,6,0,-178,0,1538,1540,native
ae0728a3e36e9a03e211f2ae3f8a73c386bdd68e-dirty,1,1,1,1,5,647,high_stack_holes,17,0,1,5,0,-447,0,773,775,native
ae0728a3e36e9a03e211f2ae3f8a73c386bdd68e-dirty,1,1,1,1,5,347,random_trajectory,34,0,3,4,15,-1845,0,1062,1064,native
ae0728a3e36e9a03e211f2ae3f8a73c386bdd68e-dirty,1,1,1,1,5,931,blocked_spawn,17,0,1,5,17,-1782,0,399,401,native
ae0728a3e36e9a03e211f2ae3f8a73c386bdd68e-dirty,1,1,1,1,5,48,heuristic_trajectory,17,0,0,6,5,-758,0,773,775,native
ae0728a3e36e9a03e211f2ae3f8a73c386bdd68e-dirty,1,1,1,1,5,648,high_stack_holes,9,0,0,2,17,-2032,0,243,245,native
ae0728a3e36e9a03e211f2ae3f8a73c386bdd68e-dirty,1,1,1,1,5,348,random_trajectory,9,0,0,0,6,-2260,0,175,177,native
ae0728a3e36e9a03e211f2ae3f8a73c386bdd68e-dirty,1,1,1,1,5,933,blocked_spawn,34,0,3,5,17,-1614,0,1130,1132,native
ae0728a3e36e9a03e211f2ae3f8a73c386bdd68e-dirty,1,1,1,1,5,49,heuristic_trajectory,9,0,0,3,4,-527,0,413,415,native
ae0728a3e36e9a03e211f2ae3f8a73c386bdd68e-dirty,1,1,1,1,5,649,high_stack_holes,34,0,3,8,16,-2378,0,756,758,native
ae0728a3e36e9a03e211f2ae3f8a73c386bdd68e-dirty,1,1,1,1,5,349,random_trajectory,9,0,0,8,6,-1715,0,413,415,native
ae0728a3e36e9a03e211f2ae3f8a73c386bdd68e-dirty,1,1,1,1,5,938,blocked_spawn,17,0,1,8,0,-1661,0,671,673,native
ae0728a3e36e9a03e211f2ae3f8a73c386bdd68e-dirty,1,1,1,1,5,50,heuristic_trajectory,17,0,1,3,2,-406,0,773,775,native
ae0728a3e36e9a03e211f2ae3f8a73c386bdd68e-dirty,1,1,1,1,5,650,high_stack_holes,17,0,0,2,10,-1513,0,773,775,native
ae0728a3e36e9a03e211f2ae3f8a73c386bdd68e-dirty,1,1,1,1,5,350,random_trajectory,17,0,1,2,0,-677,0,773,775,native
ae0728a3e36e9a03e211f2ae3f8a73c386bdd68e-dirty,1,1,1,1,5,939,blocked_spawn,17,0,1,2,0,-1745,0,263,265,native
ae0728a3e36e9a03e211f2ae3f8a73c386bdd68e-dirty,1,1,1,1,5,51,heuristic_trajectory,17,0,1,9,1,-168,0,773,775,native
ae0728a3e36e9a03e211f2ae3f8a73c386bdd68e-dirty,1,1,1,1,5,651,high_stack_holes,17,0,1,1,16,-1897,0,501,503,native
ae0728a3e36e9a03e211f2ae3f8a73c386bdd68e-dirty,1,1,1,1,5,351,random_trajectory,17,0,1,2,0,-677,0,773,775,native
ae0728a3e36e9a03e211f2ae3f8a73c386bdd68e-dirty,1,1,1,1,5,940,blocked_spawn,34,0,0,4,0,-1152,0,1436,1438,native
ae0728a3e36e9a03e211f2ae3f8a73c386bdd68e-dirty,1,1,1,1,5,52,heuristic_trajectory,9,0,0,7,1,-377,0,413,415,native
ae0728a3e36e9a03e211f2ae3f8a73c386bdd68e-dirty,1,1,1,1,5,652,high_stack_holes,34,0,3,3,13,-2353,0,926,928,native
ae0728a3e36e9a03e211f2ae3f8a73c386bdd68e-dirty,1,1,1,1,5,352,random_trajectory,17,0,1,0,0,-925,0,773,775,native
ae0728a3e36e9a03e211f2ae3f8a73c386bdd68e-dirty,1,1,1,1,5,955,blocked_spawn,17,0,1,0,0,-1210,0,671,673,native
ae0728a3e36e9a03e211f2ae3f8a73c386bdd68e-dirty,1,1,1,1,5,53,heuristic_trajectory,34,0,2,5,5,-643,0,1538,1540,native
ae0728a3e36e9a03e211f2ae3f8a73c386bdd68e-dirty,1,1,1,1,5,653,high_stack_holes,9,0,0,0,0,-48,0,413,415,native
ae0728a3e36e9a03e211f2ae3f8a73c386bdd68e-dirty,1,1,1,1,5,353,random_trajectory,17,0,0,7,18,-2389,0,229,231,native
ae0728a3e36e9a03e211f2ae3f8a73c386bdd68e-dirty,1,1,1,1,5,960,blocked_spawn,17,0,0,4,0,-1400,0,535,537,native
ae0728a3e36e9a03e211f2ae3f8a73c386bdd68e-dirty,1,1,1,1,5,54,heuristic_trajectory,17,0,1,6,5,-655,0,773,775,native
ae0728a3e36e9a03e211f2ae3f8a73c386bdd68e-dirty,1,1,1,1,5,654,high_stack_holes,9,0,0,4,13,-1960,0,209,211,native
ae0728a3e36e9a03e211f2ae3f8a73c386bdd68e-dirty,1,1,1,1,5,354,random_trajectory,17,0,1,2,0,-400,0,773,775,native
ae0728a3e36e9a03e211f2ae3f8a73c386bdd68e-dirty,1,1,1,1,5,965,blocked_spawn,34,0,3,5,0,-1124,0,1300,1302,native
ae0728a3e36e9a03e211f2ae3f8a73c386bdd68e-dirty,1,1,1,1,5,55,heuristic_trajectory,17,0,0,1,2,-253,0,773,775,native
ae0728a3e36e9a03e211f2ae3f8a73c386bdd68e-dirty,1,1,1,1,5,655,high_stack_holes,17,0,1,8,16,-2406,0,365,367,native
ae0728a3e36e9a03e211f2ae3f8a73c386bdd68e-dirty,1,1,1,1,5,355,random_trajectory,17,0,1,2,0,-400,0,773,775,native
ae0728a3e36e9a03e211f2ae3f8a73c386bdd68e-dirty,1,1,1,1,5,966,blocked_spawn,34,0,1,2,0,-2107,0,960,962,native
ae0728a3e36e9a03e211f2ae3f8a73c386bdd68e-dirty,1,1,1,1,5,56,heuristic_trajectory,9,0,0,7,2,-325,0,413,415,native
ae0728a3e36e9a03e211f2ae3f8a73c386bdd68e-dirty,1,1,1,1,5,656,high_stack_holes,17,0,1,6,8,-1376,0,773,775,native
ae0728a3e36e9a03e211f2ae3f8a73c386bdd68e-dirty,1,1,1,1,5,356,random_trajectory,34,0,0,0,0,-52,0,1538,1540,native
ae0728a3e36e9a03e211f2ae3f8a73c386bdd68e-dirty,1,1,1,1,5,973,blocked_spawn,17,0,1,7,0,-1085,0,637,639,native
ae0728a3e36e9a03e211f2ae3f8a73c386bdd68e-dirty,1,1,1,1,5,57,heuristic_trajectory,34,0,0,7,2,-375,0,1538,1540,native
ae0728a3e36e9a03e211f2ae3f8a73c386bdd68e-dirty,1,1,1,1,5,657,high_stack_holes,17,0,1,2,15,-1876,0,365,367,native
ae0728a3e36e9a03e211f2ae3f8a73c386bdd68e-dirty,1,1,1,1,5,357,random_trajectory,17,0,0,7,18,-2389,0,229,231,native
ae0728a3e36e9a03e211f2ae3f8a73c386bdd68e-dirty,1,1,1,1,5,974,blocked_spawn,9,0,0,3,0,-1579,0,345,347,native
ae0728a3e36e9a03e211f2ae3f8a73c386bdd68e-dirty,1,1,1,1,5,58,heuristic_trajectory,34,0,1,0,0,-169,0,1538,1540,native
ae0728a3e36e9a03e211f2ae3f8a73c386bdd68e-dirty,1,1,1,1,5,658,high_stack_holes,17,0,1,1,16,-2661,0,331,333,native
ae0728a3e36e9a03e211f2ae3f8a73c386bdd68e-dirty,1,1,1,1,5,358,random_trajectory,17,0,1,2,0,-677,0,773,775,native
ae0728a3e36e9a03e211f2ae3f8a73c386bdd68e-dirty,1,1,1,1,5,975,blocked_spawn,17,0,0,5,0,-1445,0,569,571,native
ae0728a3e36e9a03e211f2ae3f8a73c386bdd68e-dirty,1,1,1,1,5,59,heuristic_trajectory,34,0,3,8,3,-448,0,1538,1540,native
ae0728a3e36e9a03e211f2ae3f8a73c386bdd68e-dirty,1,1,1,1,5,659,high_stack_holes,17,0,0,6,15,-1896,0,773,775,native
ae0728a3e36e9a03e211f2ae3f8a73c386bdd68e-dirty,1,1,1,1,5,359,random_trajectory,9,0,0,2,14,-1636,0,413,415,native
ae0728a3e36e9a03e211f2ae3f8a73c386bdd68e-dirty,1,1,1,1,5,978,blocked_spawn,9,0,0,7,0,-1808,0,209,211,native
ae0728a3e36e9a03e211f2ae3f8a73c386bdd68e-dirty,1,1,1,1,5,60,heuristic_trajectory,34,0,3,8,3,-417,0,1538,1540,native
ae0728a3e36e9a03e211f2ae3f8a73c386bdd68e-dirty,1,1,1,1,5,660,high_stack_holes,17,0,1,5,15,-1889,0,535,537,native
ae0728a3e36e9a03e211f2ae3f8a73c386bdd68e-dirty,1,1,1,1,5,360,random_trajectory,17,0,1,2,0,-400,0,773,775,native
ae0728a3e36e9a03e211f2ae3f8a73c386bdd68e-dirty,1,1,1,1,5,981,blocked_spawn,34,0,1,2,17,-1418,0,1028,1030,native
ae0728a3e36e9a03e211f2ae3f8a73c386bdd68e-dirty,1,1,1,1,5,61,heuristic_trajectory,34,0,2,4,1,-297,0,1538,1540,native
ae0728a3e36e9a03e211f2ae3f8a73c386bdd68e-dirty,1,1,1,1,5,661,high_stack_holes,34,0,3,5,9,-2063,0,926,928,native
ae0728a3e36e9a03e211f2ae3f8a73c386bdd68e-dirty,1,1,1,1,5,361,random_trajectory,34,0,3,2,16,-2176,0,892,894,native
ae0728a3e36e9a03e211f2ae3f8a73c386bdd68e-dirty,1,1,1,1,5,983,blocked_spawn,34,0,1,3,15,-2615,0,586,588,native
ae0728a3e36e9a03e211f2ae3f8a73c386bdd68e-dirty,1,1,1,1,5,62,heuristic_trajectory,34,0,2,0,2,-236,0,1538,1540,native
ae0728a3e36e9a03e211f2ae3f8a73c386bdd68e-dirty,1,1,1,1,5,662,high_stack_holes,34,0,0,7,0,-48,0,1538,1540,native
ae0728a3e36e9a03e211f2ae3f8a73c386bdd68e-dirty,1,1,1,1,5,362,random_trajectory,17,0,1,2,0,-677,0,773,775,native
ae0728a3e36e9a03e211f2ae3f8a73c386bdd68e-dirty,1,1,1,1,5,991,blocked_spawn,34,0,1,8,0,-2210,0,824,826,native
ae0728a3e36e9a03e211f2ae3f8a73c386bdd68e-dirty,1,1,1,1,5,63,heuristic_trajectory,34,0,2,7,0,-162,0,1538,1540,native
ae0728a3e36e9a03e211f2ae3f8a73c386bdd68e-dirty,1,1,1,1,5,663,high_stack_holes,34,0,2,2,16,-2060,0,756,758,native
ae0728a3e36e9a03e211f2ae3f8a73c386bdd68e-dirty,1,1,1,1,5,363,random_trajectory,17,0,0,3,12,-1271,0,773,775,native
ae0728a3e36e9a03e211f2ae3f8a73c386bdd68e-dirty,1,1,1,1,5,995,blocked_spawn,17,0,1,8,0,-1823,0,603,605,native
ae0728a3e36e9a03e211f2ae3f8a73c386bdd68e-dirty,1,1,1,1,5,64,heuristic_trajectory,17,0,1,0,0,-302,0,773,775,native
ae0728a3e36e9a03e211f2ae3f8a73c386bdd68e-dirty,1,1,1,1,5,664,high_stack_holes,9,0,0,2,17,-2638,0,243,245,native
ae0728a3e36e9a03e211f2ae3f8a73c386bdd68e-dirty,1,1,1,1,5,364,random_trajectory,9,0,0,0,0,0,1,107,109,native
ae0728a3e36e9a03e211f2ae3f8a73c386bdd68e-dirty,1,1,1,1,5,996,blocked_spawn,34,0,3,3,0,-1484,0,1096,1098,native
ae0728a3e36e9a03e211f2ae3f8a73c386bdd68e-dirty,1,1,1,1,5,65,heuristic_trajectory,34,0,3,0,3,-388,0,1538,1540,native
ae0728a3e36e9a03e211f2ae3f8a73c386bdd68e-dirty,1,1,1,1,5,665,high_stack_holes,17,0,1,1,11,-1691,0,773,775,native
ae0728a3e36e9a03e211f2ae3f8a73c386bdd68e-dirty,1,1,1,1,5,365,random_trajectory,17,0,0,3,12,-1271,0,773,775,native
ae0728a3e36e9a03e211f2ae3f8a73c386bdd68e-dirty,1,1,1,1,5,997,blocked_spawn,17,0,1,5,0,-1744,0,467,469,native
ae0728a3e36e9a03e211f2ae3f8a73c386bdd68e-dirty,1,1,1,1,5,66,heuristic_trajectory,34,0,0,5,2,-331,0,1538,1540,native
ae0728a3e36e9a03e211f2ae3f8a73c386bdd68e-dirty,1,1,1,1,5,666,high_stack_holes,9,0,0,1,15,-1796,0,345,347,native
ae0728a3e36e9a03e211f2ae3f8a73c386bdd68e-dirty,1,1,1,1,5,366,random_trajectory,17,0,1,0,0,-925,0,773,775,native
ae0728a3e36e9a03e211f2ae3f8a73c386bdd68e-dirty,1,1,1,1,5,67,heuristic_trajectory,17,0,0,7,2,-378,0,773,775,native
ae0728a3e36e9a03e211f2ae3f8a73c386bdd68e-dirty,1,1,1,1,5,667,high_stack_holes,34,0,1,0,17,-2644,0,722,724,native
ae0728a3e36e9a03e211f2ae3f8a73c386bdd68e-dirty,1,1,1,1,5,367,random_trajectory,34,0,1,8,11,-2430,0,484,486,native
ae0728a3e36e9a03e211f2ae3f8a73c386bdd68e-dirty,1,1,1,1,5,68,heuristic_trajectory,34,0,2,6,2,-390,0,1538,1540,native
ae0728a3e36e9a03e211f2ae3f8a73c386bdd68e-dirty,1,1,1,1,5,668,high_stack_holes,34,0,1,3,12,-2035,0,1538,1540,native
ae0728a3e36e9a03e211f2ae3f8a73c386bdd68e-dirty,1,1,1,1,5,368,random_trajectory,9,0,0,2,14,-1636,0,413,415,native
ae0728a3e36e9a03e211f2ae3f8a73c386bdd68e-dirty,1,1,1,1,5,69,heuristic_trajectory,17,0,0,6,0,-61,0,773,775,native
ae0728a3e36e9a03e211f2ae3f8a73c386bdd68e-dirty,1,1,1,1,5,669,high_stack_holes,9,0,0,1,15,-1838,0,379,381,native
ae0728a3e36e9a03e211f2ae3f8a73c386bdd68e-dirty,1,1,1,1,5,369,random_trajectory,17,0,0,7,18,-2389,0,229,231,native
ae0728a3e36e9a03e211f2ae3f8a73c386bdd68e-dirty,1,1,1,1,5,70,heuristic_trajectory,17,0,1,8,2,-382,0,773,775,native
ae0728a3e36e9a03e211f2ae3f8a73c386bdd68e-dirty,1,1,1,1,5,670,high_stack_holes,34,0,1,1,15,-2425,0,858,860,native
ae0728a3e36e9a03e211f2ae3f8a73c386bdd68e-dirty,1,1,1,1,5,370,random_trajectory,34,0,1,8,8,-2394,0,484,486,native
ae0728a3e36e9a03e211f2ae3f8a73c386bdd68e-dirty,1,1,1,1,5,71,heuristic_trajectory,17,0,1,2,1,-238,0,773,775,native
ae0728a3e36e9a03e211f2ae3f8a73c386bdd68e-dirty,1,1,1,1,5,671,high_stack_holes,9,0,0,0,0,-48,0,413,415,native
ae0728a3e36e9a03e211f2ae3f8a73c386bdd68e-dirty,1,1,1,1,5,371,random_trajectory,34,0,3,2,0,-229,0,1538,1540,native
ae0728a3e36e9a03e211f2ae3f8a73c386bdd68e-dirty,1,1,1,1,5,72,heuristic_trajectory,34,0,3,0,3,-391,0,1538,1540,native
ae0728a3e36e9a03e211f2ae3f8a73c386bdd68e-dirty,1,1,1,1,5,672,high_stack_holes,17,0,1,1,17,-1938,0,569,571,native
ae0728a3e36e9a03e211f2ae3f8a73c386bdd68e-dirty,1,1,1,1,5,372,random_trajectory,17,0,1,0,0,-2413,0,229,231,native
ae0728a3e36e9a03e211f2ae3f8a73c386bdd68e-dirty,1,1,1,1,5,73,heuristic_trajectory,9,0,0,1,2,-378,0,413,415,native
ae0728a3e36e9a03e211f2ae3f8a73c386bdd68e-dirty,1,1,1,1,5,673,high_stack_holes,17,0,1,7,16,-2405,0,535,537,native
ae0728a3e36e9a03e211f2ae3f8a73c386bdd68e-dirty,1,1,1,1,5,373,random_trajectory,34,0,3,2,0,-229,0,1538,1540,native
ae0728a3e36e9a03e211f2ae3f8a73c386bdd68e-dirty,1,1,1,1,5,74,heuristic_trajectory,17,0,1,9,4,-573,0,773,775,native
ae0728a3e36e9a03e211f2ae3f8a73c386bdd68e-dirty,1,1,1,1,5,674,high_stack_holes,17,0,1,9,5,-858,0,773,775,native
ae0728a3e36e9a03e211f2ae3f8a73c386bdd68e-dirty,1,1,1,1,5,374,random_trajectory,34,0,0,1,16,-2062,0,1198,1200,native
ae0728a3e36e9a03e211f2ae3f8a73c386bdd68e-dirty,1,1,1,1,5,75,heuristic_trajectory,34,0,2,0,0,-217,0,1538,1540,native
ae0728a3e36e9a03e211f2ae3f8a73c386bdd68e-dirty,1,1,1,1,5,675,high_stack_holes,17,0,1,2,13,-1857,0,637,639,native
ae0728a3e36e9a03e211f2ae3f8a73c386bdd68e-dirty,1,1,1,1,5,375,random_trajectory,9,0,0,2,14,-1636,0,413,415,native
ae0728a3e36e9a03e211f2ae3f8a73c386bdd68e-dirty,1,1,1,1,5,76,heuristic_trajectory,17,0,1,8,1,-197,0,773,775,native
ae0728a3e36e9a03e211f2ae3f8a73c386bdd68e-dirty,1,1,1,1,5,676,high_stack_holes,34,0,1,0,16,-2351,0,1062,1064,native
ae0728a3e36e9a03e211f2ae3f8a73c386bdd68e-dirty,1,1,1,1,5,376,random_trajectory,17,0,1,0,16,-2282,0,399,401,native
ae0728a3e36e9a03e211f2ae3f8a73c386bdd68e-dirty,1,1,1,1,5,77,heuristic_trajectory,9,0,0,4,2,-338,0,413,415,native
ae0728a3e36e9a03e211f2ae3f8a73c386bdd68e-dirty,1,1,1,1,5,677,high_stack_holes,17,0,1,7,16,-1826,0,467,469,native
ae0728a3e36e9a03e211f2ae3f8a73c386bdd68e-dirty,1,1,1,1,5,377,random_trajectory,34,0,3,8,0,-126,0,1538,1540,native
ae0728a3e36e9a03e211f2ae3f8a73c386bdd68e-dirty,1,1,1,1,5,78,heuristic_trajectory,17,0,0,4,2,-460,0,773,775,native
ae0728a3e36e9a03e211f2ae3f8a73c386bdd68e-dirty,1,1,1,1,5,678,high_stack_holes,34,0,1,5,12,-1820,0,1198,1200,native
ae0728a3e36e9a03e211f2ae3f8a73c386bdd68e-dirty,1,1,1,1,5,378,random_trajectory,34,0,1,8,11,-2430,0,484,486,native
ae0728a3e36e9a03e211f2ae3f8a73c386bdd68e-dirty,1,1,1,1,5,79,heuristic_trajectory,9,0,0,8,4,-488,0,413,415,native
ae0728a3e36e9a03e211f2ae3f8a73c386bdd68e-dirty,1,1,1,1,5,679,high_stack_holes,9,0,0,1,15,-2374,0,311,313,native
ae0728a3e36e9a03e211f2ae3f8a73c386bdd68e-dirty,1,1,1,1,5,379,random_trajectory,34,0,3,8,17,-2278,0,722,724,native
ae0728a3e36e9a03e211f2ae3f8a73c386bdd68e-dirty,1,1,1,1,5,80,heuristic_trajectory,17,0,0,3,3,-415,0,773,775,native
ae0728a3e36e9a03e211f2ae3f8a73c386bdd68e-dirty,1,1,1,1,5,680,high_stack_holes,17,0,1,4,6,-946,0,773,775,native
ae0728a3e36e9a03e211f2ae3f8a73c386bdd68e-dirty,1,1,1,1,5,380,random_trajectory,9,0,0,2,14,-1636,0,413,415,native
ae0728a3e36e9a03e211f2ae3f8a73c386bdd68e-dirty,1,1,1,1,5,81,heuristic_trajectory,17,0,1,8,1,-197,0,773,775,native
ae0728a3e36e9a03e211f2ae3f8a73c386bdd68e-dirty,1,1,1,1,5,681,high_stack_holes,17,0,1,0,13,-1743,0,637,639,native
ae0728a3e36e9a03e211f2ae3f8a73c386bdd68e-dirty,1,1,1,1,5,381,random_trajectory,17,0,1,0,0,-2413,0,229,231,native
ae0728a3e36e9a03e211f2ae3f8a73c386bdd68e-dirty,1,1,1,1,5,82,heuristic_trajectory,9,0,0,7,2,-325,0,413,415,native
ae0728a3e36e9a03e211f2ae3f8a73c386bdd68e-dirty,1,1,1,1,5,682,high_stack_holes,9,0,0,8,6,-2275,0,209,211,native
ae0728a3e36e9a03e211f2ae3f8a73c386bdd68e-dirty,1,1,1,1,5,382,random_trajectory,9,0,0,0,0,0,1,107,109,native
ae0728a3e36e9a03e211f2ae3f8a73c386bdd68e-dirty,1,1,1,1,5,83,heuristic_trajectory,17,0,1,8,2,-383,0,773,775,native
ae0728a3e36e9a03e211f2ae3f8a73c386bdd68e-dirty,1,1,1,1,5,683,high_stack_holes,34,0,2,1,15,-2044,0,1538,1540,native
ae0728a3e36e9a03e211f2ae3f8a73c386bdd68e-dirty,1,1,1,1,5,383,random_trajectory,34,0,0,0,16,-1932,0,1538,1540,native
ae0728a3e36e9a03e211f2ae3f8a73c386bdd68e-dirty,1,1,1,1,5,84,heuristic_trajectory,34,0,2,6,2,-370,0,1538,1540,native
ae0728a3e36e9a03e211f2ae3f8a73c386bdd68e-dirty,1,1,1,1,5,684,high_stack_holes,17,0,1,1,15,-1781,0,739,741,native
ae0728a3e36e9a03e211f2ae3f8a73c386bdd68e-dirty,1,1,1,1,5,384,random_trajectory,34,0,3,8,17,-2278,0,722,724,native
ae0728a3e36e9a03e211f2ae3f8a73c386bdd68e-dirty,1,1,1,1,5,85,heuristic_trajectory,34,0,2,4,2,-399,0,1538,1540,native
ae0728a3e36e9a03e211f2ae3f8a73c386bdd68e-dirty,1,1,1,1,5,685,high_stack_holes,34,0,1,5,17,-2609,0,416,418,native
ae0728a3e36e9a03e211f2ae3f8a73c386bdd68e-dirty,1,1,1,1,5,385,random_trajectory,34,0,3,8,17,-2278,0,722,724,native
ae0728a3e36e9a03e211f2ae3f8a73c386bdd68e-dirty,1,1,1,1,5,86,heuristic_trajectory,9,0,0,0,3,-395,0,413,415,native
ae0728a3e36e9a03e211f2ae3f8a73c386bdd68e-dirty,1,1,1,1,5,686,high_stack_holes,17,0,1,1,3,-484,0,773,775,native
ae0728a3e36e9a03e211f2ae3f8a73c386bdd68e-dirty,1,1,1,1,5,386,random_trajectory,9,0,0,8,14,-2178,0,141,143,native
ae0728a3e36e9a03e211f2ae3f8a73c386bdd68e-dirty,1,1,1,1,5,87,heuristic_trajectory,34,0,2,2,0,-208,0,1538,1540,native
ae0728a3e36e9a03e211f2ae3f8a73c386bdd68e-dirty,1,1,1,1,5,687,high_stack_holes,17,0,1,6,15,-2028,0,433,435,native
ae0728a3e36e9a03e211f2ae3f8a73c386bdd68e-dirty,1,1,1,1,5,387,random_trajectory,34,0,3,2,16,-2176,0,892,894,native
ae0728a3e36e9a03e211f2ae3f8a73c386bdd68e-dirty,1,1,1,1,5,88,heuristic_trajectory,17,0,0,6,2,-193,0,773,775,native
ae0728a3e36e9a03e211f2ae3f8a73c386bdd68e-dirty,1,1,1,1,5,688,high_stack_holes,34,0,1,4,5,-2348,0,994,996,native
ae0728a3e36e9a03e211f2ae3f8a73c386bdd68e-dirty,1,1,1,1,5,388,random_trajectory,34,0,0,1,16,-2062,0,1198,1200,native
ae0728a3e36e9a03e211f2ae3f8a73c386bdd68e-dirty,1,1,1,1,5,89,heuristic_trajectory,17,0,0,6,3,-435,0,773,775,native
ae0728a3e36e9a03e211f2ae3f8a73c386bdd68e-dirty,1,1,1,1,5,689,high_stack_holes,17,0,1,2,6,-808,0,773,775,native
ae0728a3e36e9a03e211f2ae3f8a73c386bdd68e-dirty,1,1,1,1,5,389,random_trajectory,17,0,0,4,16,-1997,0,739,741,native
ae0728a3e36e9a03e211f2ae3f8a73c386bdd68e-dirty,1,1,1,1,5,90,heuristic_trajectory,17,0,0,4,0,-208,0,773,775,native
ae0728a3e36e9a03e211f2ae3f8a73c386bdd68e-dirty,1,1,1,1,5,690,high_stack_holes,17,0,1,2,16,-1963,0,365,367,native
ae0728a3e36e9a03e211f2ae3f8a73c386bdd68e-dirty,1,1,1,1,5,390,random_trajectory,34,0,1,8,8,-2394,0,484,486,native
ae0728a3e36e9a03e211f2ae3f8a73c386bdd68e-dirty,1,1,1,1,5,91,heuristic_trajectory,9,0,0,0,7,-724,0,413,415,native
ae0728a3e36e9a03e211f2ae3f8a73c386bdd68e-dirty,1,1,1,1,5,691,high_stack_holes,34,0,3,0,1,-2259,0,620,622,native
ae0728a3e36e9a03e211f2ae3f8a73c386bdd68e-dirty,1,1,1,1,5,391,random_trajectory,34,0,0,0,0,-52,0,1538,1540,native
ae0728a3e36e9a03e211f2ae3f8a73c386bdd68e-dirty,1,1,1,1,5,92,heuristic_trajectory,9,0,0,1,2,-281,0,413,415,native
ae0728a3e36e9a03e211f2ae3f8a73c386bdd68e-dirty,1,1,1,1,5,692,high_stack_holes,34,0,0,0,0,0,1,382,384,native
ae0728a3e36e9a03e211f2ae3f8a73c386bdd68e-dirty,1,1,1,1,5,392,random_trajectory,34,0,0,3,14,-1554,0,1538,1540,native
ae0728a3e36e9a03e211f2ae3f8a73c386bdd68e-dirty,1,1,1,1,5,93,heuristic_trajectory,9,0,0,8,6,-661,0,413,415,native
ae0728a3e36e9a03e211f2ae3f8a73c386bdd68e-dirty,1,1,1,1,5,693,high_stack_holes,34,0,1,1,16,-1928,0,926,928,native
ae0728a3e36e9a03e211f2ae3f8a73c386bdd68e-dirty,1,1,1,1,5,393,random_trajectory,34,0,3,8,0,-1476,0,1538,1540,native
ae0728a3e36e9a03e211f2ae3f8a73c386bdd68e-dirty,1,1,1,1,5,94,heuristic_trajectory,34,0,1,5,1,-366,0,1538,1540,native
ae0728a3e36e9a03e211f2ae3f8a73c386bdd68e-dirty,1,1,1,1,5,694,high_stack_holes,17,0,1,5,7,-1917,0,773,775,native
ae0728a3e36e9a03e211f2ae3f8a73c386bdd68e-dirty,1,1,1,1,5,394,random_trajectory,17,0,1,0,0,-2413,0,229,231,native
ae0728a3e36e9a03e211f2ae3f8a73c386bdd68e-dirty,1,1,1,1,5,95,heuristic_trajectory,34,0,2,3,0,-268,0,1538,1540,native
ae0728a3e36e9a03e211f2ae3f8a73c386bdd68e-dirty,1,1,1,1,5,695,high_stack_holes,34,0,1,0,7,-814,0,1538,1540,native
ae0728a3e36e9a03e211f2ae3f8a73c386bdd68e-dirty,1,1,1,1,5,395,random_trajectory,34,0,1,8,11,-2430,0,484,486,native
ae0728a3e36e9a03e211f2ae3f8a73c386bdd68e-dirty,1,1,1,1,5,96,heuristic_trajectory,17,0,0,6,5,-758,0,773,775,native
ae0728a3e36e9a03e211f2ae3f8a73c386bdd68e-dirty,1,1,1,1,5,696,high_stack_holes,9,0,0,1,12,-1913,0,209,211,native
ae0728a3e36e9a03e211f2ae3f8a73c386bdd68e-dirty,1,1,1,1,5,396,random_trajectory,17,0,1,0,16,-2282,0,399,401,native
ae0728a3e36e9a03e211f2ae3f8a73c386bdd68e-dirty,1,1,1,1,5,97,heuristic_trajectory,34,0,1,0,2,-424,0,1538,1540,native
ae0728a3e36e9a03e211f2ae3f8a73c386bdd68e-dirty,1,1,1,1,5,697,high_stack_holes,17,0,1,4,3,-1765,0,535,537,native
ae0728a3e36e9a03e211f2ae3f8a73c386bdd68e-dirty,1,1,1,1,5,397,random_trajectory,34,0,1,8,8,-2394,0,484,486,native
ae0728a3e36e9a03e211f2ae3f8a73c386bdd68e-dirty,1,1,1,1,5,98,heuristic_trajectory,34,0,3,8,5,-667,0,1538,1540,native
ae0728a3e36e9a03e211f2ae3f8a73c386bdd68e-dirty,1,1,1,1,5,698,high_stack_holes,17,0,1,7,7,-1017,0,773,775,native
ae0728a3e36e9a03e211f2ae3f8a73c386bdd68e-dirty,1,1,1,1,5,398,random_trajectory,17,0,1,0,0,-925,0,773,775,native
ae0728a3e36e9a03e211f2ae3f8a73c386bdd68e-dirty,1,1,1,1,5,99,heuristic_trajectory,34,0,3,8,5,-667,0,1538,1540,native
ae0728a3e36e9a03e211f2ae3f8a73c386bdd68e-dirty,1,1,1,1,5,699,high_stack_holes,17,0,1,4,14,-2024,0,467,469,native
ae0728a3e36e9a03e211f2ae3f8a73c386bdd68e-dirty,1,1,1,1,5,399,random_trajectory,9,0,0,3,17,-2250,0,209,211,native
ae0728a3e36e9a03e211f2ae3f8a73c386bdd68e-dirty,1,1,1,1,5,100,heuristic_trajectory,17,0,0,1,2,-390,0,773,775,native
ae0728a3e36e9a03e211f2ae3f8a73c386bdd68e-dirty,1,1,1,1,5,700,high_stack_holes,34,0,1,0,16,-2296,0,824,826,native
ae0728a3e36e9a03e211f2ae3f8a73c386bdd68e-dirty,1,1,1,1,5,400,random_trajectory,34,0,1,6,12,-1918,0,1538,1540,native
ae0728a3e36e9a03e211f2ae3f8a73c386bdd68e-dirty,1,1,1,1,5,101,heuristic_trajectory,17,0,0,4,3,-447,0,773,775,native
ae0728a3e36e9a03e211f2ae3f8a73c386bdd68e-dirty,1,1,1,1,5,701,high_stack_holes,34,0,2,3,14,-1589,0,1538,1540,native
ae0728a3e36e9a03e211f2ae3f8a73c386bdd68e-dirty,1,1,1,1,5,401,random_trajectory,34,0,3,2,1,-375,0,1538,1540,native
ae0728a3e36e9a03e211f2ae3f8a73c386bdd68e-dirty,1,1,1,1,5,102,heuristic_trajectory,17,0,0,4,3,-466,0,773,775,native
ae0728a3e36e9a03e211f2ae3f8a73c386bdd68e-dirty,1,1,1,1,5,702,high_stack_holes,9,0,0,0,14,-1903,0,311,313,native
ae0728a3e36e9a03e211f2ae3f8a73c386bdd68e-dirty,1,1,1,1,5,402,random_trajectory,34,0,0,7,0,-227,0,1538,1540,native
ae0728a3e36e9a03e211f2ae3f8a73c386bdd68e-dirty,1,1,1,1,5,103,heuristic_trajectory,34,0,2,6,0,-164,0,1538,1540,native
ae0728a3e36e9a03e211f2ae3f8a73c386bdd68e-dirty,1,1,1,1,5,703,high_stack_holes,17,0,1,0,17,-2383,0,365,367,native
ae0728a3e36e9a03e211f2ae3f8a73c386bdd68e-dirty,1,1,1,1,5,403,random_trajectory,9,0,0,5,0,-96,0,413,415,native
ae0728a3e36e9a03e211f2ae3f8a73c386bdd68e-dirty,1,1,1,1,5,104,heuristic_trajectory,34,0,0,7,1,-133,0,1538,1540,native
ae0728a3e36e9a03e211f2ae3f8a73c386bdd68e-dirty,1,1,1,1,5,704,high_stack_holes,17,0,0,0,0,-65,0,773,775,native
ae0728a3e36e9a03e211f2ae3f8a73c386bdd68e-dirty,1,1,1,1,5,404,random_trajectory,34,0,3,2,1,-375,0,1538,1540,native
ae0728a3e36e9a03e211f2ae3f8a73c386bdd68e-dirty,1,1,1,1,5,105,heuristic_trajectory,9,0,0,3,7,-789,0,413,415,native
ae0728a3e36e9a03e211f2ae3f8a73c386bdd68e-dirty,1,1,1,1,5,705,high_stack_holes,9,0,0,3,14,-1973,0,311,313,native
ae0728a3e36e9a03e211f2ae3f8a73c386bdd68e-dirty,1,1,1,1,5,405,random_trajectory,17,0,1,3,9,-2053,0,671,673,native
ae0728a3e36e9a03e211f2ae3f8a73c386bdd68e-dirty,1,1,1,1,5,106,heuristic_trajectory,34,0,2,4,3,-532,0,1538,1540,native
ae0728a3e36e9a03e211f2ae3f8a73c386bdd68e-dirty,1,1,1,1,5,706,high_stack_holes,17,0,1,2,17,-2409,0,297,299,native
ae0728a3e36e9a03e211f2ae3f8a73c386bdd68e-dirty,1,1,1,1,5,406,random_trajectory,34,0,1,6,12,-1918,0,1538,1540,native
ae0728a3e36e9a03e211f2ae3f8a73c386bdd68e-dirty,1,1,1,1,5,107,heuristic_trajectory,34,0,1,3,3,-476,0,1538,1540,native
ae0728a3e36e9a03e211f2ae3f8a73c386bdd68e-dirty,1,1,1,1,5,707,high_stack_holes,34,0,3,4,4,-730,0,1538,1540,native
ae0728a3e36e9a03e211f2ae3f8a73c386bdd68e-dirty,1,1,1,1,5,407,random_trajectory,17,0,1,3,9,-2053,0,671,673,native
ae0728a3e36e9a03e211f2ae3f8a73c386bdd68e-dirty,1,1,1,1,5,108,heuristic_trajectory,34,0,2,2,5,-706,0,1538,1540,native
ae0728a3e36e9a03e211f2ae3f8a73c386bdd68e-dirty,1,1,1,1,5,708,high_stack_holes,34,0,1,8,11,-1647,0,1266,1268,native
ae0728a3e36e9a03e211f2ae3f8a73c386bdd68e-dirty,1,1,1,1,5,408,random_trajectory,34,0,1,6,8,-1121,0,1538,1540,native
ae0728a3e36e9a03e211f2ae3f8a73c386bdd68e-dirty,1,1,1,1,5,109,heuristic_trajectory,17,0,1,8,0,-41,0,773,775,native
ae0728a3e36e9a03e211f2ae3f8a73c386bdd68e-dirty,1,1,1,1,5,709,high_stack_holes,9,0,0,4,17,-2377,0,311,313,native
ae0728a3e36e9a03e211f2ae3f8a73c386bdd68e-dirty,1,1,1,1,5,409,random_trajectory,34,0,0,0,14,-2291,0,1266,1268,native
ae0728a3e36e9a03e211f2ae3f8a73c386bdd68e-dirty,1,1,1,1,5,110,heuristic_trajectory,34,0,2,2,1,-246,0,1538,1540,native
ae0728a3e36e9a03e211f2ae3f8a73c386bdd68e-dirty,1,1,1,1,5,710,high_stack_holes,17,0,1,3,11,-1735,0,773,775,native
ae0728a3e36e9a03e211f2ae3f8a73c386bdd68e-dirty,1,1,1,1,5,410,random_trajectory,34,0,3,8,1,-1461,0,1538,1540,native
ae0728a3e36e9a03e211f2ae3f8a73c386bdd68e-dirty,1,1,1,1,5,111,heuristic_trajectory,34,0,3,8,5,-627,0,1538,1540,native
ae0728a3e36e9a03e211f2ae3f8a73c386bdd68e-dirty,1,1,1,1,5,711,high_stack_holes,17,0,1,3,0,-1560,0,603,605,native
ae0728a3e36e9a03e211f2ae3f8a73c386bdd68e-dirty,1,1,1,1,5,411,random_trajectory,34,0,1,6,12,-1918,0,1538,1540,native
ae0728a3e36e9a03e211f2ae3f8a73c386bdd68e-dirty,1,1,1,1,5,112,heuristic_trajectory,34,0,0,3,9,-958,0,1538,1540,native
ae0728a3e36e9a03e211f2ae3f8a73c386bdd68e-dirty,1,1,1,1,5,712,high_stack_holes,17,0,1,0,17,-2481,0,501,503,native
ae0728a3e36e9a03e211f2ae3f8a73c386bdd68e-dirty,1,1,1,1,5,412,random_trajectory,34,0,3,2,1,-375,0,1538,1540,native
ae0728a3e36e9a03e211f2ae3f8a73c386bdd68e-dirty,1,1,1,1,5,113,heuristic_trajectory,34,0,2,4,2,-350,0,1538,1540,native
ae0728a3e36e9a03e211f2ae3f8a73c386bdd68e-dirty,1,1,1,1,5,713,high_stack_holes,34,0,1,2,7,-2310,0,688,690,native
ae0728a3e36e9a03e211f2ae3f8a73c386bdd68e-dirty,1,1,1,1,5,413,random_trajectory,17,0,0,0,0,0,1,195,197,native
ae0728a3e36e9a03e211f2ae3f8a73c386bdd68e-dirty,1,1,1,1,5,114,heuristic_trajectory,34,0,2,7,2,-383,0,1538,1540,native
ae0728a3e36e9a03e211f2ae3f8a73c386bdd68e-dirty,1,1,1,1,5,714,high_stack_holes,34,0,1,3,15,-2035,0,824,826,native
ae0728a3e36e9a03e211f2ae3f8a73c386bdd68e-dirty,1,1,1,1,5,414,random_trajectory,17,0,1,3,9,-2053,0,671,673,native
ae0728a3e36e9a03e211f2ae3f8a73c386bdd68e-dirty,1,1,1,1,5,115,heuristic_trajectory,17,0,0,3,2,-326,0,773,775,native
ae0728a3e36e9a03e211f2ae3f8a73c386bdd68e-dirty,1,1,1,1,5,715,high_stack_holes,17,0,1,1,6,-2337,0,603,605,native
ae0728a3e36e9a03e211f2ae3f8a73c386bdd68e-dirty,1,1,1,1,5,415,random_trajectory,17,0,1,3,9,-2053,0,671,673,native
ae0728a3e36e9a03e211f2ae3f8a73c386bdd68e-dirty,1,1,1,1,5,116,heuristic_trajectory,34,0,1,0,4,-761,0,1538,1540,native
ae0728a3e36e9a03e211f2ae3f8a73c386bdd68e-dirty,1,1,1,1,5,716,high_stack_holes,34,0,2,6,13,-1774,0,1538,1540,native
ae0728a3e36e9a03e211f2ae3f8a73c386bdd68e-dirty,1,1,1,1,5,416,random_trajectory,9,0,0,0,3,-984,0,413,415,native
ae0728a3e36e9a03e211f2ae3f8a73c386bdd68e-dirty,1,1,1,1,5,117,heuristic_trajectory,17,0,0,5,6,-725,0,773,775,native
ae0728a3e36e9a03e211f2ae3f8a73c386bdd68e-dirty,1,1,1,1,5,717,high_stack_holes,17,0,0,6,15,-1855,0,399,401,native
ae0728a3e36e9a03e211f2ae3f8a73c386bdd68e-dirty,1,1,1,1,5,417,random_trajectory,34,0,1,6,8,-1121,0,1538,1540,native
ae0728a3e36e9a03e211f2ae3f8a73c386bdd68e-dirty,1,1,1,1,5,118,heuristic_trajectory,17,0,1,6,5,-849,0,773,775,native
ae0728a3e36e9a03e211f2ae3f8a73c386bdd68e-dirty,1,1,1,1,5,718,high_stack_holes,17,0,1,3,16,-2634,0,467,469,native
ae0728a3e36e9a03e211f2ae3f8a73c386bdd68e-dirty,1,1,1,1,5,418,random_trajectory,17,0,1,6,8,-1048,0,773,775,native
ae0728a3e36e9a03e211f2ae3f8a73c386bdd68e-dirty,1,1,1,1,5,119,heuristic_trajectory,9,0,0,4,1,-164,0,413,415,native
ae0728a3e36e9a03e211f2ae3f8a73c386bdd68e-dirty,1,1,1,1,5,719,high_stack_holes,34,0,3,2,12,-1996,0,1538,1540,native
ae0728a3e36e9a03e211f2ae3f8a73c386bdd68e-dirty,1,1,1,1,5,419,random_trajectory,9,0,0,5,0,-96,0,413,415,native
ae0728a3e36e9a03e211f2ae3f8a73c386bdd68e-dirty,1,1,1,1,5,120,heuristic_trajectory,17,0,1,4,7,-787,0,773,775,native
ae0728a3e36e9a03e211f2ae3f8a73c386bdd68e-dirty,1,1,1,1,5,720,high_stack_holes,17,0,1,6,14,-2022,0,331,333,native
ae0728a3e36e9a03e211f2ae3f8a73c386bdd68e-dirty,1,1,1,1,5,420,random_trajectory,9,0,0,5,0,-96,0,413,415,native
ae0728a3e36e9a03e211f2ae3f8a73c386bdd68e-dirty,1,1,1,1,5,121,heuristic_trajectory,34,0,1,8,2,-451,0,1538,1540,native
ae0728a3e36e9a03e211f2ae3f8a73c386bdd68e-dirty,1,1,1,1,5,721,high_stack_holes,17,0,0,0,0,0,1,195,197,native
ae0728a3e36e9a03e211f2ae3f8a73c386bdd68e-dirty,1,1,1,1,5,421,random_trajectory,34,0,3,2,1,-375,0,1538,1540,native
ae0728a3e36e9a03e211f2ae3f8a73c386bdd68e-dirty,1,1,1,1,5,122,heuristic_trajectory,34,0,3,8,2,-255,0,1538,1540,native
ae0728a3e36e9a03e211f2ae3f8a73c386bdd68e-dirty,1,1,1,1,5,722,high_stack_holes,34,0,0,2,0,-72,0,1538,1540,native
ae0728a3e36e9a03e211f2ae3f8a73c386bdd68e-dirty,1,1,1,1,5,422,random_trajectory,17,0,0,7,0,-351,0,773,775,native
ae0728a3e36e9a03e211f2ae3f8a73c386bdd68e-dirty,1,1,1,1,5,123,heuristic_trajectory,34,0,0,6,3,-446,0,1538,1540,native
ae0728a3e36e9a03e211f2ae3f8a73c386bdd68e-dirty,1,1,1,1,5,723,high_stack_holes,17,0,1,3,13,-1912,0,399,401,native
ae0728a3e36e9a03e211f2ae3f8a73c386bdd68e-dirty,1,1,1,1,5,423,random_trajectory,34,0,0,7,0,-227,0,1538,1540,native
ae0728a3e36e9a03e211f2ae3f8a73c386bdd68e-dirty,1,1,1,1,5,124,heuristic_trajectory,17,0,0,6,0,-89,0,773,775,native
ae0728a3e36e9a03e211f2ae3f8a73c386bdd68e-dirty,1,1,1,1,5,724,high_stack_holes,34,0,1,3,17,-2493,0,892,894,native
ae0728a3e36e9a03e211f2ae3f8a73c386bdd68e-dirty,1,1,1,1,5,424,random_trajectory,17,0,0,0,14,-2471,0,297,299,native
ae0728a3e36e9a03e211f2ae3f8a73c386bdd68e-dirty,1,1,1,1,5,125,heuristic_trajectory,34,0,1,0,3,-508,0,1538,1540,native
ae0728a3e36e9a03e211f2ae3f8a73c386bdd68e-dirty,1,1,1,1,5,725,high_stack_holes,34,0,1,8,5,-849,0,1538,1540,native
ae0728a3e36e9a03e211f2ae3f8a73c386bdd68e-dirty,1,1,1,1,5,425,random_trajectory,17,0,1,6,8,-1048,0,773,775,native
ae0728a3e36e9a03e211f2ae3f8a73c386bdd68e-dirty,1,1,1,1,5,126,heuristic_trajectory,17,0,0,6,0,-136,0,773,775,native
ae0728a3e36e9a03e211f2ae3f8a73c386bdd68e-dirty,1,1,1,1,5,726,high_stack_holes,17,0,1,6,11,-1786,0,467,469,native
ae0728a3e36e9a03e211f2ae3f8a73c386bdd68e-dirty,1,1,1,1,5,426,random_trajectory,17,0,1,4,14,-2006,0,773,775,native
ae0728a3e36e9a03e211f2ae3f8a73c386bdd68e-dirty,1,1,1,1,5,127,heuristic_trajectory,17,0,0,6,5,-614,0,773,775,native
ae0728a3e36e9a03e211f2ae3f8a73c386bdd68e-dirty,1,1,1,1,5,727,high_stack_holes,17,0,1,1,12,-2325,0,467,469,native
ae0728a3e36e9a03e211f2ae3f8a73c386bdd68e-dirty,1,1,1,1,5,427,random_trajectory,9,0,0,1,14,-2360,0,311,313,native
ae0728a3e36e9a03e211f2ae3f8a73c386bdd68e-dirty,1,1,1,1,5,128,heuristic_trajectory,34,0,3,2,0,-216,0,1538,1540,native
ae0728a3e36e9a03e211f2ae3f8a73c386bdd68e-dirty,1,1,1,1,5,728,high_stack_holes,17,0,1,8,10,-1384,0,773,775,native
ae0728a3e36e9a03e211f2ae3f8a73c386bdd68e-dirty,1,1,1,1,5,428,random_trajectory,34,0,1,1,3,-756,0,1538,1540,native
ae0728a3e36e9a03e211f2ae3f8a73c386bdd68e-dirty,1,1,1,1,5,129,heuristic_trajectory,34,0,2,0,5,-758,0,1538,1540,native
ae0728a3e36e9a03e211f2ae3f8a73c386bdd68e-dirty,1,1,1,1,5,729,high_stack_holes,34,0,1,2,15,-1816,0,1164,1166,native
ae0728a3e36e9a03e211f2ae3f8a73c386bdd68e-dirty,1,1,1,1,5,429,random_trajectory,17,0,1,8,1,-482,0,773,775,native
ae0728a3e36e9a03e211f2ae3f8a73c386bdd68e-dirty,1,1,1,1,5,130,heuristic_trajectory,17,0,0,2,6,-610,0,773,775,native
ae0728a3e36e9a03e211f2ae3f8a73c386bdd68e-dirty,1,1,1,1,5,730,high_stack_holes,17,0,1,8,16,-2431,0,535,537,native
ae0728a3e36e9a03e211f2ae3f8a73c386bdd68e-dirty,1,1,1,1,5,430,random_trajectory,34,0,0,7,0,-227,0,1538,1540,native
ae0728a3e36e9a03e211f2ae3f8a73c386bdd68e-dirty,1,1,1,1,5,131,heuristic_trajectory,17,0,1,6,0,-232,0,773,775,native
ae0728a3e36e9a03e211f2ae3f8a73c386bdd68e-dirty,1,1,1,1,5,731,high_stack_holes,17,0,1,8,12,-1361,0,773,775,native
ae0728a3e36e9a03e211f2ae3f8a73c386bdd68e-dirty,1,1,1,1,5,431,random_trajectory,17,0,1,0,16,-2594,0,263,265,native
ae0728a3e36e9a03e211f2ae3f8a73c386bdd68e-dirty,1,1,1,1,5,132,heuristic_trajectory,34,0,0,5,5,-709,0,1538,1540,native
ae0728a3e36e9a03e211f2ae3f8a73c386bdd68e-dirty,1,1,1,1,5,732,high_stack_holes,34,0,1,6,15,-1762,0,1164,1166,native
ae0728a3e36e9a03e211f2ae3f8a73c386bdd68e-dirty,1,1,1,1,5,432,random_trajectory,34,0,3,8,1,-1461,0,1538,1540,native
ae0728a3e36e9a03e211f2ae3f8a73c386bdd68e-dirty,1,1,1,1,5,133,heuristic_trajectory,34,0,1,1,2,-418,0,1538,1540,native
ae0728a3e36e9a03e211f2ae3f8a73c386bdd68e-dirty,1,1,1,1,5,733,high_stack_holes,9,0,0,7,10,-2410,0,277,279,native
ae0728a3e36e9a03e211f2ae3f8a73c386bdd68e-dirty,1,1,1,1,5,433,random_trajectory,17,0,0,0,0,0,1,195,197,native
ae0728a3e36e9a03e211f2ae3f8a73c386bdd68e-dirty,1,1,1,1,5,134,heuristic_trajectory,17,0,1,7,0,-168,0,773,775,native
ae0728a3e36e9a03e211f2ae3f8a73c386bdd68e-dirty,1,1,1,1,5,734,high_stack_holes,17,0,1,4,7,-1285,0,773,775,native
ae0728a3e36e9a03e211f2ae3f8a73c386bdd68e-dirty,1,1,1,1,5,434,random_trajectory,34,0,0,0,14,-2291,0,1266,1268,native
ae0728a3e36e9a03e211f2ae3f8a73c386bdd68e-dirty,1,1,1,1,5,135,heuristic_trajectory,17,0,1,7,0,-176,0,773,775,native
ae0728a3e36e9a03e211f2ae3f8a73c386bdd68e-dirty,1,1,1,1,5,735,high_stack_holes,17,0,1,3,16,-1904,0,501,503,native
ae0728a3e36e9a03e211f2ae3f8a73c386bdd68e-dirty,1,1,1,1,5,435,random_trajectory,9,0,0,5,0,-96,0,413,415,native
ae0728a3e36e9a03e211f2ae3f8a73c386bdd68e-dirty,1,1,1,1,5,136,heuristic_trajectory,17,0,1,9,2,-307,0,773,775,native
ae0728a3e36e9a03e211f2ae3f8a73c386bdd68e-dirty,1,1,1,1,5,736,high_stack_holes,34,0,1,0,17,-2107,0,1266,1268,native
ae0728a3e36e9a03e211f2ae3f8a73c386bdd68e-dirty,1,1,1,1,5,436,random_trajectory,34,0,0,7,0,-227,0,1538,1540,native
ae0728a3e36e9a03e211f2ae3f8a73c386bdd68e-dirty,1,1,1,1,5,137,heuristic_trajectory,34,0,2,1,2,-371,0,1538,1540,native
ae0728a3e36e9a03e211f2ae3f8a73c386bdd68e-dirty,1,1,1,1,5,737,high_stack_holes,34,0,3,1,14,-2389,0,1436,1438,native
ae0728a3e36e9a03e211f2ae3f8a73c386bdd68e-dirty,1,1,1,1,5,437,random_trajectory,34,0,0,0,14,-2413,0,824,826,native
ae0728a3e36e9a03e211f2ae3f8a73c386bdd68e-dirty,1,1,1,1,5,138,heuristic_trajectory,34,0,2,7,7,-848,0,1538,1540,native
ae0728a3e36e9a03e211f2ae3f8a73c386bdd68e-dirty,1,1,1,1,5,738,high_stack_holes,34,0,2,7,13,-1753,0,1334,1336,native
ae0728a3e36e9a03e211f2ae3f8a73c386bdd68e-dirty,1,1,1,1,5,438,random_trajectory,34,0,3,1,15,-2520,0,654,656,native
ae0728a3e36e9a03e211f2ae3f8a73c386bdd68e-dirty,1,1,1,1,5,139,heuristic_trajectory,34,0,1,8,0,-126,0,1538,1540,native
ae0728a3e36e9a03e211f2ae3f8a73c386bdd68e-dirty,1,1,1,1,5,739,high_stack_holes,17,0,0,0,0,0,1,195,197,native
ae0728a3e36e9a03e211f2ae3f8a73c386bdd68e-dirty,1,1,1,1,5,439,random_trajectory,17,0,0,0,14,-2471,0,297,299,native
ae0728a3e36e9a03e211f2ae3f8a73c386bdd68e-dirty,1,1,1,1,5,140,heuristic_trajectory,34,0,3,8,5,-627,0,1538,1540,native
ae0728a3e36e9a03e211f2ae3f8a73c386bdd68e-dirty,1,1,1,1,5,740,high_stack_holes,34,0,1,2,16,-2374,0,1300,1302,native
ae0728a3e36e9a03e211f2ae3f8a73c386bdd68e-dirty,1,1,1,1,5,440,random_trajectory,34,0,3,2,1,-375,0,1538,1540,native
ae0728a3e36e9a03e211f2ae3f8a73c386bdd68e-dirty,1,1,1,1,5,141,heuristic_trajectory,17,0,0,1,2,-323,0,773,775,native
ae0728a3e36e9a03e211f2ae3f8a73c386bdd68e-dirty,1,1,1,1,5,741,high_stack_holes,34,0,3,4,15,-1879,0,1300,1302,native
ae0728a3e36e9a03e211f2ae3f8a73c386bdd68e-dirty,1,1,1,1,5,441,random_trajectory,17,0,1,8,1,-1531,0,773,775,native
ae0728a3e36e9a03e211f2ae3f8a73c386bdd68e-dirty,1,1,1,1,5,142,heuristic_trajectory,17,0,0,5,6,-850,0,773,775,native
ae0728a3e36e9a03e211f2ae3f8a73c386bdd68e-dirty,1,1,1,1,5,742,high_stack_holes,17,0,1,1,15,-2623,0,297,299,native
ae0728a3e36e9a03e211f2ae3f8a73c386bdd68e-dirty,1,1,1,1,5,442,random_trajectory,34,0,0,0,14,-2291,0,1266,1268,native
ae0728a3e36e9a03e211f2ae3f8a73c386bdd68e-dirty,1,1,1,1,5,143,heuristic_trajectory,17,0,0,6,5,-563,0,773,775,native
ae0728a3e36e9a03e211f2ae3f8a73c386bdd68e-dirty,1,1,1,1,5,743,high_stack_holes,34,0,3,4,7,-1266,0,1538,1540,native
ae0728a3e36e9a03e211f2ae3f8a73c386bdd68e-dirty,1,1,1,1,5,443,random_trajectory,34,0,0,7,0,-227,0,1538,1540,native
ae0728a3e36e9a03e211f2ae3f8a73c386bdd68e-dirty,1,1,1,1,5,144,heuristic_trajectory,34,0,3,3,1,-410,0,1538,1540,native
ae0728a3e36e9a03e211f2ae3f8a73c386bdd68e-dirty,1,1,1,1,5,744,high_stack_holes,17,0,1,0,11,-1717,0,705,707,native
ae0728a3e36e9a03e211f2ae3f8a73c386bdd68e-dirty,1,1,1,1,5,444,random_trajectory,34,0,3,2,1,-375,0,1538,1540,native
ae0728a3e36e9a03e211f2ae3f8a73c386bdd68e-dirty,1,1,1,1,5,145,heuristic_trajectory,17,0,0,6,0,-136,0,773,775,native
ae0728a3e36e9a03e211f2ae3f8a73c386bdd68e-dirty,1,1,1,1,5,745,high_stack_holes,9,0,0,1,1,-2160,0,379,381,native
ae0728a3e36e9a03e211f2ae3f8a73c386bdd68e-dirty,1,1,1,1,5,445,random_trajectory,9,0,0,1,14,-2231,0,413,415,native
ae0728a3e36e9a03e211f2ae3f8a73c386bdd68e-dirty,1,1,1,1,5,146,heuristic_trajectory,34,0,3,7,5,-733,0,1538,1540,native
ae0728a3e36e9a03e211f2ae3f8a73c386bdd68e-dirty,1,1,1,1,5,746,high_stack_holes,34,0,1,0,16,-2474,0,1096,1098,native
ae0728a3e36e9a03e211f2ae3f8a73c386bdd68e-dirty,1,1,1,1,5,446,random_trajectory,34,0,3,8,1,-1461,0,1538,1540,native
ae0728a3e36e9a03e211f2ae3f8a73c386bdd68e-dirty,1,1,1,1,5,147,heuristic_trajectory,34,0,3,8,2,-379,0,1538,1540,native
ae0728a3e36e9a03e211f2ae3f8a73c386bdd68e-dirty,1,1,1,1,5,747,high_stack_holes,9,0,0,6,14,-1790,0,311,313,native
ae0728a3e36e9a03e211f2ae3f8a73c386bdd68e-dirty,1,1,1,1,5,447,random_trajectory,34,0,1,1,3,-756,0,1538,1540,native
ae0728a3e36e9a03e211f2ae3f8a73c386bdd68e-dirty,1,1,1,1,5,148,heuristic_trajectory,34,0,1,4,2,-378,0,1538,1540,native
ae0728a3e36e9a03e211f2ae3f8a73c386bdd68e-dirty,1,1,1,1,5,748,high_stack_holes,17,0,1,7,5,-2406,0,467,469,native
ae0728a3e36e9a03e211f2ae3f8a73c386bdd68e-dirty,1,1,1,1,5,448,random_trajectory,17,0,1,0,16,-2594,0,263,265,native
ae0728a3e36e9a03e211f2ae3f8a73c386bdd68e-dirty,1,1,1,1,5,149,heuristic_trajectory,9,0,0,1,6,-741,0,413,415,native
ae0728a3e36e9a03e211f2ae3f8a73c386bdd68e-dirty,1,1,1,1,5,749,high_stack_holes,34,0,2,5,6,-869,0,1538,1540,native
ae0728a3e36e9a03e211f2ae3f8a73c386bdd68e-dirty,1,1,1,1,5,449,random_trajectory,9,0,0,1,14,-2360,0,311,313,native
ae0728a3e36e9a03e211f2ae3f8a73c386bdd68e-dirty,1,1,1,1,5,150,heuristic_trajectory,34,0,0,7,5,-622,0,1538,1540,native
ae0728a3e36e9a03e211f2ae3f8a73c386bdd68e-dirty,1,1,1,1,5,750,high_stack_holes,17,0,0,7,12,-1624,0,773,775,native
ae0728a3e36e9a03e211f2ae3f8a73c386bdd68e-dirty,1,1,1,1,5,450,random_trajectory,17,0,1,8,11,-2372,0,229,231,native
ae0728a3e36e9a03e211f2ae3f8a73c386bdd68e-dirty,1,1,1,1,5,151,heuristic_trajectory,17,0,1,6,0,-232,0,773,775,native
ae0728a3e36e9a03e211f2ae3f8a73c386bdd68e-dirty,1,1,1,1,5,751,high_stack_holes,34,0,3,1,15,-2633,0,756,758,native
ae0728a3e36e9a03e211f2ae3f8a73c386bdd68e-dirty,1,1,1,1,5,451,random_trajectory,34,0,0,0,0,0,1,382,384,native
ae0728a3e36e9a03e211f2ae3f8a73c386bdd68e-dirty,1,1,1,1,5,152,heuristic_trajectory,9,0,0,0,3,-386,0,413,415,native
ae0728a3e36e9a03e211f2ae3f8a73c386bdd68e-dirty,1,1,1,1,5,752,high_stack_holes,34,0,3,5,10,-1748,0,1538,1540,native
ae0728a3e36e9a03e211f2ae3f8a73c386bdd68e-dirty,1,1,1,1,5,452,random_trajectory,9,0,0,3,18,-2098,0,277,279,native
ae0728a3e36e9a03e211f2ae3f8a73c386bdd68e-dirty,1,1,1,1,5,153,heuristic_trajectory,34,0,1,2,1,-207,0,1538,1540,native
ae0728a3e36e9a03e211f2ae3f8a73c386bdd68e-dirty,1,1,1,1,5,753,high_stack_holes,34,0,2,2,13,-1797,0,1198,1200,native
ae0728a3e36e9a03e211f2ae3f8a73c386bdd68e-dirty,1,1,1,1,5,453,random_trajectory,17,0,1,0,0,-1050,0,773,775,native
ae0728a3e36e9a03e211f2ae3f8a73c386bdd68e-dirty,1,1,1,1,5,154,heuristic_trajectory,34,0,3,8,0,-168,0,1538,1540,native
ae0728a3e36e9a03e211f2ae3f8a73c386bdd68e-dirty,1,1,1,1,5,754,high_stack_holes,34,0,3,5,16,-2615,0,790,792,native
ae0728a3e36e9a03e211f2ae3f8a73c386bdd68e-dirty,1,1,1,1,5,454,random_trajectory,17,0,0,0,0,-289,0,773,775,native
ae0728a3e36e9a03e211f2ae3f8a73c386bdd68e-dirty,1,1,1,1,5,155,heuristic_trajectory,17,0,0,5,7,-795,0,773,775,native
ae0728a3e36e9a03e211f2ae3f8a73c386bdd68e-dirty,1,1,1,1,5,755,high_stack_holes,17,0,1,4,12,-2224,0,705,707,native
ae0728a3e36e9a03e211f2ae3f8a73c386bdd68e-dirty,1,1,1,1,5,455,random_trajectory,34,0,1,0,14,-2203,0,518,520,native
ae0728a3e36e9a03e211f2ae3f8a73c386bdd68e-dirty,1,1,1,1,5,156,heuristic_trajectory,17,0,1,3,7,-902,0,773,775,native
ae0728a3e36e9a03e211f2ae3f8a73c386bdd68e-dirty,1,1,1,1,5,756,high_stack_holes,17,0,1,9,6,-1695,0,603,605,native
ae0728a3e36e9a03e211f2ae3f8a73c386bdd68e-dirty,1,1,1,1,5,456,random_trajectory,17,0,1,2,6,-1643,0,501,503,native
ae0728a3e36e9a03e211f2ae3f8a73c386bdd68e-dirty,1,1,1,1,5,157,heuristic_trajectory,34,0,3,4,5,-682,0,1538,1540,native
ae0728a3e36e9a03e211f2ae3f8a73c386bdd68e-dirty,1,1,1,1,5,757,high_stack_holes,17,0,0,0,17,-2374,0,603,605,native
ae0728a3e36e9a03e211f2ae3f8a73c386bdd68e-dirty,1,1,1,1,5,457,random_trajectory,17,0,0,0,0,-289,0,773,775,native
ae0728a3e36e9a03e211f2ae3f8a73c386bdd68e-dirty,1,1,1,1,5,158,heuristic_trajectory,17,0,0,6,0,-117,0,773,775,native
ae0728a3e36e9a03e211f2ae3f8a73c386bdd68e-dirty,1,1,1,1,5,758,high_stack_holes,34,0,0,2,2,-354,0,1538,1540,native
ae0728a3e36e9a03e211f2ae3f8a73c386bdd68e-dirty,1,1,1,1,5,458,random_trajectory,17,0,1,8,11,-2372,0,229,231,native
ae0728a3e36e9a03e211f2ae3f8a73c386bdd68e-dirty,1,1,1,1,5,159,heuristic_trajectory,17,0,1,8,2,-426,0,773,775,native
ae0728a3e36e9a03e211f2ae3f8a73c386bdd68e-dirty,1,1,1,1,5,759,high_stack_holes,34,0,1,4,16,-2115,0,518,520,native
ae0728a3e36e9a03e211f2ae3f8a73c386bdd68e-dirty,1,1,1,1,5,459,random_trajectory,17,0,1,0,0,-1050,0,773,775,native
ae0728a3e36e9a03e211f2ae3f8a73c386bdd68e-dirty,1,1,1,1,5,160,heuristic_trajectory,17,0,0,4,0,-69,0,773,775,native
ae0728a3e36e9a03e211f2ae3f8a73c386bdd68e-dirty,1,1,1,1,5,760,high_stack_holes,34,0,3,2,4,-2146,0,790,792,native
ae0728a3e36e9a03e211f2ae3f8a73c386bdd68e-dirty,1,1,1,1,5,460,random_trajectory,17,0,1,1,15,-2227,0,297,299,native
ae0728a3e36e9a03e211f2ae3f8a73c386bdd68e-dirty,1,1,1,1,5,161,heuristic_trajectory,34,0,0,5,0,-100,0,1538,1540,native
ae0728a3e36e9a03e211f2ae3f8a73c386bdd68e-dirty,1,1,1,1,5,761,high_stack_holes,34,0,1,7,2,-541,0,1538,1540,native
ae0728a3e36e9a03e211f2ae3f8a73c386bdd68e-dirty,1,1,1,1,5,461,random_trajectory,17,0,1,8,5,-1709,0,467,469,native
ae0728a3e36e9a03e211f2ae3f8a73c386bdd68e-dirty,1,1,1,1,5,162,heuristic_trajectory,17,0,1,5,6,-846,0,773,775,native
ae0728a3e36e9a03e211f2ae3f8a73c386bdd68e-dirty,1,1,1,1,5,762,high_stack_holes,17,0,1,6,13,-1806,0,501,503,native
ae0728a3e36e9a03e211f2ae3f8a73c386bdd68e-dirty,1,1,1,1,5,462,random_trajectory,34,0,1,8,4,-1905,0,926,928,native
ae0728a3e36e9a03e211f2ae3f8a73c386bdd68e-dirty,1,1,1,1,5,163,heuristic_trajectory,34,0,1,8,2,-451,0,1538,1540,native
ae0728a3e36e9a03e211f2ae3f8a73c386bdd68e-dirty,1,1,1,1,5,763,high_stack_holes,17,0,1,6,7,-2299,0,331,333,native
ae0728a3e36e9a03e211f2ae3f8a73c386bdd68e-dirty,1,1,1,1,5,463,random_trajectory,34,0,0,0,0,-117,0,1538,1540,native
ae0728a3e36e9a03e211f2ae3f8a73c386bdd68e-dirty,1,1,1,1,5,164,heuristic_trajectory,34,0,0,2,0,-124,0,1538,1540,native
ae0728a3e36e9a03e211f2ae3f8a73c386bdd68e-dirty,1,1,1,1,5,764,high_stack_holes,17,0,0,6,1,-134,0,773,775,native
ae0728a3e36e9a03e211f2ae3f8a73c386bdd68e-dirty,1,1,1,1,5,464,random_trajectory,9,0,0,8,14,-2413,0,141,143,native
ae0728a3e36e9a03e211f2ae3f8a73c386bdd68e-dirty,1,1,1,1,5,165,heuristic_trajectory,17,0,0,4,6,-778,0,773,775,native
ae0728a3e36e9a03e211f2ae3f8a73c386bdd68e-dirty,1,1,1,1,5,765,high_stack_holes,17,0,1,2,0,-1764,0,637,639,native
ae0728a3e36e9a03e211f2ae3f8a73c386bdd68e-dirty,1,1,1,1,5,465,random_trajectory,34,0,0,0,7,-1566,0,1300,1302,native
ae0728a3e36e9a03e211f2ae3f8a73c386bdd68e-dirty,1,1,1,1,5,166,heuristic_trajectory,17,0,0,4,5,-713,0,773,775,native
ae0728a3e36e9a03e211f2ae3f8a73c386bdd68e-dirty,1,1,1,1,5,766,high_stack_holes,17,0,1,1,16,-2496,0,467,469,native
ae0728a3e36e9a03e211f2ae3f8a73c386bdd68e-dirty,1,1,1,1,5,466,random_trajectory,34,0,0,0,0,-860,0,1538,1540,native
ae0728a3e36e9a03e211f2ae3f8a73c386bdd68e-dirty,1,1,1,1,5,167,heuristic_trajectory,17,0,0,4,5,-713,0,773,775,native
ae0728a3e36e9a03e211f2ae3f8a73c386bdd68e-dirty,1,1,1,1,5,767,high_stack_holes,34,0,1,5,10,-1204,0,1538,1540,native
ae0728a3e36e9a03e211f2ae3f8a73c386bdd68e-dirty,1,1,1,1,5,467,random_trajectory,17,0,1,1,6,-1512,0,671,673,native
ae0728a3e36e9a03e211f2ae3f8a73c386bdd68e-dirty,1,1,1,1,5,168,heuristic_trajectory,34,0,0,4,3,-431,0,1538,1540,native
ae0728a3e36e9a03e211f2ae3f8a73c386bdd68e-dirty,1,1,1,1,5,768,high_stack_holes,17,0,1,6,11,-1682,0,603,605,native
ae0728a3e36e9a03e211f2ae3f8a73c386bdd68e-dirty,1,1,1,1,5,468,random_trajectory,34,0,0,0,0,-556,0,1538,1540,native
ae0728a3e36e9a03e211f2ae3f8a73c386bdd68e-dirty,1,1,1,1,5,169,heuristic_trajectory,17,0,1,6,6,-746,0,773,775,native
ae0728a3e36e9a03e211f2ae3f8a73c386bdd68e-dirty,1,1,1,1,5,769,high_stack_holes,34,0,0,3,18,-2360,0,688,690,native
ae0728a3e36e9a03e211f2ae3f8a73c386bdd68e-dirty,1,1,1,1,5,469,random_trajectory,34,0,3,1,6,-1278,0,1538,1540,native
ae0728a3e36e9a03e211f2ae3f8a73c386bdd68e-dirty,1,1,1,1,5,170,heuristic_trajectory,34,0,0,1,3,-371,0,1538,1540,native
ae0728a3e36e9a03e211f2ae3f8a73c386bdd68e-dirty,1,1,1,1,5,770,high_stack_holes,34,0,0,6,0,-218,0,1538,1540,native
ae0728a3e36e9a03e211f2ae3f8a73c386bdd68e-dirty,1,1,1,1,5,470,random_trajectory,17,0,0,0,0,-65,0,773,775,native
ae0728a3e36e9a03e211f2ae3f8a73c386bdd68e-dirty,1,1,1,1,5,171,heuristic_trajectory,17,0,1,6,6,-746,0,773,775,native
ae0728a3e36e9a03e211f2ae3f8a73c386bdd68e-dirty,1,1,1,1,5,771,high_stack_holes,34,0,1,2,11,-1771,0,1062,1064,native
ae0728a3e36e9a03e211f2ae3f8a73c386bdd68e-dirty,1,1,1,1,5,471,random_trajectory,34,0,1,5,3,-520,0,1538,1540,native
ae0728a3e36e9a03e211f2ae3f8a73c386bdd68e-dirty,1,1,1,1,5,172,heuristic_trajectory,34,0,0,1,5,-620,0,1538,1540,native
ae0728a3e36e9a03e211f2ae3f8a73c386bdd68e-dirty,1,1,1,1,5,772,high_stack_holes,34,0,3,6,14,-2527,0,960,962,native
ae0728a3e36e9a03e211f2ae3f8a73c386bdd68e-dirty,1,1,1,1,5,472,random_trajectory,17,0,0,0,0,-65,0,773,775,native
ae0728a3e36e9a03e211f2ae3f8a73c386bdd68e-dirty,1,1,1,1,5,173,heuristic_trajectory,34,0,3,8,2,-379,0,1538,1540,native
ae0728a3e36e9a03e211f2ae3f8a73c386bdd68e-dirty,1,1,1,1,5,773,high_stack_holes,34,0,2,1,15,-2002,0,1538,1540,native
ae0728a3e36e9a03e211f2ae3f8a73c386bdd68e-dirty,1,1,1,1,5,473,random_trajectory,17,0,1,8,0,-626,0,773,775,native
ae0728a3e36e9a03e211f2ae3f8a73c386bdd68e-dirty,1,1,1,1,5,174,heuristic_trajectory,34,0,3,7,1,-140,0,1538,1540,native
ae0728a3e36e9a03e211f2ae3f8a73c386bdd68e-dirty,1,1,1,1,5,774,high_stack_holes,34,0,1,7,12,-1605,0,1538,1540,native
ae0728a3e36e9a03e211f2ae3f8a73c386bdd68e-dirty,1,1,1,1,5,474,random_trajectory,17,0,1,0,9,-1982,0,399,401,native
ae0728a3e36e9a03e211f2ae3f8a73c386bdd68e-dirty,1,1,1,1,5,175,heuristic_trajectory,34,0,1,2,5,-689,0,1538,1540,native
ae0728a3e36e9a03e211f2ae3f8a73c386bdd68e-dirty,1,1,1,1,5,775,high_stack_holes,9,0,0,3,16,-2310,0,209,211,native
ae0728a3e36e9a03e211f2ae3f8a73c386bdd68e-dirty,1,1,1,1,5,475,random_trajectory,17,0,1,0,0,-1050,0,773,775,native
ae0728a3e36e9a03e211f2ae3f8a73c386bdd68e-dirty,1,1,1,1,5,176,heuristic_trajectory,17,0,1,4,0,-172,0,773,775,native
ae0728a3e36e9a03e211f2ae3f8a73c386bdd68e-dirty,1,1,1,1,5,776,high_stack_holes,9,0,0,2,8,-1217,0,413,415,native
ae0728a3e36e9a03e211f2ae3f8a73c386bdd68e-dirty,1,1,1,1,5,476,random_trajectory,34,0,1,5,3,-520,0,1538,1540,native
ae0728a3e36e9a03e211f2ae3f8a73c386bdd68e-dirty,1,1,1,1,5,177,heuristic_trajectory,17,0,0,2,1,-274,0,773,775,native
ae0728a3e36e9a03e211f2ae3f8a73c386bdd68e-dirty,1,1,1,1,5,777,high_stack_holes,17,0,1,6,14,-1875,0,433,435,native
ae0728a3e36e9a03e211f2ae3f8a73c386bdd68e-dirty,1,1,1,1,5,477,random_trajectory,17,0,0,0,0,-289,0,773,775,native
ae0728a3e36e9a03e211f2ae3f8a73c386bdd68e-dirty,1,1,1,1,5,178,heuristic_trajectory,17,0,0,0,7,-787,0,773,775,native
ae0728a3e36e9a03e211f2ae3f8a73c386bdd68e-dirty,1,1,1,1,5,778,high_stack_holes,17,0,1,8,17,-2492,0,467,469,native
ae0728a3e36e9a03e211f2ae3f8a73c386bdd68e-dirty,1,1,1,1,5,478,random_trajectory,17,0,1,1,6,-1512,0,671,673,native
ae0728a3e36e9a03e211f2ae3f8a73c386bdd68e-dirty,1,1,1,1,5,179,heuristic_trajectory,34,0,2,7,0,-196,0,1538,1540,native
ae0728a3e36e9a03e211f2ae3f8a73c386bdd68e-dirty,1,1,1,1,5,779,high_stack_holes,34,0,1,0,12,-1455,0,1538,1540,native
ae0728a3e36e9a03e211f2ae3f8a73c386bdd68e-dirty,1,1,1,1,5,479,random_trajectory,34,0,1,8,0,-1099,0,1538,1540,native
ae0728a3e36e9a03e211f2ae3f8a73c386bdd68e-dirty,1,1,1,1,5,180,heuristic_trajectory,17,0,1,0,3,-564,0,773,775,native
ae0728a3e36e9a03e211f2ae3f8a73c386bdd68e-dirty,1,1,1,1,5,780,high_stack_holes,9,0,0,7,14,-1758,0,413,415,native
ae0728a3e36e9a03e211f2ae3f8a73c386bdd68e-dirty,1,1,1,1,5,480,random_trajectory,17,0,1,5,2,-431,0,773,775,native
ae0728a3e36e9a03e211f2ae3f8a73c386bdd68e-dirty,1,1,1,1,5,181,heuristic_trajectory,9,0,0,3,7,-878,0,413,415,native
ae0728a3e36e9a03e211f2ae3f8a73c386bdd68e-dirty,1,1,1,1,5,781,high_stack_holes,34,0,1,7,15,-2393,0,858,860,native
ae0728a3e36e9a03e211f2ae3f8a73c386bdd68e-dirty,1,1,1,1,5,481,random_trajectory,34,0,1,8,4,-1905,0,926,928,native
ae0728a3e36e9a03e211f2ae3f8a73c386bdd68e-dirty,1,1,1,1,5,182,heuristic_trajectory,34,0,2,6,5,-730,0,1538,1540,native
ae0728a3e36e9a03e211f2ae3f8a73c386bdd68e-dirty,1,1,1,1,5,782,high_stack_holes,17,0,1,8,5,-908,0,773,775,native
ae0728a3e36e9a03e211f2ae3f8a73c386bdd68e-dirty,1,1,1,1,5,482,random_trajectory,9,0,0,8,14,-2413,0,141,143,native
ae0728a3e36e9a03e211f2ae3f8a73c386bdd68e-dirty,1,1,1,1,5,183,heuristic_trajectory,34,0,0,6,2,-310,0,1538,1540,native
ae0728a3e36e9a03e211f2ae3f8a73c386bdd68e-dirty,1,1,1,1,5,783,high_stack_holes,34,0,3,1,13,-1842,0,1096,1098,native
ae0728a3e36e9a03e211f2ae3f8a73c386bdd68e-dirty,1,1,1,1,5,483,random_trajectory,34,0,0,0,0,-556,0,1538,1540,native
ae0728a3e36e9a03e211f2ae3f8a73c386bdd68e-dirty,1,1,1,1,5,184,heuristic_trajectory,34,0,3,7,0,-164,0,1538,1540,native
ae0728a3e36e9a03e211f2ae3f8a73c386bdd68e-dirty,1,1,1,1,5,784,high_stack_holes,17,0,1,2,1,-2214,0,365,367,native
ae0728a3e36e9a03e211f2ae3f8a73c386bdd68e-dirty,1,1,1,1,5,484,random_trajectory,34,0,1,8,4,-1905,0,926,928,native
ae0728a3e36e9a03e211f2ae3f8a73c386bdd68e-dirty,1,1,1,1,5,185,heuristic_trajectory,34,0,2,3,2,-389,0,1538,1540,native
ae0728a3e36e9a03e211f2ae3f8a73c386bdd68e-dirty,1,1,1,1,5,785,high_stack_holes,9,0,0,3,12,-1639,0,413,415,native
ae0728a3e36e9a03e211f2ae3f8a73c386bdd68e-dirty,1,1,1,1,5,485,random_trajectory,17,0,1,0,9,-1982,0,399,401,native
ae0728a3e36e9a03e211f2ae3f8a73c386bdd68e-dirty,1,1,1,1,5,186,heuristic_trajectory,9,0,0,0,3,-508,0,413,415,native
ae0728a3e36e9a03e211f2ae3f8a73c386bdd68e-dirty,1,1,1,1,5,786,high_stack_holes,17,0,1,8,14,-1695,0,637,639,native
ae0728a3e36e9a03e211f2ae3f8a73c386bdd68e-dirty,1,1,1,1,5,486,random_trajectory,17,0,1,1,15,-2227,0,297,299,native
ae0728a3e36e9a03e211f2ae3f8a73c386bdd68e-dirty,1,1,1,1,5,187,heuristic_trajectory,17,0,1,8,4,-759,0,773,775,native
ae0728a3e36e9a03e211f2ae3f8a73c386bdd68e-dirty,1,1,1,1,5,787,high_stack_holes,17,0,1,5,16,-2521,0,297,299,native
ae0728a3e36e9a03e211f2ae3f8a73c386bdd68e-dirty,1,1,1,1,5,487,random_trajectory,34,0,1,5,3,-520,0,1538,1540,native
ae0728a3e36e9a03e211f2ae3f8a73c386bdd68e-dirty,1,1,1,1,5,188,heuristic_trajectory,17,0,1,3,5,-754,0,773,775,native
ae0728a3e36e9a03e211f2ae3f8a73c386bdd68e-dirty,1,1,1,1,5,788,high_stack_holes,34,0,1,6,1,-431,0,1538,1540,native
ae0728a3e36e9a03e211f2ae3f8a73c386bdd68e-dirty,1,1,1,1,5,488,random_trajectory,34,0,1,5,3,-520,0,1538,1540,native
ae0728a3e36e9a03e211f2ae3f8a73c386bdd68e-dirty,1,1,1,1,5,189,heuristic_trajectory,34,0,2,3,6,-771,0,1538,1540,native
ae0728a3e36e9a03e211f2ae3f8a73c386bdd68e-dirty,1,1,1,1,5,789,high_stack_holes,17,0,1,4,12,-1799,0,569,571,native
ae0728a3e36e9a03e211f2ae3f8a73c386bdd68e-dirty,1,1,1,1,5,489,random_trajectory,17,0,1,0,9,-1982,0,399,401,native
ae0728a3e36e9a03e211f2ae3f8a73c386bdd68e-dirty,1,1,1,1,5,190,heuristic_trajectory,17,0,0,6,4,-652,0,773,775,native
ae0728a3e36e9a03e211f2ae3f8a73c386bdd68e-dirty,1,1,1,1,5,790,high_stack_holes,17,0,1,3,11,-2380,0,399,401,native
ae0728a3e36e9a03e211f2ae3f8a73c386bdd68e-dirty,1,1,1,1,5,490,random_trajectory,9,0,0,8,14,-2413,0,141,143,native
ae0728a3e36e9a03e211f2ae3f8a73c386bdd68e-dirty,1,1,1,1,5,191,heuristic_trajectory,34,0,3,8,2,-255,0,1538,1540,native
ae0728a3e36e9a03e211f2ae3f8a73c386bdd68e-dirty,1,1,1,1,5,791,high_stack_holes,9,0,0,1,15,-2063,0,413,415,native
ae0728a3e36e9a03e211f2ae3f8a73c386bdd68e-dirty,1,1,1,1,5,491,random_trajectory,34,0,0,0,0,-860,0,1538,1540,native
ae0728a3e36e9a03e211f2ae3f8a73c386bdd68e-dirty,1,1,1,1,5,192,heuristic_trajectory,17,0,0,0,2,-253,0,773,775,native
ae0728a3e36e9a03e211f2ae3f8a73c386bdd68e-dirty,1,1,1,1,5,792,high_stack_holes,17,0,1,6,14,-1838,0,501,503,native
ae0728a3e36e9a03e211f2ae3f8a73c386bdd68e-dirty,1,1,1,1,5,492,random_trajectory,34,0,1,0,11,-2159,0,518,520,native
ae0728a3e36e9a03e211f2ae3f8a73c386bdd68e-dirty,1,1,1,1,5,193,heuristic_trajectory,34,0,3,8,2,-255,0,1538,1540,native
ae0728a3e36e9a03e211f2ae3f8a73c386bdd68e-dirty,1,1,1,1,5,793,high_stack_holes,34,0,3,5,3,-2072,0,960,962,native
ae0728a3e36e9a03e211f2ae3f8a73c386bdd68e-dirty,1,1,1,1,5,493,random_trajectory,17,0,1,2,6,-1643,0,501,503,native
ae0728a3e36e9a03e211f2ae3f8a73c386bdd68e-dirty,1,1,1,1,5,194,heuristic_trajectory,17,0,0,2,2,-398,0,773,775,native
ae0728a3e36e9a03e211f2ae3f8a73c386bdd68e-dirty,1,1,1,1,5,794,high_stack_holes,17,0,0,4,0,-84,0,773,775,native
ae0728a3e36e9a03e211f2ae3f8a73c386bdd68e-dirty,1,1,1,1,5,494,random_trajectory,34,0,3,1,6,-1278,0,1538,1540,native
ae0728a3e36e9a03e211f2ae3f8a73c386bdd68e-dirty,1,1,1,1,5,195,heuristic_trajectory,17,0,1,0,4,-450,0,773,775,native
ae0728a3e36e9a03e211f2ae3f8a73c386bdd68e-dirty,1,1,1,1,5,795,high_stack_holes,17,0,1,2,12,-1750,0,705,707,native
ae0728a3e36e9a03e211f2ae3f8a73c386bdd68e-dirty,1,1,1,1,5,495,random_trajectory,34,0,0,0,0,-860,0,1538,1540,native
ae0728a3e36e9a03e211f2ae3f8a73c386bdd68e-dirty,1,1,1,1,5,196,heuristic_trajectory,17,0,0,1,4,-454,0,773,775,native
ae0728a3e36e9a03e211f2ae3f8a73c386bdd68e-dirty,1,1,1,1,5,796,high_stack_holes,17,0,1,6,16,-2316,0,569,571,native
ae0728a3e36e9a03e211f2ae3f8a73c386bdd68e-dirty,1,1,1,1,5,496,random_trajectory,9,0,0,8,0,-383,0,413,415,native
ae0728a3e36e9a03e211f2ae3f8a73c386bdd68e-dirty,1,1,1,1,5,197,heuristic_trajectory,9,0,0,0,6,-719,0,413,415,native
ae0728a3e36e9a03e211f2ae3f8a73c386bdd68e-dirty,1,1,1,1,5,797,high_stack_holes,34,0,2,7,4,-574,0,1538,1540,native
ae0728a3e36e9a03e211f2ae3f8a73c386bdd68e-dirty,1,1,1,1,5,497,random_trajectory,17,0,1,8,16,-2462,0,229,231,native
ae0728a3e36e9a03e211f2ae3f8a73c386bdd68e-dirty,1,1,1,1,5,198,heuristic_trajectory,17,0,1,5,4,-621,0,773,775,native
ae0728a3e36e9a03e211f2ae3f8a73c386bdd68e-dirty,1,1,1,1,5,798,high_stack_holes,17,0,1,5,12,-1857,0,671,673,native
ae0728a3e36e9a03e211f2ae3f8a73c386bdd68e-dirty,1,1,1,1,5,498,random_trajectory,17,0,1,1,15,-2227,0,297,299,native
ae0728a3e36e9a03e211f2ae3f8a73c386bdd68e-dirty,1,1,1,1,5,199,heuristic_trajectory,34,0,0,1,9,-942,0,1538,1540,native
ae0728a3e36e9a03e211f2ae3f8a73c386bdd68e-dirty,1,1,1,1,5,799,high_stack_holes,17,0,1,5,7,-2465,0,637,639,native
ae0728a3e36e9a03e211f2ae3f8a73c386bdd68e-dirty,1,1,1,1,5,499,random_trajectory,17,0,0,2,18,-2039,0,365,367,native
ae0728a3e36e9a03e211f2ae3f8a73c386bdd68e-dirty,1,1,1,1,5,200,heuristic_trajectory,17,0,1,4,3,-475,0,773,775,native
ae0728a3e36e9a03e211f2ae3f8a73c386bdd68e-dirty,1,1,1,1,5,500,random_trajectory,34,0,3,3,0,-819,0,1538,1540,native
ae0728a3e36e9a03e211f2ae3f8a73c386bdd68e-dirty,1,1,1,1,5,201,heuristic_trajectory,17,0,1,8,2,-439,0,773,775,native
ae0728a3e36e9a03e211f2ae3f8a73c386bdd68e-dirty,1,1,1,1,5,501,random_trajectory,34,0,0,0,0,-52,0,1538,1540,native
ae0728a3e36e9a03e211f2ae3f8a73c386bdd68e-dirty,1,1,1,1,5,202,heuristic_trajectory,17,0,1,0,4,-608,0,773,775,native
ae0728a3e36e9a03e211f2ae3f8a73c386bdd68e-dirty,1,1,1,1,5,502,random_trajectory,34,0,2,0,4,-1772,0,688,690,native
ae0728a3e36e9a03e211f2ae3f8a73c386bdd68e-dirty,1,1,1,1,5,203,heuristic_trajectory,9,0,0,6,4,-438,0,413,415,native
ae0728a3e36e9a03e211f2ae3f8a73c386bdd68e-dirty,1,1,1,1,5,503,random_trajectory,17,0,1,0,10,-2027,0,331,333,native
ae0728a3e36e9a03e211f2ae3f8a73c386bdd68e-dirty,1,1,1,1,5,204,heuristic_trajectory,34,0,1,6,2,-311,0,1538,1540,native
ae0728a3e36e9a03e211f2ae3f8a73c386bdd68e-dirty,1,1,1,1,5,504,random_trajectory,17,0,1,3,0,-409,0,773,775,native
ae0728a3e36e9a03e211f2ae3f8a73c386bdd68e-dirty,1,1,1,1,5,205,heuristic_trajectory,34,0,2,2,5,-600,0,1538,1540,native
ae0728a3e36e9a03e211f2ae3f8a73c386bdd68e-dirty,1,1,1,1,5,505,random_trajectory,9,0,0,8,5,-1724,0,277,279,native
ae0728a3e36e9a03e211f2ae3f8a73c386bdd68e-dirty,1,1,1,1,5,206,heuristic_trajectory,34,0,2,5,0,-114,0,1538,1540,native
ae0728a3e36e9a03e211f2ae3f8a73c386bdd68e-dirty,1,1,1,1,5,506,random_trajectory,34,0,3,1,8,-1911,0,688,690,native
ae0728a3e36e9a03e211f2ae3f8a73c386bdd68e-dirty,1,1,1,1,5,207,heuristic_trajectory,34,0,1,3,7,-987,0,1538,1540,native
ae0728a3e36e9a03e211f2ae3f8a73c386bdd68e-dirty,1,1,1,1,5,507,random_trajectory,34,0,3,8,10,-2256,0,688,690,native
ae0728a3e36e9a03e211f2ae3f8a73c386bdd68e-dirty,1,1,1,1,5,208,heuristic_trajectory,34,0,1,0,4,-606,0,1538,1540,native
ae0728a3e36e9a03e211f2ae3f8a73c386bdd68e-dirty,1,1,1,1,5,508,random_trajectory,17,0,1,8,0,-254,0,773,775,native
ae0728a3e36e9a03e211f2ae3f8a73c386bdd68e-dirty,1,1,1,1,5,209,heuristic_trajectory,17,0,0,3,8,-910,0,773,775,native
ae0728a3e36e9a03e211f2ae3f8a73c386bdd68e-dirty,1,1,1,1,5,509,random_trajectory,34,0,1,3,0,-892,0,1538,1540,native
ae0728a3e36e9a03e211f2ae3f8a73c386bdd68e-dirty,1,1,1,1,5,210,heuristic_trajectory,17,0,1,0,5,-606,0,773,775,native
ae0728a3e36e9a03e211f2ae3f8a73c386bdd68e-dirty,1,1,1,1,5,510,random_trajectory,17,0,1,3,0,-409,0,773,775,native
ae0728a3e36e9a03e211f2ae3f8a73c386bdd68e-dirty,1,1,1,1,5,211,heuristic_trajectory,17,0,1,3,6,-782,0,773,775,native
ae0728a3e36e9a03e211f2ae3f8a73c386bdd68e-dirty,1,1,1,1,5,511,random_trajectory,34,0,3,8,10,-2256,0,688,690,native
ae0728a3e36e9a03e211f2ae3f8a73c386bdd68e-dirty,1,1,1,1,5,212,heuristic_trajectory,17,0,0,5,1,-145,0,773,775,native
ae0728a3e36e9a03e211f2ae3f8a73c386bdd68e-dirty,1,1,1,1,5,512,random_trajectory,34,0,3,5,17,-1427,0,1198,1200,native
ae0728a3e36e9a03e211f2ae3f8a73c386bdd68e-dirty,1,1,1,1,5,213,heuristic_trajectory,17,0,1,6,2,-563,0,773,775,native
ae0728a3e36e9a03e211f2ae3f8a73c386bdd68e-dirty,1,1,1,1,5,513,random_trajectory,34,0,1,3,0,-932,0,1538,1540,native
ae0728a3e36e9a03e211f2ae3f8a73c386bdd68e-dirty,1,1,1,1,5,214,heuristic_trajectory,17,0,1,6,4,-611,0,773,775,native
ae0728a3e36e9a03e211f2ae3f8a73c386bdd68e-dirty,1,1,1,1,5,514,random_trajectory,34,0,0,0,0,-52,0,1538,1540,native
ae0728a3e36e9a03e211f2ae3f8a73c386bdd68e-dirty,1,1,1,1,5,215,heuristic_trajectory,34,0,3,1,3,-473,0,1538,1540,native
ae0728a3e36e9a03e211f2ae3f8a73c386bdd68e-dirty,1,1,1,1,5,515,random_trajectory,34,0,1,3,0,-932,0,1538,1540,native
ae0728a3e36e9a03e211f2ae3f8a73c386bdd68e-dirty,1,1,1,1,5,216,heuristic_trajectory,17,0,1,0,2,-289,0,773,775,native
ae0728a3e36e9a03e211f2ae3f8a73c386bdd68e-dirty,1,1,1,1,5,516,random_trajectory,17,0,1,3,0,-409,0,773,775,native
ae0728a3e36e9a03e211f2ae3f8a73c386bdd68e-dirty,1,1,1,1,5,217,heuristic_trajectory,34,0,1,0,2,-453,0,1538,1540,native
ae0728a3e36e9a03e211f2ae3f8a73c386bdd68e-dirty,1,1,1,1,5,517,random_trajectory,17,0,1,3,0,-409,0,773,775,native
ae0728a3e36e9a03e211f2ae3f8a73c386bdd68e-dirty,1,1,1,1,5,218,heuristic_trajectory,17,0,1,0,4,-471,0,773,775,native
ae0728a3e36e9a03e211f2ae3f8a73c386bdd68e-dirty,1,1,1,1,5,518,random_trajectory,17,0,1,8,0,-254,0,773,775,native
ae0728a3e36e9a03e211f2ae3f8a73c386bdd68e-dirty,1,1,1,1,5,219,heuristic_trajectory,34,0,2,1,0,-100,0,1538,1540,native
ae0728a3e36e9a03e211f2ae3f8a73c386bdd68e-dirty,1,1,1,1,5,519,random_trajectory,34,0,3,4,0,-121,0,1538,1540,native
ae0728a3e36e9a03e211f2ae3f8a73c386bdd68e-dirty,1,1,1,1,5,220,heuristic_trajectory,34,0,1,1,3,-406,0,1538,1540,native
ae0728a3e36e9a03e211f2ae3f8a73c386bdd68e-dirty,1,1,1,1,5,520,random_trajectory,34,0,2,0,4,-1772,0,688,690,native
ae0728a3e36e9a03e211f2ae3f8a73c386bdd68e-dirty,1,1,1,1,5,221,heuristic_trajectory,34,0,2,7,2,-443,0,1538,1540,native
ae0728a3e36e9a03e211f2ae3f8a73c386bdd68e-dirty,1,1,1,1,5,521,random_trajectory,34,0,1,8,17,-2391,0,654,656,native
ae0728a3e36e9a03e211f2ae3f8a73c386bdd68e-dirty,1,1,1,1,5,222,heuristic_trajectory,17,0,0,3,3,-492,0,773,775,native
ae0728a3e36e9a03e211f2ae3f8a73c386bdd68e-dirty,1,1,1,1,5,522,random_trajectory,17,0,1,0,10,-2027,0,331,333,native
ae0728a3e36e9a03e211f2ae3f8a73c386bdd68e-dirty,1,1,1,1,5,223,heuristic_trajectory,17,0,1,2,2,-282,0,773,775,native
ae0728a3e36e9a03e211f2ae3f8a73c386bdd68e-dirty,1,1,1,1,5,523,random_trajectory,34,0,1,8,0,-566,0,1538,1540,native
ae0728a3e36e9a03e211f2ae3f8a73c386bdd68e-dirty,1,1,1,1,5,224,heuristic_trajectory,34,0,2,7,4,-646,0,1538,1540,native
ae0728a3e36e9a03e211f2ae3f8a73c386bdd68e-dirty,1,1,1,1,5,524,random_trajectory,9,0,0,0,18,-2471,0,175,177,native
ae0728a3e36e9a03e211f2ae3f8a73c386bdd68e-dirty,1,1,1,1,5,225,heuristic_trajectory,17,0,0,0,5,-585,0,773,775,native
ae0728a3e36e9a03e211f2ae3f8a73c386bdd68e-dirty,1,1,1,1,5,525,random_trajectory,17,0,1,3,0,-409,0,773,775,native
ae0728a3e36e9a03e211f2ae3f8a73c386bdd68e-dirty,1,1,1,1,5,226,heuristic_trajectory,34,0,0,4,2,-314,0,1538,1540,native
ae0728a3e36e9a03e211f2ae3f8a73c386bdd68e-dirty,1,1,1,1,5,526,random_trajectory,17,0,0,0,13,-2213,0,331,333,native
ae0728a3e36e9a03e211f2ae3f8a73c386bdd68e-dirty,1,1,1,1,5,227,heuristic_trajectory,34,0,2,6,3,-383,0,1538,1540,native
ae0728a3e36e9a03e211f2ae3f8a73c386bdd68e-dirty,1,1,1,1,5,527,random_trajectory,34,0,1,3,0,-932,0,1538,1540,native
ae0728a3e36e9a03e211f2ae3f8a73c386bdd68e-dirty,1,1,1,1,5,228,heuristic_trajectory,34,0,1,0,0,-148,0,1538,1540,native
ae0728a3e36e9a03e211f2ae3f8a73c386bdd68e-dirty,1,1,1,1,5,528,random_trajectory,17,0,1,2,12,-2322,0,399,401,native
ae0728a3e36e9a03e211f2ae3f8a73c386bdd68e-dirty,1,1,1,1,5,229,heuristic_trajectory,17,0,0,0,4,-571,0,773,775,native
ae0728a3e36e9a03e211f2ae3f8a73c386bdd68e-dirty,1,1,1,1,5,529,random_trajectory,9,0,0,5,17,-1382,0,345,347,native
ae0728a3e36e9a03e211f2ae3f8a73c386bdd68e-dirty,1,1,1,1,5,230,heuristic_trajectory,17,0,0,5,3,-493,0,773,775,native
ae0728a3e36e9a03e211f2ae3f8a73c386bdd68e-dirty,1,1,1,1,5,530,random_trajectory,34,0,1,3,0,-932,0,1538,1540,native
ae0728a3e36e9a03e211f2ae3f8a73c386bdd68e-dirty,1,1,1,1,5,231,heuristic_trajectory,17,0,0,2,3,-366,0,773,775,native
ae0728a3e36e9a03e211f2ae3f8a73c386bdd68e-dirty,1,1,1,1,5,531,random_trajectory,34,0,1,8,17,-2391,0,654,656,native
ae0728a3e36e9a03e211f2ae3f8a73c386bdd68e-dirty,1,1,1,1,5,232,heuristic_trajectory,9,0,0,1,5,-685,0,413,415,native
ae0728a3e36e9a03e211f2ae3f8a73c386bdd68e-dirty,1,1,1,1,5,532,random_trajectory,17,0,0,0,13,-2213,0,331,333,native
ae0728a3e36e9a03e211f2ae3f8a73c386bdd68e-dirty,1,1,1,1,5,233,heuristic_trajectory,34,0,1,2,0,-208,0,1538,1540,native
ae0728a3e36e9a03e211f2ae3f8a73c386bdd68e-dirty,1,1,1,1,5,533,random_trajectory,17,0,1,8,13,-2314,0,365,367,native
ae0728a3e36e9a03e211f2ae3f8a73c386bdd68e-dirty,1,1,1,1,5,234,heuristic_trajectory,17,0,0,1,1,-277,0,773,775,native
ae0728a3e36e9a03e211f2ae3f8a73c386bdd68e-dirty,1,1,1,1,5,534,random_trajectory,34,0,3,5,17,-1427,0,1198,1200,native
ae0728a3e36e9a03e211f2ae3f8a73c386bdd68e-dirty,1,1,1,1,5,235,heuristic_trajectory,17,0,0,4,5,-654,0,773,775,native
ae0728a3e36e9a03e211f2ae3f8a73c386bdd68e-dirty,1,1,1,1,5,535,random_trajectory,17,0,1,5,17,-1341,0,603,605,native
ae0728a3e36e9a03e211f2ae3f8a73c386bdd68e-dirty,1,1,1,1,5,236,heuristic_trajectory,17,0,1,4,1,-334,0,773,775,native
ae0728a3e36e9a03e211f2ae3f8a73c386bdd68e-dirty,1,1,1,1,5,536,random_trajectory,17,0,1,0,4,-1838,0,399,401,native
ae0728a3e36e9a03e211f2ae3f8a73c386bdd68e-dirty,1,1,1,1,5,237,heuristic_trajectory,17,0,1,0,1,-228,0,773,775,native
ae0728a3e36e9a03e211f2ae3f8a73c386bdd68e-dirty,1,1,1,1,5,537,random_trajectory,17,0,1,3,0,-409,0,773,775,native
ae0728a3e36e9a03e211f2ae3f8a73c386bdd68e-dirty,1,1,1,1,5,238,heuristic_trajectory,34,0,3,7,0,-238,0,1538,1540,native
ae0728a3e36e9a03e211f2ae3f8a73c386bdd68e-dirty,1,1,1,1,5,538,random_trajectory,17,0,1,0,4,-1838,0,399,401,native
ae0728a3e36e9a03e211f2ae3f8a73c386bdd68e-dirty,1,1,1,1,5,239,heuristic_trajectory,34,0,3,7,2,-251,0,1538,1540,native
ae0728a3e36e9a03e211f2ae3f8a73c386bdd68e-dirty,1,1,1,1,5,539,random_trajectory,34,0,0,0,0,-52,0,1538,1540,native
ae0728a3e36e9a03e211f2ae3f8a73c386bdd68e-dirty,1,1,1,1,5,240,heuristic_trajectory,17,0,1,6,2,-563,0,773,775,native
ae0728a3e36e9a03e211f2ae3f8a73c386bdd68e-dirty,1,1,1,1,5,540,random_trajectory,34,0,2,0,4,-1772,0,688,690,native
ae0728a3e36e9a03e211f2ae3f8a73c386bdd68e-dirty,1,1,1,1,5,241,heuristic_trajectory,34,0,1,4,5,-594,0,1538,1540,native
ae0728a3e36e9a03e211f2ae3f8a73c386bdd68e-dirty,1,1,1,1,5,541,random_trajectory,34,0,0,0,0,0,1,382,384,native
ae0728a3e36e9a03e211f2ae3f8a73c386bdd68e-dirty,1,1,1,1,5,242,heuristic_trajectory,34,0,2,1,4,-575,0,1538,1540,native
ae0728a3e36e9a03e211f2ae3f8a73c386bdd68e-dirty,1,1,1,1,5,542,random_trajectory,9,0,0,0,18,-2471,0,175,177,native
ae0728a3e36e9a03e211f2ae3f8a73c386bdd68e-dirty,1,1,1,1,5,243,heuristic_trajectory,17,0,0,4,6,-730,0,773,775,native
ae0728a3e36e9a03e211f2ae3f8a73c386bdd68e-dirty,1,1,1,1,5,543,random_trajectory,17,0,1,3,0,-409,0,773,775,native
ae0728a3e36e9a03e211f2ae3f8a73c386bdd68e-dirty,1,1,1,1,5,244,heuristic_trajectory,34,0,3,8,7,-976,0,1538,1540,native
ae0728a3e36e9a03e211f2ae3f8a73c386bdd68e-dirty,1,1,1,1,5,544,random_trajectory,34,0,1,8,17,-2391,0,654,656,native
ae0728a3e36e9a03e211f2ae3f8a73c386bdd68e-dirty,1,1,1,1,5,245,heuristic_trajectory,34,0,3,0,2,-306,0,1538,1540,native
ae0728a3e36e9a03e211f2ae3f8a73c386bdd68e-dirty,1,1,1,1,5,545,random_trajectory,17,0,1,0,10,-2027,0,331,333,native
ae0728a3e36e9a03e211f2ae3f8a73c386bdd68e-dirty,1,1,1,1,5,246,heuristic_trajectory,34,0,0,4,6,-810,0,1538,1540,native
ae0728a3e36e9a03e211f2ae3f8a73c386bdd68e-dirty,1,1,1,1,5,546,random_trajectory,34,0,2,0,4,-1772,0,688,690,native
ae0728a3e36e9a03e211f2ae3f8a73c386bdd68e-dirty,1,1,1,1,5,247,heuristic_trajectory,17,0,1,0,5,-741,0,773,775,native
ae0728a3e36e9a03e211f2ae3f8a73c386bdd68e-dirty,1,1,1,1,5,547,random_trajectory,17,0,1,5,17,-1341,0,603,605,native
ae0728a3e36e9a03e211f2ae3f8a73c386bdd68e-dirty,1,1,1,1,5,248,heuristic_trajectory,34,0,2,0,3,-429,0,1538,1540,native
ae0728a3e36e9a03e211f2ae3f8a73c386bdd68e-dirty,1,1,1,1,5,548,random_trajectory,17,0,1,0,4,-1838,0,399,401,native
ae0728a3e36e9a03e211f2ae3f8a73c386bdd68e-dirty,1,1,1,1,5,249,heuristic_trajectory,34,0,0,7,2,-250,0,1538,1540,native
ae0728a3e36e9a03e211f2ae3f8a73c386bdd68e-dirty,1,1,1,1,5,549,random_trajectory,17,0,1,0,4,-1838,0,399,401,native
ae0728a3e36e9a03e211f2ae3f8a73c386bdd68e-dirty,1,1,1,1,5,250,heuristic_trajectory,17,0,1,4,2,-419,0,773,775,native
ae0728a3e36e9a03e211f2ae3f8a73c386bdd68e-dirty,1,1,1,1,5,550,random_trajectory,34,0,2,0,18,-2341,0,994,996,native
ae0728a3e36e9a03e211f2ae3f8a73c386bdd68e-dirty,1,1,1,1,5,251,heuristic_trajectory,17,0,1,5,0,-313,0,773,775,native
ae0728a3e36e9a03e211f2ae3f8a73c386bdd68e-dirty,1,1,1,1,5,551,random_trajectory,34,0,2,4,17,-2518,0,688,690,native
ae0728a3e36e9a03e211f2ae3f8a73c386bdd68e-dirty,1,1,1,1,5,252,heuristic_trajectory,34,0,1,5,3,-399,0,1538,1540,native
ae0728a3e36e9a03e211f2ae3f8a73c386bdd68e-dirty,1,1,1,1,5,552,random_trajectory,34,0,2,1,18,-2617,0,416,418,native
ae0728a3e36e9a03e211f2ae3f8a73c386bdd68e-dirty,1,1,1,1,5,253,heuristic_trajectory,34,0,2,5,1,-321,0,1538,1540,native
ae0728a3e36e9a03e211f2ae3f8a73c386bdd68e-dirty,1,1,1,1,5,553,random_trajectory,9,0,0,7,10,-996,0,413,415,native
ae0728a3e36e9a03e211f2ae3f8a73c386bdd68e-dirty,1,1,1,1,5,254,heuristic_trajectory,34,0,1,2,2,-333,0,1538,1540,native
ae0728a3e36e9a03e211f2ae3f8a73c386bdd68e-dirty,1,1,1,1,5,554,random_trajectory,9,0,0,0,0,-48,0,413,415,native
ae0728a3e36e9a03e211f2ae3f8a73c386bdd68e-dirty,1,1,1,1,5,255,heuristic_trajectory,17,0,1,0,2,-314,0,773,775,native
ae0728a3e36e9a03e211f2ae3f8a73c386bdd68e-dirty,1,1,1,1,5,555,random_trajectory,17,0,1,1,4,-752,0,773,775,native
ae0728a3e36e9a03e211f2ae3f8a73c386bdd68e-dirty,1,1,1,1,5,256,heuristic_trajectory,17,0,0,6,2,-237,0,773,775,native
ae0728a3e36e9a03e211f2ae3f8a73c386bdd68e-dirty,1,1,1,1,5,556,random_trajectory,17,0,0,1,18,-2163,0,637,639,native
ae0728a3e36e9a03e211f2ae3f8a73c386bdd68e-dirty,1,1,1,1,5,257,heuristic_trajectory,34,0,1,2,2,-333,0,1538,1540,native
ae0728a3e36e9a03e211f2ae3f8a73c386bdd68e-dirty,1,1,1,1,5,557,random_trajectory,17,0,1,8,9,-1456,0,773,775,native
ae0728a3e36e9a03e211f2ae3f8a73c386bdd68e-dirty,1,1,1,1,5,258,heuristic_trajectory,17,0,1,2,2,-414,0,773,775,native
ae0728a3e36e9a03e211f2ae3f8a73c386bdd68e-dirty,1,1,1,1,5,558,random_trajectory,17,0,0,1,18,-2163,0,637,639,native
ae0728a3e36e9a03e211f2ae3f8a73c386bdd68e-dirty,1,1,1,1,5,259,heuristic_trajectory,9,0,0,5,2,-400,0,413,415,native
ae0728a3e36e9a03e211f2ae3f8a73c386bdd68e-dirty,1,1,1,1,5,559,random_trajectory,34,0,2,1,18,-2617,0,416,418,native
ae0728a3e36e9a03e211f2ae3f8a73c386bdd68e-dirty,1,1,1,1,5,260,heuristic_trajectory,34,0,3,7,1,-278,0,1538,1540,native
ae0728a3e36e9a03e211f2ae3f8a73c386bdd68e-dirty,1,1,1,1,5,560,random_trajectory,17,0,1,2,0,-405,0,773,775,native
ae0728a3e36e9a03e211f2ae3f8a73c386bdd68e-dirty,1,1,1,1,5,261,heuristic_trajectory,17,0,0,4,4,-519,0,773,775,native
ae0728a3e36e9a03e211f2ae3f8a73c386bdd68e-dirty,1,1,1,1,5,561,random_trajectory,34,0,3,8,9,-1732,0,1538,1540,native
ae0728a3e36e9a03e211f2ae3f8a73c386bdd68e-dirty,1,1,1,1,5,262,heuristic_trajectory,17,0,1,9,0,-325,0,773,775,native
ae0728a3e36e9a03e211f2ae3f8a73c386bdd68e-dirty,1,1,1,1,5,562,random_trajectory,34,0,3,3,5,-901,0,1538,1540,native
ae0728a3e36e9a03e211f2ae3f8a73c386bdd68e-dirty,1,1,1,1,5,263,heuristic_trajectory,34,0,3,4,3,-413,0,1538,1540,native
ae0728a3e36e9a03e211f2ae3f8a73c386bdd68e-dirty,1,1,1,1,5,563,random_trajectory,9,0,0,7,10,-996,0,413,415,native
ae0728a3e36e9a03e211f2ae3f8a73c386bdd68e-dirty,1,1,1,1,5,264,heuristic_trajectory,34,0,0,3,0,-96,0,1538,1540,native
ae0728a3e36e9a03e211f2ae3f8a73c386bdd68e-dirty,1,1,1,1,5,564,random_trajectory,9,0,0,7,10,-996,0,413,415,native
ae0728a3e36e9a03e211f2ae3f8a73c386bdd68e-dirty,1,1,1,1,5,265,heuristic_trajectory,9,0,0,4,0,-140,0,413,415,native
ae0728a3e36e9a03e211f2ae3f8a73c386bdd68e-dirty,1,1,1,1,5,565,random_trajectory,9,0,0,8,10,-1813,0,413,415,native
ae0728a3e36e9a03e211f2ae3f8a73c386bdd68e-dirty,1,1,1,1,5,266,heuristic_trajectory,17,0,1,5,3,-512,0,773,775,native
ae0728a3e36e9a03e211f2ae3f8a73c386bdd68e-dirty,1,1,1,1,5,566,random_trajectory,17,0,1,8,9,-1456,0,773,775,native
ae0728a3e36e9a03e211f2ae3f8a73c386bdd68e-dirty,1,1,1,1,5,267,heuristic_trajectory,34,0,1,0,0,-148,0,1538,1540,native
ae0728a3e36e9a03e211f2ae3f8a73c386bdd68e-dirty,1,1,1,1,5,567,random_trajectory,17,0,1,5,7,-2281,0,535,537,native
ae0728a3e36e9a03e211f2ae3f8a73c386bdd68e-dirty,1,1,1,1,5,268,heuristic_trajectory,17,0,0,5,2,-282,0,773,775,native
ae0728a3e36e9a03e211f2ae3f8a73c386bdd68e-dirty,1,1,1,1,5,568,random_trajectory,34,0,2,4,17,-2518,0,688,690,native
ae0728a3e36e9a03e211f2ae3f8a73c386bdd68e-dirty,1,1,1,1,5,269,heuristic_trajectory,34,0,2,0,2,-348,0,1538,1540,native
ae0728a3e36e9a03e211f2ae3f8a73c386bdd68e-dirty,1,1,1,1,5,569,random_trajectory,17,0,1,6,0,-1360,0,773,775,native
ae0728a3e36e9a03e211f2ae3f8a73c386bdd68e-dirty,1,1,1,1,5,270,heuristic_trajectory,17,0,1,4,1,-334,0,773,775,native
ae0728a3e36e9a03e211f2ae3f8a73c386bdd68e-dirty,1,1,1,1,5,570,random_trajectory,34,0,3,8,9,-1732,0,1538,1540,native
ae0728a3e36e9a03e211f2ae3f8a73c386bdd68e-dirty,1,1,1,1,5,271,heuristic_trajectory,17,0,1,2,3,-375,0,773,775,native
ae0728a3e36e9a03e211f2ae3f8a73c386bdd68e-dirty,1,1,1,1,5,571,random_trajectory,17,0,1,2,0,-405,0,773,775,native
ae0728a3e36e9a03e211f2ae3f8a73c386bdd68e-dirty,1,1,1,1,5,272,heuristic_trajectory,34,0,3,8,2,-271,0,1538,1540,native
ae0728a3e36e9a03e211f2ae3f8a73c386bdd68e-dirty,1,1,1,1,5,572,random_trajectory,34,0,2,1,18,-2617,0,416,418,native
ae0728a3e36e9a03e211f2ae3f8a73c386bdd68e-dirty,1,1,1,1,5,273,heuristic_trajectory,17,0,0,4,1,-337,0,773,775,native
ae0728a3e36e9a03e211f2ae3f8a73c386bdd68e-dirty,1,1,1,1,5,573,random_trajectory,34,0,3,8,9,-2060,0,1300,1302,native
ae0728a3e36e9a03e211f2ae3f8a73c386bdd68e-dirty,1,1,1,1,5,274,heuristic_trajectory,9,0,0,0,4,-391,0,413,415,native
ae0728a3e36e9a03e211f2ae3f8a73c386bdd68e-dirty,1,1,1,1,5,574,random_trajectory,17,0,1,8,9,-1456,0,773,775,native
ae0728a3e36e9a03e211f2ae3f8a73c386bdd68e-dirty,1,1,1,1,5,275,heuristic_trajectory,34,0,2,0,3,-429,0,1538,1540,native
ae0728a3e36e9a03e211f2ae3f8a73c386bdd68e-dirty,1,1,1,1,5,575,random_trajectory,9,0,0,8,10,-1813,0,413,415,native
ae0728a3e36e9a03e211f2ae3f8a73c386bdd68e-dirty,1,1,1,1,5,276,heuristic_trajectory,17,0,0,7,4,-544,0,773,775,native
ae0728a3e36e9a03e211f2ae3f8a73c386bdd68e-dirty,1,1,1,1,5,576,random_trajectory,34,0,2,0,18,-2341,0,994,996,native
ae0728a3e36e9a03e211f2ae3f8a73c386bdd68e-dirty,1,1,1,1,5,277,heuristic_trajectory,34,0,1,1,3,-426,0,1538,1540,native
ae0728a3e36e9a03e211f2ae3f8a73c386bdd68e-dirty,1,1,1,1,5,577,random_trajectory,17,0,1,2,0,-405,0,773,775,native
ae0728a3e36e9a03e211f2ae3f8a73c386bdd68e-dirty,1,1,1,1,5,278,heuristic_trajectory,17,0,1,3,1,-181,0,773,775,native
ae0728a3e36e9a03e211f2ae3f8a73c386bdd68e-dirty,1,1,1,1,5,578,random_trajectory,17,0,1,2,0,-405,0,773,775,native
ae0728a3e36e9a03e211f2ae3f8a73c386bdd68e-dirty,1,1,1,1,5,279,heuristic_trajectory,34,0,1,6,2,-311,0,1538,1540,native
ae0728a3e36e9a03e211f2ae3f8a73c386bdd68e-dirty,1,1,1,1,5,579,random_trajectory,34,0,3,3,5,-901,0,1538,1540,native
ae0728a3e36e9a03e211f2ae3f8a73c386bdd68e-dirty,1,1,1,1,5,280,heuristic_trajectory,17,0,1,2,2,-487,0,773,775,native
ae0728a3e36e9a03e211f2ae3f8a73c386bdd68e-dirty,1,1,1,1,5,580,random_trajectory,17,0,1,1,4,-752,0,773,775,native
ae0728a3e36e9a03e211f2ae3f8a73c386bdd68e-dirty,1,1,1,1,5,281,heuristic_trajectory,17,0,0,2,4,-542,0,773,775,native
ae0728a3e36e9a03e211f2ae3f8a73c386bdd68e-dirty,1,1,1,1,5,581,random_trajectory,34,0,3,8,9,-1732,0,1538,1540,native
ae0728a3e36e9a03e211f2ae3f8a73c386bdd68e-dirty,1,1,1,1,5,282,heuristic_trajectory,34,0,3,7,0,-360,0,1538,1540,native
ae0728a3e36e9a03e211f2ae3f8a73c386bdd68e-dirty,1,1,1,1,5,582,random_trajectory,17,0,0,1,18,-2163,0,637,639,native
ae0728a3e36e9a03e211f2ae3f8a73c386bdd68e-dirty,1,1,1,1,5,283,heuristic_trajectory,9,0,0,2,5,-527,0,413,415,native
ae0728a3e36e9a03e211f2ae3f8a73c386bdd68e-dirty,1,1,1,1,5,583,random_trajectory,34,0,2,7,9,-1155,0,1538,1540,native
ae0728a3e36e9a03e211f2ae3f8a73c386bdd68e-dirty,1,1,1,1,5,284,heuristic_trajectory,34,0,2,0,3,-429,0,1538,1540,native
ae0728a3e36e9a03e211f2ae3f8a73c386bdd68e-dirty,1,1,1,1,5,584,random_trajectory,34,0,3,8,0,-152,0,1538,1540,native
ae0728a3e36e9a03e211f2ae3f8a73c386bdd68e-dirty,1,1,1,1,5,285,heuristic_trajectory,9,0,0,6,4,-438,0,413,415,native
ae0728a3e36e9a03e211f2ae3f8a73c386bdd68e-dirty,1,1,1,1,5,585,random_trajectory,34,0,3,8,0,-152,0,1538,1540,native
ae0728a3e36e9a03e211f2ae3f8a73c386bdd68e-dirty,1,1,1,1,5,286,heuristic_trajectory,17,0,1,0,4,-642,0,773,775,native
ae0728a3e36e9a03e211f2ae3f8a73c386bdd68e-dirty,1,1,1,1,5,586,random_trajectory,34,0,3,8,0,-152,0,1538,1540,native
ae0728a3e36e9a03e211f2ae3f8a73c386bdd68e-dirty,1,1,1,1,5,287,heuristic_trajectory,34,0,3,2,0,-202,0,1538,1540,native
ae0728a3e36e9a03e211f2ae3f8a73c386bdd68e-dirty,1,1,1,1,5,587,random_trajectory,17,0,1,6,0,-246,0,773,775,native
ae0728a3e36e9a03e211f2ae3f8a73c386bdd68e-dirty,1,1,1,1,5,288,heuristic_trajectory,17,0,0,0,5,-585,0,773,775,native
ae0728a3e36e9a03e211f2ae3f8a73c386bdd68e-dirty,1,1,1,1,5,588,random_trajectory,17,0,1,6,0,-1360,0,773,775,native
ae0728a3e36e9a03e211f2ae3f8a73c386bdd68e-dirty,1,1,1,1,5,289,heuristic_trajectory,34,0,3,2,0,-202,0,1538,1540,native
ae0728a3e36e9a03e211f2ae3f8a73c386bdd68e-dirty,1,1,1,1,5,589,random_trajectory,17,0,1,6,0,-1360,0,773,775,native
ae0728a3e36e9a03e211f2ae3f8a73c386bdd68e-dirty,1,1,1,1,5,290,heuristic_trajectory,9,0,0,7,4,-456,0,413,415,native
ae0728a3e36e9a03e211f2ae3f8a73c386bdd68e-dirty,1,1,1,1,5,590,random_trajectory,34,0,2,7,9,-1155,0,1538,1540,native
ae0728a3e36e9a03e211f2ae3f8a73c386bdd68e-dirty,1,1,1,1,5,291,heuristic_trajectory,9,0,0,5,4,-547,0,413,415,native
ae0728a3e36e9a03e211f2ae3f8a73c386bdd68e-dirty,1,1,1,1,5,591,random_trajectory,17,0,1,6,0,-246,0,773,775,native
ae0728a3e36e9a03e211f2ae3f8a73c386bdd68e-dirty,1,1,1,1,5,292,heuristic_trajectory,17,0,1,6,5,-656,0,773,775,native
ae0728a3e36e9a03e211f2ae3f8a73c386bdd68e-dirty,1,1,1,1,5,592,random_trajectory,9,0,0,7,10,-996,0,413,415,native
ae0728a3e36e9a03e211f2ae3f8a73c386bdd68e-dirty,1,1,1,1,5,293,heuristic_trajectory,17,0,1,6,6,-755,0,773,775,native
ae0728a3e36e9a03e211f2ae3f8a73c386bdd68e-dirty,1,1,1,1,5,593,random_trajectory,9,0,0,0,0,-48,0,413,415,native
ae0728a3e36e9a03e211f2ae3f8a73c386bdd68e-dirty,1,1,1,1,5,294,heuristic_trajectory,34,0,2,1,0,-100,0,1538,1540,native
ae0728a3e36e9a03e211f2ae3f8a73c386bdd68e-dirty,1,1,1,1,5,594,random_trajectory,17,0,1,5,7,-2281,0,535,537,native
ae0728a3e36e9a03e211f2ae3f8a73c386bdd68e-dirty,1,1,1,1,5,295,heuristic_trajectory,17,0,1,0,2,-314,0,773,775,native
ae0728a3e36e9a03e211f2ae3f8a73c386bdd68e-dirty,1,1,1,1,5,595,random_trajectory,17,0,1,6,0,-246,0,773,775,native
ae0728a3e36e9a03e211f2ae3f8a73c386bdd68e-dirty,1,1,1,1,5,296,heuristic_trajectory,34,0,3,0,3,-528,0,1538,1540,native
ae0728a3e36e9a03e211f2ae3f8a73c386bdd68e-dirty,1,1,1,1,5,596,random_trajectory,17,0,1,2,0,-405,0,773,775,native
ae0728a3e36e9a03e211f2ae3f8a73c386bdd68e-dirty,1,1,1,1,5,297,heuristic_trajectory,34,0,3,0,3,-528,0,1538,1540,native
ae0728a3e36e9a03e211f2ae3f8a73c386bdd68e-dirty,1,1,1,1,5,597,random_trajectory,34,0,2,1,18,-2617,0,416,418,native
ae0728a3e36e9a03e211f2ae3f8a73c386bdd68e-dirty,1,1,1,1,5,298,heuristic_trajectory,9,0,0,1,1,-200,0,413,415,native
ae0728a3e36e9a03e211f2ae3f8a73c386bdd68e-dirty,1,1,1,1,5,598,random_trajectory,17,0,1,2,0,-405,0,773,775,native
ae0728a3e36e9a03e211f2ae3f8a73c386bdd68e-dirty,1,1,1,1,5,299,heuristic_trajectory,17,0,0,6,3,-367,0,773,775,native
ae0728a3e36e9a03e211f2ae3f8a73c386bdd68e-dirty,1,1,1,1,5,599,random_trajectory,17,0,0,0,0,0,1,195,197,native
