commit,arch,board_repr,lanes,depth,precision,state_id,category,root_candidates,leaf_candidates,rotation,x,y,score,no_move,core_cycles,request_interval_cycles,driver
ebde781a11596519c7a452de26bae83348e3cb54-dirty,1,1,1,1,2,802,blocked_spawn,17,0,1,6,0,-8766,0,603,605,native
ebde781a11596519c7a452de26bae83348e3cb54-dirty,1,1,1,1,2,801,equal_scores,34,0,1,4,2,-2298,0,1538,1540,native
ebde781a11596519c7a452de26bae83348e3cb54-dirty,1,1,1,1,2,0,heuristic_trajectory,17,0,0,5,2,-1722,0,773,775,native
ebde781a11596519c7a452de26bae83348e3cb54-dirty,1,1,1,1,2,600,high_stack_holes,34,0,1,4,16,-9378,0,858,860,native
ebde781a11596519c7a452de26bae83348e3cb54-dirty,1,1,1,1,2,800,last_candidate_winner,17,0,1,9,1,-4392,0,773,775,native
ebde781a11596519c7a452de26bae83348e3cb54-dirty,1,1,1,1,2,839,no_move,34,0,0,0,0,0,1,382,384,native
ebde781a11596519c7a452de26bae83348e3cb54-dirty,1,1,1,1,2,300,random_trajectory,34,0,2,7,5,-5790,0,1538,1540,native
ebde781a11596519c7a452de26bae83348e3cb54-dirty,1,1,1,1,2,845,walls,34,0,0,1,0,-840,0,1538,1540,native
ebde781a11596519c7a452de26bae83348e3cb54-dirty,1,1,1,1,2,817,wells,9,0,0,0,6,-3036,0,413,415,native
ebde781a11596519c7a452de26bae83348e3cb54-dirty,1,1,1,1,2,806,blocked_spawn,34,0,1,8,0,-9798,0,824,826,native
ebde781a11596519c7a452de26bae83348e3cb54-dirty,1,1,1,1,2,805,equal_scores,17,0,0,1,0,-852,0,773,775,native
ebde781a11596519c7a452de26bae83348e3cb54-dirty,1,1,1,1,2,1,heuristic_trajectory,17,0,1,0,3,-2032,0,773,775,native
ebde781a11596519c7a452de26bae83348e3cb54-dirty,1,1,1,1,2,601,high_stack_holes,34,0,3,0,16,-11292,0,790,792,native
ebde781a11596519c7a452de26bae83348e3cb54-dirty,1,1,1,1,2,803,last_candidate_winner,9,0,0,8,8,-4800,0,413,415,native
ebde781a11596519c7a452de26bae83348e3cb54-dirty,1,1,1,1,2,882,no_move,17,0,0,0,0,0,1,195,197,native
ebde781a11596519c7a452de26bae83348e3cb54-dirty,1,1,1,1,2,301,random_trajectory,34,0,1,7,4,-4788,0,1538,1540,native
ebde781a11596519c7a452de26bae83348e3cb54-dirty,1,1,1,1,2,851,walls,34,0,0,6,0,-840,0,1538,1540,native
ebde781a11596519c7a452de26bae83348e3cb54-dirty,1,1,1,1,2,827,wells,17,0,1,3,5,-2952,0,773,775,native
ebde781a11596519c7a452de26bae83348e3cb54-dirty,1,1,1,1,2,808,blocked_spawn,17,0,1,1,0,-9738,0,501,503,native
ebde781a11596519c7a452de26bae83348e3cb54-dirty,1,1,1,1,2,809,equal_scores,9,0,0,2,2,-1344,0,413,415,native
ebde781a11596519c7a452de26bae83348e3cb54-dirty,1,1,1,1,2,2,heuristic_trajectory,17,0,0,5,2,-1426,0,773,775,native
ebde781a11596519c7a452de26bae83348e3cb54-dirty,1,1,1,1,2,602,high_stack_holes,34,0,3,3,12,-9294,0,1538,1540,native
ebde781a11596519c7a452de26bae83348e3cb54-dirty,1,1,1,1,2,804,last_candidate_winner,17,0,1,8,2,-2754,0,773,775,native
ebde781a11596519c7a452de26bae83348e3cb54-dirty,1,1,1,1,2,888,no_move,34,0,0,0,0,0,1,382,384,native
ebde781a11596519c7a452de26bae83348e3cb54-dirty,1,1,1,1,2,302,random_trajectory,34,0,1,7,4,-4788,0,1538,1540,native
ebde781a11596519c7a452de26bae83348e3cb54-dirty,1,1,1,1,2,898,walls,9,0,0,6,0,-804,0,413,415,native
ebde781a11596519c7a452de26bae83348e3cb54-dirty,1,1,1,1,2,832,wells,17,0,1,2,5,-2716,0,773,775,native
ebde781a11596519c7a452de26bae83348e3cb54-dirty,1,1,1,1,2,811,blocked_spawn,17,0,1,8,0,-5568,0,671,673,native
ebde781a11596519c7a452de26bae83348e3cb54-dirty,1,1,1,1,2,821,equal_scores,34,0,2,1,3,-2622,0,1538,1540,native
ebde781a11596519c7a452de26bae83348e3cb54-dirty,1,1,1,1,2,3,heuristic_trajectory,34,0,1,6,0,-838,0,1538,1540,native
ebde781a11596519c7a452de26bae83348e3cb54-dirty,1,1,1,1,2,603,high_stack_holes,34,0,1,6,14,-8940,0,1232,1234,native
ebde781a11596519c7a452de26bae83348e3cb54-dirty,1,1,1,1,2,807,last_candidate_winner,17,0,1,8,2,-1738,0,773,775,native
ebde781a11596519c7a452de26bae83348e3cb54-dirty,1,1,1,1,2,942,no_move,17,0,0,0,0,0,1,195,197,native
ebde781a11596519c7a452de26bae83348e3cb54-dirty,1,1,1,1,2,303,random_trajectory,17,0,1,0,8,-11262,0,263,265,native
ebde781a11596519c7a452de26bae83348e3cb54-dirty,1,1,1,1,2,911,walls,17,0,0,0,0,-924,0,773,775,native
ebde781a11596519c7a452de26bae83348e3cb54-dirty,1,1,1,1,2,846,wells,9,0,0,0,6,-3000,0,413,415,native
ebde781a11596519c7a452de26bae83348e3cb54-dirty,1,1,1,1,2,813,blocked_spawn,17,0,0,0,0,-8478,0,399,401,native
ebde781a11596519c7a452de26bae83348e3cb54-dirty,1,1,1,1,2,822,equal_scores,34,0,0,1,3,-1836,0,1538,1540,native
ebde781a11596519c7a452de26bae83348e3cb54-dirty,1,1,1,1,2,4,heuristic_trajectory,34,0,3,3,4,-2928,0,1538,1540,native
ebde781a11596519c7a452de26bae83348e3cb54-dirty,1,1,1,1,2,604,high_stack_holes,34,0,3,3,16,-12630,0,586,588,native
ebde781a11596519c7a452de26bae83348e3cb54-dirty,1,1,1,1,2,810,last_candidate_winner,17,0,1,8,1,-1620,0,773,775,native
ebde781a11596519c7a452de26bae83348e3cb54-dirty,1,1,1,1,2,969,no_move,9,0,0,0,0,0,1,107,109,native
ebde781a11596519c7a452de26bae83348e3cb54-dirty,1,1,1,1,2,304,random_trajectory,17,0,1,7,4,-4488,0,773,775,native
ebde781a11596519c7a452de26bae83348e3cb54-dirty,1,1,1,1,2,914,walls,17,0,0,1,0,-888,0,773,775,native
ebde781a11596519c7a452de26bae83348e3cb54-dirty,1,1,1,1,2,848,wells,17,0,1,3,5,-2952,0,773,775,native
ebde781a11596519c7a452de26bae83348e3cb54-dirty,1,1,1,1,2,814,blocked_spawn,17,0,1,4,0,-8058,0,331,333,native
ebde781a11596519c7a452de26bae83348e3cb54-dirty,1,1,1,1,2,830,equal_scores,17,0,1,5,2,-1812,0,773,775,native
ebde781a11596519c7a452de26bae83348e3cb54-dirty,1,1,1,1,2,5,heuristic_trajectory,9,0,0,6,2,-1794,0,413,415,native
ebde781a11596519c7a452de26bae83348e3cb54-dirty,1,1,1,1,2,605,high_stack_holes,34,0,3,6,3,-2266,0,1538,1540,native
ebde781a11596519c7a452de26bae83348e3cb54-dirty,1,1,1,1,2,812,last_candidate_winner,17,0,1,9,2,-1830,0,773,775,native
ebde781a11596519c7a452de26bae83348e3cb54-dirty,1,1,1,1,2,976,no_move,17,0,0,0,0,0,1,195,197,native
ebde781a11596519c7a452de26bae83348e3cb54-dirty,1,1,1,1,2,305,random_trajectory,17,0,1,4,15,-7380,0,773,775,native
ebde781a11596519c7a452de26bae83348e3cb54-dirty,1,1,1,1,2,922,walls,34,0,0,0,0,-840,0,1538,1540,native
ebde781a11596519c7a452de26bae83348e3cb54-dirty,1,1,1,1,2,858,wells,34,0,3,6,4,-2656,0,1538,1540,native
ebde781a11596519c7a452de26bae83348e3cb54-dirty,1,1,1,1,2,815,blocked_spawn,34,0,1,3,0,-10728,0,552,554,native
ebde781a11596519c7a452de26bae83348e3cb54-dirty,1,1,1,1,2,831,equal_scores,17,0,0,4,1,-1008,0,773,775,native
ebde781a11596519c7a452de26bae83348e3cb54-dirty,1,1,1,1,2,6,heuristic_trajectory,17,0,1,0,4,-2350,0,773,775,native
ebde781a11596519c7a452de26bae83348e3cb54-dirty,1,1,1,1,2,606,high_stack_holes,17,0,1,2,15,-9726,0,603,605,native
ebde781a11596519c7a452de26bae83348e3cb54-dirty,1,1,1,1,2,816,last_candidate_winner,34,0,3,8,2,-1408,0,1538,1540,native
ebde781a11596519c7a452de26bae83348e3cb54-dirty,1,1,1,1,2,986,no_move,9,0,0,0,0,0,1,107,109,native
ebde781a11596519c7a452de26bae83348e3cb54-dirty,1,1,1,1,2,306,random_trajectory,9,0,0,0,0,-1266,0,413,415,native
ebde781a11596519c7a452de26bae83348e3cb54-dirty,1,1,1,1,2,941,walls,17,0,0,6,0,-924,0,773,775,native
ebde781a11596519c7a452de26bae83348e3cb54-dirty,1,1,1,1,2,867,wells,34,0,2,6,5,-2680,0,1538,1540,native
ebde781a11596519c7a452de26bae83348e3cb54-dirty,1,1,1,1,2,818,blocked_spawn,9,0,0,5,0,-9312,0,209,211,native
ebde781a11596519c7a452de26bae83348e3cb54-dirty,1,1,1,1,2,836,equal_scores,34,0,1,7,2,-1902,0,1538,1540,native
ebde781a11596519c7a452de26bae83348e3cb54-dirty,1,1,1,1,2,7,heuristic_trajectory,9,0,0,8,3,-1560,0,413,415,native
ebde781a11596519c7a452de26bae83348e3cb54-dirty,1,1,1,1,2,607,high_stack_holes,34,0,1,7,16,-11640,0,1334,1336,native
ebde781a11596519c7a452de26bae83348e3cb54-dirty,1,1,1,1,2,819,last_candidate_winner,17,0,1,9,0,-1322,0,773,775,native
ebde781a11596519c7a452de26bae83348e3cb54-dirty,1,1,1,1,2,307,random_trajectory,17,0,1,0,17,-12162,0,263,265,native
ebde781a11596519c7a452de26bae83348e3cb54-dirty,1,1,1,1,2,961,walls,17,0,0,6,0,-888,0,773,775,native
ebde781a11596519c7a452de26bae83348e3cb54-dirty,1,1,1,1,2,868,wells,9,0,0,0,6,-3060,0,413,415,native
ebde781a11596519c7a452de26bae83348e3cb54-dirty,1,1,1,1,2,820,blocked_spawn,34,0,0,1,0,-6930,0,1096,1098,native
ebde781a11596519c7a452de26bae83348e3cb54-dirty,1,1,1,1,2,837,equal_scores,9,0,0,0,1,-1152,0,413,415,native
ebde781a11596519c7a452de26bae83348e3cb54-dirty,1,1,1,1,2,8,heuristic_trajectory,17,0,0,2,7,-2946,0,773,775,native
ebde781a11596519c7a452de26bae83348e3cb54-dirty,1,1,1,1,2,608,high_stack_holes,17,0,0,6,16,-8946,0,773,775,native
ebde781a11596519c7a452de26bae83348e3cb54-dirty,1,1,1,1,2,824,last_candidate_winner,17,0,1,8,0,-1182,0,773,775,native
ebde781a11596519c7a452de26bae83348e3cb54-dirty,1,1,1,1,2,308,random_trajectory,9,0,0,8,6,-8340,0,413,415,native
ebde781a11596519c7a452de26bae83348e3cb54-dirty,1,1,1,1,2,977,walls,17,0,0,6,0,-226,0,773,775,native
ebde781a11596519c7a452de26bae83348e3cb54-dirty,1,1,1,1,2,890,wells,9,0,0,8,6,-2928,0,413,415,native
ebde781a11596519c7a452de26bae83348e3cb54-dirty,1,1,1,1,2,823,blocked_spawn,34,0,1,7,16,-11604,0,688,690,native
ebde781a11596519c7a452de26bae83348e3cb54-dirty,1,1,1,1,2,849,equal_scores,9,0,0,4,4,-2460,0,413,415,native
ebde781a11596519c7a452de26bae83348e3cb54-dirty,1,1,1,1,2,9,heuristic_trajectory,17,0,1,0,4,-2610,0,773,775,native
ebde781a11596519c7a452de26bae83348e3cb54-dirty,1,1,1,1,2,609,high_stack_holes,34,0,1,2,14,-9228,0,1266,1268,native
ebde781a11596519c7a452de26bae83348e3cb54-dirty,1,1,1,1,2,825,last_candidate_winner,17,0,1,9,0,-166,0,773,775,native
ebde781a11596519c7a452de26bae83348e3cb54-dirty,1,1,1,1,2,309,random_trajectory,17,0,1,3,4,-2190,0,773,775,native
ebde781a11596519c7a452de26bae83348e3cb54-dirty,1,1,1,1,2,980,walls,34,0,0,6,0,-840,0,1538,1540,native
ebde781a11596519c7a452de26bae83348e3cb54-dirty,1,1,1,1,2,894,wells,34,0,1,4,4,-2072,0,1538,1540,native
ebde781a11596519c7a452de26bae83348e3cb54-dirty,1,1,1,1,2,828,blocked_spawn,17,0,1,8,0,-10530,0,331,333,native
ebde781a11596519c7a452de26bae83348e3cb54-dirty,1,1,1,1,2,853,equal_scores,9,0,0,0,1,-972,0,413,415,native
ebde781a11596519c7a452de26bae83348e3cb54-dirty,1,1,1,1,2,10,heuristic_trajectory,17,0,0,3,1,-550,0,773,775,native
ebde781a11596519c7a452de26bae83348e3cb54-dirty,1,1,1,1,2,610,high_stack_holes,34,0,3,8,17,-11520,0,1062,1064,native
ebde781a11596519c7a452de26bae83348e3cb54-dirty,1,1,1,1,2,826,last_candidate_winner,17,0,1,9,3,-2200,0,773,775,native
ebde781a11596519c7a452de26bae83348e3cb54-dirty,1,1,1,1,2,310,random_trajectory,17,0,1,0,5,-10290,0,365,367,native
ebde781a11596519c7a452de26bae83348e3cb54-dirty,1,1,1,1,2,993,walls,34,0,0,6,0,-804,0,1538,1540,native
ebde781a11596519c7a452de26bae83348e3cb54-dirty,1,1,1,1,2,895,wells,17,0,1,9,0,-568,0,773,775,native
ebde781a11596519c7a452de26bae83348e3cb54-dirty,1,1,1,1,2,834,blocked_spawn,34,0,0,4,0,-7536,0,1300,1302,native
ebde781a11596519c7a452de26bae83348e3cb54-dirty,1,1,1,1,2,863,equal_scores,9,0,0,1,0,-684,0,413,415,native
ebde781a11596519c7a452de26bae83348e3cb54-dirty,1,1,1,1,2,11,heuristic_trajectory,34,0,2,5,2,-1196,0,1538,1540,native
ebde781a11596519c7a452de26bae83348e3cb54-dirty,1,1,1,1,2,611,high_stack_holes,17,0,1,0,7,-5208,0,773,775,native
ebde781a11596519c7a452de26bae83348e3cb54-dirty,1,1,1,1,2,829,last_candidate_winner,34,0,3,8,1,-1428,0,1538,1540,native
ebde781a11596519c7a452de26bae83348e3cb54-dirty,1,1,1,1,2,311,random_trajectory,17,0,0,0,0,-210,0,773,775,native
ebde781a11596519c7a452de26bae83348e3cb54-dirty,1,1,1,1,2,907,wells,34,0,3,8,5,-2716,0,1538,1540,native
ebde781a11596519c7a452de26bae83348e3cb54-dirty,1,1,1,1,2,835,blocked_spawn,34,0,3,0,0,-5478,0,790,792,native
ebde781a11596519c7a452de26bae83348e3cb54-dirty,1,1,1,1,2,870,equal_scores,17,0,0,2,2,-1638,0,773,775,native
ebde781a11596519c7a452de26bae83348e3cb54-dirty,1,1,1,1,2,12,heuristic_trajectory,17,0,1,8,5,-3238,0,773,775,native
ebde781a11596519c7a452de26bae83348e3cb54-dirty,1,1,1,1,2,612,high_stack_holes,17,0,1,1,13,-9420,0,433,435,native
ebde781a11596519c7a452de26bae83348e3cb54-dirty,1,1,1,1,2,833,last_candidate_winner,34,0,3,8,1,-1030,0,1538,1540,native
ebde781a11596519c7a452de26bae83348e3cb54-dirty,1,1,1,1,2,312,random_trajectory,9,0,0,7,4,-4134,0,413,415,native
ebde781a11596519c7a452de26bae83348e3cb54-dirty,1,1,1,1,2,908,wells,34,0,3,1,4,-2012,0,1538,1540,native
ebde781a11596519c7a452de26bae83348e3cb54-dirty,1,1,1,1,2,838,blocked_spawn,17,0,1,2,0,-9192,0,433,435,native
ebde781a11596519c7a452de26bae83348e3cb54-dirty,1,1,1,1,2,878,equal_scores,9,0,0,4,3,-2376,0,413,415,native
ebde781a11596519c7a452de26bae83348e3cb54-dirty,1,1,1,1,2,13,heuristic_trajectory,34,0,1,1,0,-706,0,1538,1540,native
ebde781a11596519c7a452de26bae83348e3cb54-dirty,1,1,1,1,2,613,high_stack_holes,34,0,1,4,15,-13146,0,586,588,native
ebde781a11596519c7a452de26bae83348e3cb54-dirty,1,1,1,1,2,841,last_candidate_winner,17,0,1,8,0,-738,0,773,775,native
ebde781a11596519c7a452de26bae83348e3cb54-dirty,1,1,1,1,2,313,random_trajectory,34,0,1,5,15,-9984,0,756,758,native
ebde781a11596519c7a452de26bae83348e3cb54-dirty,1,1,1,1,2,929,wells,34,0,1,0,5,-2680,0,1538,1540,native
ebde781a11596519c7a452de26bae83348e3cb54-dirty,1,1,1,1,2,840,blocked_spawn,34,0,0,6,0,-7416,0,790,792,native
ebde781a11596519c7a452de26bae83348e3cb54-dirty,1,1,1,1,2,880,equal_scores,9,0,0,0,3,-2112,0,413,415,native
ebde781a11596519c7a452de26bae83348e3cb54-dirty,1,1,1,1,2,14,heuristic_trajectory,17,0,0,5,2,-1650,0,773,775,native
ebde781a11596519c7a452de26bae83348e3cb54-dirty,1,1,1,1,2,614,high_stack_holes,17,0,0,0,0,-600,0,773,775,native
ebde781a11596519c7a452de26bae83348e3cb54-dirty,1,1,1,1,2,847,last_candidate_winner,34,0,3,8,1,-1012,0,1538,1540,native
ebde781a11596519c7a452de26bae83348e3cb54-dirty,1,1,1,1,2,314,random_trajectory,9,0,0,0,0,-1266,0,413,415,native
ebde781a11596519c7a452de26bae83348e3cb54-dirty,1,1,1,1,2,937,wells,34,0,2,2,5,-3024,0,1538,1540,native
ebde781a11596519c7a452de26bae83348e3cb54-dirty,1,1,1,1,2,842,blocked_spawn,17,0,1,1,0,-3966,0,569,571,native
ebde781a11596519c7a452de26bae83348e3cb54-dirty,1,1,1,1,2,886,equal_scores,17,0,0,2,0,-1578,0,773,775,native
ebde781a11596519c7a452de26bae83348e3cb54-dirty,1,1,1,1,2,15,heuristic_trajectory,17,0,1,0,5,-2286,0,773,775,native
ebde781a11596519c7a452de26bae83348e3cb54-dirty,1,1,1,1,2,615,high_stack_holes,17,0,0,6,12,-8712,0,535,537,native
ebde781a11596519c7a452de26bae83348e3cb54-dirty,1,1,1,1,2,850,last_candidate_winner,17,0,1,8,0,-1446,0,773,775,native
ebde781a11596519c7a452de26bae83348e3cb54-dirty,1,1,1,1,2,315,random_trajectory,9,0,0,0,6,-11004,0,175,177,native
ebde781a11596519c7a452de26bae83348e3cb54-dirty,1,1,1,1,2,943,wells,17,0,1,0,5,-2734,0,773,775,native
ebde781a11596519c7a452de26bae83348e3cb54-dirty,1,1,1,1,2,843,blocked_spawn,34,0,1,6,0,-10890,0,552,554,native
ebde781a11596519c7a452de26bae83348e3cb54-dirty,1,1,1,1,2,887,equal_scores,17,0,0,2,4,-2118,0,773,775,native
ebde781a11596519c7a452de26bae83348e3cb54-dirty,1,1,1,1,2,16,heuristic_trajectory,34,0,1,8,0,-502,0,1538,1540,native
ebde781a11596519c7a452de26bae83348e3cb54-dirty,1,1,1,1,2,616,high_stack_holes,34,0,1,0,17,-11844,0,790,792,native
ebde781a11596519c7a452de26bae83348e3cb54-dirty,1,1,1,1,2,857,last_candidate_winner,34,0,3,8,0,-874,0,1538,1540,native
ebde781a11596519c7a452de26bae83348e3cb54-dirty,1,1,1,1,2,316,random_trajectory,34,0,1,5,0,-1494,0,1538,1540,native
ebde781a11596519c7a452de26bae83348e3cb54-dirty,1,1,1,1,2,945,wells,34,0,2,7,5,-2698,0,1538,1540,native
ebde781a11596519c7a452de26bae83348e3cb54-dirty,1,1,1,1,2,844,blocked_spawn,9,0,0,1,0,-4698,0,379,381,native
ebde781a11596519c7a452de26bae83348e3cb54-dirty,1,1,1,1,2,896,equal_scores,17,0,1,0,6,-3348,0,773,775,native
ebde781a11596519c7a452de26bae83348e3cb54-dirty,1,1,1,1,2,17,heuristic_trajectory,17,0,0,6,2,-894,0,773,775,native
ebde781a11596519c7a452de26bae83348e3cb54-dirty,1,1,1,1,2,617,high_stack_holes,34,0,2,5,13,-9810,0,1538,1540,native
ebde781a11596519c7a452de26bae83348e3cb54-dirty,1,1,1,1,2,859,last_candidate_winner,34,0,3,8,3,-1752,0,1538,1540,native
ebde781a11596519c7a452de26bae83348e3cb54-dirty,1,1,1,1,2,317,random_trajectory,17,0,1,0,5,-10290,0,365,367,native
ebde781a11596519c7a452de26bae83348e3cb54-dirty,1,1,1,1,2,948,wells,17,0,0,7,6,-3012,0,773,775,native
ebde781a11596519c7a452de26bae83348e3cb54-dirty,1,1,1,1,2,852,blocked_spawn,34,0,2,1,17,-12324,0,722,724,native
ebde781a11596519c7a452de26bae83348e3cb54-dirty,1,1,1,1,2,897,equal_scores,9,0,0,1,0,-798,0,413,415,native
ebde781a11596519c7a452de26bae83348e3cb54-dirty,1,1,1,1,2,18,heuristic_trajectory,34,0,3,2,2,-1348,0,1538,1540,native
ebde781a11596519c7a452de26bae83348e3cb54-dirty,1,1,1,1,2,618,high_stack_holes,9,0,0,1,18,-8856,0,311,313,native
ebde781a11596519c7a452de26bae83348e3cb54-dirty,1,1,1,1,2,865,last_candidate_winner,34,0,3,8,0,-592,0,1538,1540,native
ebde781a11596519c7a452de26bae83348e3cb54-dirty,1,1,1,1,2,318,random_trajectory,17,0,1,4,15,-7380,0,773,775,native
ebde781a11596519c7a452de26bae83348e3cb54-dirty,1,1,1,1,2,957,wells,17,0,1,1,5,-2752,0,773,775,native
ebde781a11596519c7a452de26bae83348e3cb54-dirty,1,1,1,1,2,854,blocked_spawn,17,0,1,3,0,-9996,0,535,537,native
ebde781a11596519c7a452de26bae83348e3cb54-dirty,1,1,1,1,2,899,equal_scores,17,0,0,4,0,-666,0,773,775,native
ebde781a11596519c7a452de26bae83348e3cb54-dirty,1,1,1,1,2,19,heuristic_trajectory,34,0,1,2,2,-2004,0,1538,1540,native
ebde781a11596519c7a452de26bae83348e3cb54-dirty,1,1,1,1,2,619,high_stack_holes,9,0,0,3,17,-11850,0,277,279,native
ebde781a11596519c7a452de26bae83348e3cb54-dirty,1,1,1,1,2,869,last_candidate_winner,17,0,1,9,2,-3648,0,773,775,native
ebde781a11596519c7a452de26bae83348e3cb54-dirty,1,1,1,1,2,319,random_trajectory,9,0,0,0,6,-11004,0,175,177,native
ebde781a11596519c7a452de26bae83348e3cb54-dirty,1,1,1,1,2,962,wells,17,0,1,0,0,-1176,0,773,775,native
ebde781a11596519c7a452de26bae83348e3cb54-dirty,1,1,1,1,2,855,blocked_spawn,17,0,0,4,0,-7608,0,705,707,native
ebde781a11596519c7a452de26bae83348e3cb54-dirty,1,1,1,1,2,905,equal_scores,17,0,1,3,0,-1062,0,773,775,native
ebde781a11596519c7a452de26bae83348e3cb54-dirty,1,1,1,1,2,20,heuristic_trajectory,34,0,2,3,0,-954,0,1538,1540,native
ebde781a11596519c7a452de26bae83348e3cb54-dirty,1,1,1,1,2,620,high_stack_holes,9,0,0,0,0,0,1,107,109,native
ebde781a11596519c7a452de26bae83348e3cb54-dirty,1,1,1,1,2,876,last_candidate_winner,34,0,3,8,3,-3190,0,1538,1540,native
ebde781a11596519c7a452de26bae83348e3cb54-dirty,1,1,1,1,2,320,random_trajectory,34,0,1,5,0,-2682,0,1538,1540,native
ebde781a11596519c7a452de26bae83348e3cb54-dirty,1,1,1,1,2,967,wells,17,0,1,7,5,-2752,0,773,775,native
ebde781a11596519c7a452de26bae83348e3cb54-dirty,1,1,1,1,2,856,blocked_spawn,34,0,1,6,0,-6840,0,1198,1200,native
ebde781a11596519c7a452de26bae83348e3cb54-dirty,1,1,1,1,2,909,equal_scores,9,0,0,1,4,-1872,0,413,415,native
ebde781a11596519c7a452de26bae83348e3cb54-dirty,1,1,1,1,2,21,heuristic_trajectory,34,0,0,7,5,-2914,0,1538,1540,native
ebde781a11596519c7a452de26bae83348e3cb54-dirty,1,1,1,1,2,621,high_stack_holes,17,0,1,2,13,-9426,0,433,435,native
ebde781a11596519c7a452de26bae83348e3cb54-dirty,1,1,1,1,2,877,last_candidate_winner,17,0,1,8,0,-544,0,773,775,native
ebde781a11596519c7a452de26bae83348e3cb54-dirty,1,1,1,1,2,321,random_trajectory,9,0,0,0,0,-1266,0,413,415,native
ebde781a11596519c7a452de26bae83348e3cb54-dirty,1,1,1,1,2,984,wells,17,0,0,1,6,-3162,0,773,775,native
ebde781a11596519c7a452de26bae83348e3cb54-dirty,1,1,1,1,2,860,blocked_spawn,17,0,0,1,0,-6972,0,501,503,native
ebde781a11596519c7a452de26bae83348e3cb54-dirty,1,1,1,1,2,910,equal_scores,17,0,0,3,3,-1656,0,773,775,native
ebde781a11596519c7a452de26bae83348e3cb54-dirty,1,1,1,1,2,22,heuristic_trajectory,34,0,3,8,2,-1750,0,1538,1540,native
ebde781a11596519c7a452de26bae83348e3cb54-dirty,1,1,1,1,2,622,high_stack_holes,17,0,1,1,15,-9972,0,569,571,native
ebde781a11596519c7a452de26bae83348e3cb54-dirty,1,1,1,1,2,883,last_candidate_winner,34,0,3,8,7,-4600,0,1538,1540,native
ebde781a11596519c7a452de26bae83348e3cb54-dirty,1,1,1,1,2,322,random_trajectory,34,0,3,0,11,-11484,0,484,486,native
ebde781a11596519c7a452de26bae83348e3cb54-dirty,1,1,1,1,2,990,wells,34,0,3,3,4,-2072,0,1538,1540,native
ebde781a11596519c7a452de26bae83348e3cb54-dirty,1,1,1,1,2,861,blocked_spawn,17,0,1,1,0,-7506,0,603,605,native
ebde781a11596519c7a452de26bae83348e3cb54-dirty,1,1,1,1,2,912,equal_scores,34,0,3,1,2,-2052,0,1538,1540,native
ebde781a11596519c7a452de26bae83348e3cb54-dirty,1,1,1,1,2,23,heuristic_trajectory,34,0,2,2,8,-3174,0,1538,1540,native
ebde781a11596519c7a452de26bae83348e3cb54-dirty,1,1,1,1,2,623,high_stack_holes,17,0,0,7,6,-3918,0,773,775,native
ebde781a11596519c7a452de26bae83348e3cb54-dirty,1,1,1,1,2,893,last_candidate_winner,34,0,3,8,3,-1942,0,1538,1540,native
ebde781a11596519c7a452de26bae83348e3cb54-dirty,1,1,1,1,2,323,random_trajectory,17,0,1,0,17,-12162,0,263,265,native
ebde781a11596519c7a452de26bae83348e3cb54-dirty,1,1,1,1,2,994,wells,34,0,1,0,4,-2090,0,1538,1540,native
ebde781a11596519c7a452de26bae83348e3cb54-dirty,1,1,1,1,2,862,blocked_spawn,17,0,1,6,17,-11538,0,399,401,native
ebde781a11596519c7a452de26bae83348e3cb54-dirty,1,1,1,1,2,917,equal_scores,17,0,0,4,2,-1734,0,773,775,native
ebde781a11596519c7a452de26bae83348e3cb54-dirty,1,1,1,1,2,24,heuristic_trajectory,17,0,0,4,4,-2436,0,773,775,native
ebde781a11596519c7a452de26bae83348e3cb54-dirty,1,1,1,1,2,624,high_stack_holes,17,0,1,5,13,-9864,0,467,469,native
ebde781a11596519c7a452de26bae83348e3cb54-dirty,1,1,1,1,2,900,last_candidate_winner,17,0,1,9,2,-1804,0,773,775,native
ebde781a11596519c7a452de26bae83348e3cb54-dirty,1,1,1,1,2,324,random_trajectory,34,0,3,4,15,-8964,0,1062,1064,native
ebde781a11596519c7a452de26bae83348e3cb54-dirty,1,1,1,1,2,864,blocked_spawn,17,0,1,1,0,-11418,0,297,299,native
ebde781a11596519c7a452de26bae83348e3cb54-dirty,1,1,1,1,2,919,equal_scores,17,0,0,3,0,-666,0,773,775,native
ebde781a11596519c7a452de26bae83348e3cb54-dirty,1,1,1,1,2,25,heuristic_trajectory,17,0,1,9,0,-1398,0,773,775,native
ebde781a11596519c7a452de26bae83348e3cb54-dirty,1,1,1,1,2,625,high_stack_holes,9,0,0,7,17,-11520,0,243,245,native
ebde781a11596519c7a452de26bae83348e3cb54-dirty,1,1,1,1,2,904,last_candidate_winner,34,0,3,8,1,-1140,0,1538,1540,native
ebde781a11596519c7a452de26bae83348e3cb54-dirty,1,1,1,1,2,325,random_trajectory,17,0,1,9,8,-10716,0,297,299,native
ebde781a11596519c7a452de26bae83348e3cb54-dirty,1,1,1,1,2,866,blocked_spawn,34,0,1,8,0,-9990,0,552,554,native
ebde781a11596519c7a452de26bae83348e3cb54-dirty,1,1,1,1,2,920,equal_scores,34,0,0,0,0,-438,0,1538,1540,native
ebde781a11596519c7a452de26bae83348e3cb54-dirty,1,1,1,1,2,26,heuristic_trajectory,9,0,0,0,8,-3432,0,413,415,native
ebde781a11596519c7a452de26bae83348e3cb54-dirty,1,1,1,1,2,626,high_stack_holes,17,0,0,1,11,-6324,0,773,775,native
ebde781a11596519c7a452de26bae83348e3cb54-dirty,1,1,1,1,2,915,last_candidate_winner,34,0,3,8,1,-1422,0,1538,1540,native
ebde781a11596519c7a452de26bae83348e3cb54-dirty,1,1,1,1,2,326,random_trajectory,34,0,1,5,15,-9984,0,756,758,native
ebde781a11596519c7a452de26bae83348e3cb54-dirty,1,1,1,1,2,871,blocked_spawn,9,0,0,3,0,-5352,0,345,347,native
ebde781a11596519c7a452de26bae83348e3cb54-dirty,1,1,1,1,2,924,equal_scores,34,0,1,1,2,-2040,0,1538,1540,native
ebde781a11596519c7a452de26bae83348e3cb54-dirty,1,1,1,1,2,27,heuristic_trajectory,34,0,2,0,2,-1782,0,1538,1540,native
ebde781a11596519c7a452de26bae83348e3cb54-dirty,1,1,1,1,2,627,high_stack_holes,17,0,1,0,13,-8610,0,467,469,native
ebde781a11596519c7a452de26bae83348e3cb54-dirty,1,1,1,1,2,918,last_candidate_winner,17,0,1,8,1,-1386,0,773,775,native
ebde781a11596519c7a452de26bae83348e3cb54-dirty,1,1,1,1,2,327,random_trajectory,34,0,1,8,8,-8514,0,1538,1540,native
ebde781a11596519c7a452de26bae83348e3cb54-dirty,1,1,1,1,2,872,blocked_spawn,34,0,1,7,0,-10524,0,722,724,native
ebde781a11596519c7a452de26bae83348e3cb54-dirty,1,1,1,1,2,925,equal_scores,34,0,0,3,5,-2604,0,1538,1540,native
ebde781a11596519c7a452de26bae83348e3cb54-dirty,1,1,1,1,2,28,heuristic_trajectory,9,0,0,1,4,-2154,0,413,415,native
ebde781a11596519c7a452de26bae83348e3cb54-dirty,1,1,1,1,2,628,high_stack_holes,17,0,1,1,1,-12858,0,331,333,native
ebde781a11596519c7a452de26bae83348e3cb54-dirty,1,1,1,1,2,921,last_candidate_winner,34,0,3,8,0,-666,0,1538,1540,native
ebde781a11596519c7a452de26bae83348e3cb54-dirty,1,1,1,1,2,328,random_trajectory,17,0,1,9,12,-11736,0,297,299,native
ebde781a11596519c7a452de26bae83348e3cb54-dirty,1,1,1,1,2,873,blocked_spawn,34,0,2,7,18,-13110,0,416,418,native
ebde781a11596519c7a452de26bae83348e3cb54-dirty,1,1,1,1,2,928,equal_scores,34,0,1,3,1,-1524,0,1538,1540,native
ebde781a11596519c7a452de26bae83348e3cb54-dirty,1,1,1,1,2,29,heuristic_trajectory,17,0,1,6,0,-622,0,773,775,native
ebde781a11596519c7a452de26bae83348e3cb54-dirty,1,1,1,1,2,629,high_stack_holes,17,0,0,5,0,-2196,0,773,775,native
ebde781a11596519c7a452de26bae83348e3cb54-dirty,1,1,1,1,2,932,last_candidate_winner,17,0,1,9,2,-1594,0,773,775,native
ebde781a11596519c7a452de26bae83348e3cb54-dirty,1,1,1,1,2,329,random_trajectory,34,0,0,0,0,-906,0,1538,1540,native
ebde781a11596519c7a452de26bae83348e3cb54-dirty,1,1,1,1,2,874,blocked_spawn,34,0,3,3,17,-11046,0,790,792,native
ebde781a11596519c7a452de26bae83348e3cb54-dirty,1,1,1,1,2,930,equal_scores,34,0,2,2,0,-894,0,1538,1540,native
ebde781a11596519c7a452de26bae83348e3cb54-dirty,1,1,1,1,2,30,heuristic_trajectory,34,0,2,6,2,-1522,0,1538,1540,native
ebde781a11596519c7a452de26bae83348e3cb54-dirty,1,1,1,1,2,630,high_stack_holes,34,0,2,1,14,-8430,0,1164,1166,native
ebde781a11596519c7a452de26bae83348e3cb54-dirty,1,1,1,1,2,935,last_candidate_winner,34,0,3,8,3,-2602,0,1538,1540,native
ebde781a11596519c7a452de26bae83348e3cb54-dirty,1,1,1,1,2,330,random_trajectory,9,0,0,0,0,-1266,0,413,415,native
ebde781a11596519c7a452de26bae83348e3cb54-dirty,1,1,1,1,2,875,blocked_spawn,17,0,1,4,17,-11406,0,297,299,native
ebde781a11596519c7a452de26bae83348e3cb54-dirty,1,1,1,1,2,934,equal_scores,34,0,0,7,2,-1068,0,1538,1540,native
ebde781a11596519c7a452de26bae83348e3cb54-dirty,1,1,1,1,2,31,heuristic_trajectory,9,0,0,2,1,-1188,0,413,415,native
ebde781a11596519c7a452de26bae83348e3cb54-dirty,1,1,1,1,2,631,high_stack_holes,34,0,3,0,17,-11676,0,790,792,native
ebde781a11596519c7a452de26bae83348e3cb54-dirty,1,1,1,1,2,946,last_candidate_winner,17,0,1,8,2,-1366,0,773,775,native
ebde781a11596519c7a452de26bae83348e3cb54-dirty,1,1,1,1,2,331,random_trajectory,34,0,1,7,4,-4788,0,1538,1540,native
ebde781a11596519c7a452de26bae83348e3cb54-dirty,1,1,1,1,2,879,blocked_spawn,17,0,1,6,0,-12264,0,331,333,native
ebde781a11596519c7a452de26bae83348e3cb54-dirty,1,1,1,1,2,936,equal_scores,34,0,0,4,0,-540,0,1538,1540,native
ebde781a11596519c7a452de26bae83348e3cb54-dirty,1,1,1,1,2,32,heuristic_trajectory,34,0,3,1,3,-2058,0,1538,1540,native
ebde781a11596519c7a452de26bae83348e3cb54-dirty,1,1,1,1,2,632,high_stack_holes,34,0,2,0,3,-2706,0,1538,1540,native
ebde781a11596519c7a452de26bae83348e3cb54-dirty,1,1,1,1,2,947,last_candidate_winner,17,0,1,9,1,-1282,0,773,775,native
ebde781a11596519c7a452de26bae83348e3cb54-dirty,1,1,1,1,2,332,random_trajectory,17,0,0,4,18,-10596,0,297,299,native
ebde781a11596519c7a452de26bae83348e3cb54-dirty,1,1,1,1,2,881,blocked_spawn,17,0,1,0,0,-8292,0,399,401,native
ebde781a11596519c7a452de26bae83348e3cb54-dirty,1,1,1,1,2,944,equal_scores,17,0,0,6,1,-870,0,773,775,native
ebde781a11596519c7a452de26bae83348e3cb54-dirty,1,1,1,1,2,33,heuristic_trajectory,9,0,0,0,8,-3432,0,413,415,native
ebde781a11596519c7a452de26bae83348e3cb54-dirty,1,1,1,1,2,633,high_stack_holes,17,0,1,4,15,-9582,0,501,503,native
ebde781a11596519c7a452de26bae83348e3cb54-dirty,1,1,1,1,2,949,last_candidate_winner,17,0,1,9,1,-1210,0,773,775,native
ebde781a11596519c7a452de26bae83348e3cb54-dirty,1,1,1,1,2,333,random_trajectory,34,0,1,5,0,-1494,0,1538,1540,native
ebde781a11596519c7a452de26bae83348e3cb54-dirty,1,1,1,1,2,884,blocked_spawn,9,0,0,1,0,-7698,0,345,347,native
ebde781a11596519c7a452de26bae83348e3cb54-dirty,1,1,1,1,2,950,equal_scores,34,0,1,6,2,-1866,0,1538,1540,native
ebde781a11596519c7a452de26bae83348e3cb54-dirty,1,1,1,1,2,34,heuristic_trajectory,17,0,0,4,1,-1284,0,773,775,native
ebde781a11596519c7a452de26bae83348e3cb54-dirty,1,1,1,1,2,634,high_stack_holes,17,0,1,8,17,-12324,0,365,367,native
ebde781a11596519c7a452de26bae83348e3cb54-dirty,1,1,1,1,2,951,last_candidate_winner,9,0,0,8,4,-2226,0,413,415,native
ebde781a11596519c7a452de26bae83348e3cb54-dirty,1,1,1,1,2,334,random_trajectory,17,0,1,9,12,-11736,0,297,299,native
ebde781a11596519c7a452de26bae83348e3cb54-dirty,1,1,1,1,2,885,blocked_spawn,34,0,0,3,0,-8268,0,1198,1200,native
ebde781a11596519c7a452de26bae83348e3cb54-dirty,1,1,1,1,2,952,equal_scores,9,0,0,2,0,-816,0,413,415,native
ebde781a11596519c7a452de26bae83348e3cb54-dirty,1,1,1,1,2,35,heuristic_trajectory,34,0,3,3,2,-2110,0,1538,1540,native
ebde781a11596519c7a452de26bae83348e3cb54-dirty,1,1,1,1,2,635,high_stack_holes,34,0,2,3,6,-3948,0,1538,1540,native
ebde781a11596519c7a452de26bae83348e3cb54-dirty,1,1,1,1,2,953,last_candidate_winner,9,0,0,8,5,-2466,0,413,415,native
ebde781a11596519c7a452de26bae83348e3cb54-dirty,1,1,1,1,2,335,random_trajectory,34,0,0,0,0,-906,0,1538,1540,native
ebde781a11596519c7a452de26bae83348e3cb54-dirty,1,1,1,1,2,889,blocked_spawn,17,0,0,1,0,-3996,0,705,707,native
ebde781a11596519c7a452de26bae83348e3cb54-dirty,1,1,1,1,2,954,equal_scores,17,0,1,0,2,-930,0,773,775,native
ebde781a11596519c7a452de26bae83348e3cb54-dirty,1,1,1,1,2,36,heuristic_trajectory,17,0,1,0,4,-2350,0,773,775,native
ebde781a11596519c7a452de26bae83348e3cb54-dirty,1,1,1,1,2,636,high_stack_holes,34,0,1,2,12,-9240,0,722,724,native
ebde781a11596519c7a452de26bae83348e3cb54-dirty,1,1,1,1,2,971,last_candidate_winner,17,0,1,8,3,-2024,0,773,775,native
ebde781a11596519c7a452de26bae83348e3cb54-dirty,1,1,1,1,2,336,random_trajectory,17,0,0,0,0,-210,0,773,775,native
ebde781a11596519c7a452de26bae83348e3cb54-dirty,1,1,1,1,2,891,blocked_spawn,17,0,0,4,0,-9126,0,331,333,native
ebde781a11596519c7a452de26bae83348e3cb54-dirty,1,1,1,1,2,956,equal_scores,9,0,0,0,4,-2394,0,413,415,native
ebde781a11596519c7a452de26bae83348e3cb54-dirty,1,1,1,1,2,37,heuristic_trajectory,17,0,1,0,8,-3546,0,773,775,native
ebde781a11596519c7a452de26bae83348e3cb54-dirty,1,1,1,1,2,637,high_stack_holes,34,0,3,7,14,-12966,0,586,588,native
ebde781a11596519c7a452de26bae83348e3cb54-dirty,1,1,1,1,2,972,last_candidate_winner,17,0,1,9,0,-544,0,773,775,native
ebde781a11596519c7a452de26bae83348e3cb54-dirty,1,1,1,1,2,337,random_trajectory,34,0,1,5,0,-2682,0,1538,1540,native
ebde781a11596519c7a452de26bae83348e3cb54-dirty,1,1,1,1,2,892,blocked_spawn,34,0,1,5,0,-5772,0,960,962,native
ebde781a11596519c7a452de26bae83348e3cb54-dirty,1,1,1,1,2,958,equal_scores,9,0,0,1,4,-2118,0,413,415,native
ebde781a11596519c7a452de26bae83348e3cb54-dirty,1,1,1,1,2,38,heuristic_trajectory,17,0,1,6,3,-1980,0,773,775,native
ebde781a11596519c7a452de26bae83348e3cb54-dirty,1,1,1,1,2,638,high_stack_holes,17,0,1,1,11,-7236,0,773,775,native
ebde781a11596519c7a452de26bae83348e3cb54-dirty,1,1,1,1,2,979,last_candidate_winner,9,0,0,8,2,-1764,0,413,415,native
ebde781a11596519c7a452de26bae83348e3cb54-dirty,1,1,1,1,2,338,random_trajectory,34,0,1,5,0,-2682,0,1538,1540,native
ebde781a11596519c7a452de26bae83348e3cb54-dirty,1,1,1,1,2,901,blocked_spawn,34,0,1,3,0,-7218,0,1096,1098,native
ebde781a11596519c7a452de26bae83348e3cb54-dirty,1,1,1,1,2,959,equal_scores,17,0,0,3,0,-534,0,773,775,native
ebde781a11596519c7a452de26bae83348e3cb54-dirty,1,1,1,1,2,39,heuristic_trajectory,34,0,1,6,0,-838,0,1538,1540,native
ebde781a11596519c7a452de26bae83348e3cb54-dirty,1,1,1,1,2,639,high_stack_holes,34,0,3,4,14,-8826,0,1538,1540,native
ebde781a11596519c7a452de26bae83348e3cb54-dirty,1,1,1,1,2,988,last_candidate_winner,9,0,0,8,8,-4728,0,413,415,native
ebde781a11596519c7a452de26bae83348e3cb54-dirty,1,1,1,1,2,339,random_trajectory,34,0,1,7,4,-4788,0,1538,1540,native
ebde781a11596519c7a452de26bae83348e3cb54-dirty,1,1,1,1,2,902,blocked_spawn,17,0,1,3,0,-10662,0,433,435,native
ebde781a11596519c7a452de26bae83348e3cb54-dirty,1,1,1,1,2,963,equal_scores,17,0,0,1,1,-666,0,773,775,native
ebde781a11596519c7a452de26bae83348e3cb54-dirty,1,1,1,1,2,40,heuristic_trajectory,34,0,0,5,1,-946,0,1538,1540,native
ebde781a11596519c7a452de26bae83348e3cb54-dirty,1,1,1,1,2,640,high_stack_holes,17,0,1,6,7,-11154,0,603,605,native
ebde781a11596519c7a452de26bae83348e3cb54-dirty,1,1,1,1,2,989,last_candidate_winner,17,0,1,9,2,-3694,0,773,775,native
ebde781a11596519c7a452de26bae83348e3cb54-dirty,1,1,1,1,2,340,random_trajectory,17,0,0,0,0,-210,0,773,775,native
ebde781a11596519c7a452de26bae83348e3cb54-dirty,1,1,1,1,2,903,blocked_spawn,17,0,1,0,0,-4092,0,569,571,native
ebde781a11596519c7a452de26bae83348e3cb54-dirty,1,1,1,1,2,964,equal_scores,17,0,0,1,0,-666,0,773,775,native
ebde781a11596519c7a452de26bae83348e3cb54-dirty,1,1,1,1,2,41,heuristic_trajectory,17,0,1,8,1,-942,0,773,775,native
ebde781a11596519c7a452de26bae83348e3cb54-dirty,1,1,1,1,2,641,high_stack_holes,17,0,0,0,0,0,1,195,197,native
ebde781a11596519c7a452de26bae83348e3cb54-dirty,1,1,1,1,2,998,last_candidate_winner,17,0,1,9,0,-1668,0,773,775,native
ebde781a11596519c7a452de26bae83348e3cb54-dirty,1,1,1,1,2,341,random_trajectory,17,0,1,9,12,-11736,0,297,299,native
ebde781a11596519c7a452de26bae83348e3cb54-dirty,1,1,1,1,2,906,blocked_spawn,9,0,0,0,0,-7500,0,277,279,native
ebde781a11596519c7a452de26bae83348e3cb54-dirty,1,1,1,1,2,968,equal_scores,34,0,0,6,3,-2184,0,1538,1540,native
ebde781a11596519c7a452de26bae83348e3cb54-dirty,1,1,1,1,2,42,heuristic_trajectory,9,0,0,0,6,-2538,0,413,415,native
ebde781a11596519c7a452de26bae83348e3cb54-dirty,1,1,1,1,2,642,high_stack_holes,17,0,1,3,13,-8394,0,739,741,native
ebde781a11596519c7a452de26bae83348e3cb54-dirty,1,1,1,1,2,999,last_candidate_winner,17,0,1,9,0,-334,0,773,775,native
ebde781a11596519c7a452de26bae83348e3cb54-dirty,1,1,1,1,2,342,random_trajectory,9,0,0,8,6,-8340,0,413,415,native
ebde781a11596519c7a452de26bae83348e3cb54-dirty,1,1,1,1,2,913,blocked_spawn,17,0,1,1,0,-8124,0,433,435,native
ebde781a11596519c7a452de26bae83348e3cb54-dirty,1,1,1,1,2,970,equal_scores,17,0,1,0,3,-1218,0,773,775,native
ebde781a11596519c7a452de26bae83348e3cb54-dirty,1,1,1,1,2,43,heuristic_trajectory,17,0,1,7,2,-1878,0,773,775,native
ebde781a11596519c7a452de26bae83348e3cb54-dirty,1,1,1,1,2,643,high_stack_holes,9,0,0,2,15,-9804,0,277,279,native
ebde781a11596519c7a452de26bae83348e3cb54-dirty,1,1,1,1,2,343,random_trajectory,34,0,3,4,15,-8964,0,1062,1064,native
ebde781a11596519c7a452de26bae83348e3cb54-dirty,1,1,1,1,2,916,blocked_spawn,17,0,1,7,0,-12030,0,365,367,native
ebde781a11596519c7a452de26bae83348e3cb54-dirty,1,1,1,1,2,982,equal_scores,34,0,0,4,3,-2058,0,1538,1540,native
ebde781a11596519c7a452de26bae83348e3cb54-dirty,1,1,1,1,2,44,heuristic_trajectory,17,0,1,8,0,-790,0,773,775,native
ebde781a11596519c7a452de26bae83348e3cb54-dirty,1,1,1,1,2,644,high_stack_holes,17,0,0,6,2,-1836,0,773,775,native
ebde781a11596519c7a452de26bae83348e3cb54-dirty,1,1,1,1,2,344,random_trajectory,17,0,1,9,12,-11736,0,297,299,native
ebde781a11596519c7a452de26bae83348e3cb54-dirty,1,1,1,1,2,923,blocked_spawn,34,0,0,0,17,-11772,0,1062,1064,native
ebde781a11596519c7a452de26bae83348e3cb54-dirty,1,1,1,1,2,985,equal_scores,17,0,0,3,3,-2340,0,773,775,native
ebde781a11596519c7a452de26bae83348e3cb54-dirty,1,1,1,1,2,45,heuristic_trajectory,17,0,1,9,1,-878,0,773,775,native
ebde781a11596519c7a452de26bae83348e3cb54-dirty,1,1,1,1,2,645,high_stack_holes,9,0,0,1,15,-8976,0,345,347,native
ebde781a11596519c7a452de26bae83348e3cb54-dirty,1,1,1,1,2,345,random_trajectory,34,0,1,5,0,-1494,0,1538,1540,native
ebde781a11596519c7a452de26bae83348e3cb54-dirty,1,1,1,1,2,926,blocked_spawn,9,0,0,2,18,-11208,0,141,143,native
ebde781a11596519c7a452de26bae83348e3cb54-dirty,1,1,1,1,2,987,equal_scores,34,0,0,1,2,-1482,0,1538,1540,native
ebde781a11596519c7a452de26bae83348e3cb54-dirty,1,1,1,1,2,46,heuristic_trajectory,9,0,0,1,1,-930,0,413,415,native
ebde781a11596519c7a452de26bae83348e3cb54-dirty,1,1,1,1,2,646,high_stack_holes,17,0,1,3,3,-11622,0,331,333,native
ebde781a11596519c7a452de26bae83348e3cb54-dirty,1,1,1,1,2,346,random_trajectory,34,0,1,8,8,-8514,0,1538,1540,native
ebde781a11596519c7a452de26bae83348e3cb54-dirty,1,1,1,1,2,927,blocked_spawn,17,0,1,0,17,-12090,0,263,265,native
ebde781a11596519c7a452de26bae83348e3cb54-dirty,1,1,1,1,2,992,equal_scores,34,0,0,5,0,-474,0,1538,1540,native
ebde781a11596519c7a452de26bae83348e3cb54-dirty,1,1,1,1,2,47,heuristic_trajectory,34,0,1,6,0,-838,0,1538,1540,native
ebde781a11596519c7a452de26bae83348e3cb54-dirty,1,1,1,1,2,647,high_stack_holes,17,0,1,5,0,-2166,0,773,775,native
ebde781a11596519c7a452de26bae83348e3cb54-dirty,1,1,1,1,2,347,random_trajectory,34,0,3,4,15,-8964,0,1062,1064,native
ebde781a11596519c7a452de26bae83348e3cb54-dirty,1,1,1,1,2,931,blocked_spawn,17,0,1,5,17,-8574,0,399,401,native
ebde781a11596519c7a452de26bae83348e3cb54-dirty,1,1,1,1,2,48,heuristic_trajectory,17,0,0,6,5,-3642,0,773,775,native
ebde781a11596519c7a452de26bae83348e3cb54-dirty,1,1,1,1,2,648,high_stack_holes,9,0,0,2,17,-9762,0,243,245,native
ebde781a11596519c7a452de26bae83348e3cb54-dirty,1,1,1,1,2,348,random_trajectory,9,0,0,0,6,-11004,0,175,177,native
ebde781a11596519c7a452de26bae83348e3cb54-dirty,1,1,1,1,2,933,blocked_spawn,34,0,3,5,17,-7704,0,1130,1132,native
ebde781a11596519c7a452de26bae83348e3cb54-dirty,1,1,1,1,2,49,heuristic_trajectory,9,0,0,3,4,-2526,0,413,415,native
ebde781a11596519c7a452de26bae83348e3cb54-dirty,1,1,1,1,2,649,high_stack_holes,34,0,3,8,16,-11574,0,756,758,native
ebde781a11596519c7a452de26bae83348e3cb54-dirty,1,1,1,1,2,349,random_trajectory,9,0,0,8,6,-8340,0,413,415,native
ebde781a11596519c7a452de26bae83348e3cb54-dirty,1,1,1,1,2,938,blocked_spawn,17,0,1,8,0,-7956,0,671,673,native
ebde781a11596519c7a452de26bae83348e3cb54-dirty,1,1,1,1,2,50,heuristic_trajectory,17,0,1,3,2,-1944,0,773,775,native
ebde781a11596519c7a452de26bae83348e3cb54-dirty,1,1,1,1,2,650,high_stack_holes,17,0,0,2,10,-7392,0,773,775,native
ebde781a11596519c7a452de26bae83348e3cb54-dirty,1,1,1,1,2,350,random_trajectory,17,0,1,2,0,-3276,0,773,775,native
ebde781a11596519c7a452de26bae83348e3cb54-dirty,1,1,1,1,2,939,blocked_spawn,17,0,1,2,0,-8424,0,263,265,native
ebde781a11596519c7a452de26bae83348e3cb54-dirty,1,1,1,1,2,51,heuristic_trajectory,17,0,1,9,1,-798,0,773,775,native
ebde781a11596519c7a452de26bae83348e3cb54-dirty,1,1,1,1,2,651,high_stack_holes,17,0,1,1,16,-9132,0,501,503,native
ebde781a11596519c7a452de26bae83348e3cb54-dirty,1,1,1,1,2,351,random_trajectory,17,0,1,2,0,-3276,0,773,775,native
ebde781a11596519c7a452de26bae83348e3cb54-dirty,1,1,1,1,2,940,blocked_spawn,34,0,0,4,0,-5514,0,1436,1438,native
ebde781a11596519c7a452de26bae83348e3cb54-dirty,1,1,1,1,2,52,heuristic_trajectory,9,0,0,7,1,-1806,0,413,415,native
ebde781a11596519c7a452de26bae83348e3cb54-dirty,1,1,1,1,2,652,high_stack_holes,34,0,3,3,13,-11430,0,926,928,native
ebde781a11596519c7a452de26bae83348e3cb54-dirty,1,1,1,1,2,352,random_trajectory,17,0,1,0,0,-4494,0,773,775,native
ebde781a11596519c7a452de26bae83348e3cb54-dirty,1,1,1,1,2,955,blocked_spawn,17,0,1,0,0,-5832,0,671,673,native
ebde781a11596519c7a452de26bae83348e3cb54-dirty,1,1,1,1,2,53,heuristic_trajectory,34,0,2,5,5,-3084,0,1538,1540,native
ebde781a11596519c7a452de26bae83348e3cb54-dirty,1,1,1,1,2,653,high_stack_holes,9,0,0,0,0,-228,0,413,415,native
ebde781a11596519c7a452de26bae83348e3cb54-dirty,1,1,1,1,2,353,random_trajectory,17,0,0,7,18,-11622,0,229,231,native
ebde781a11596519c7a452de26bae83348e3cb54-dirty,1,1,1,1,2,960,blocked_spawn,17,0,0,4,0,-6738,0,535,537,native
ebde781a11596519c7a452de26bae83348e3cb54-dirty,1,1,1,1,2,54,heuristic_trajectory,17,0,1,6,5,-3142,0,773,775,native
ebde781a11596519c7a452de26bae83348e3cb54-dirty,1,1,1,1,2,654,high_stack_holes,9,0,0,4,13,-9438,0,209,211,native
ebde781a11596519c7a452de26bae83348e3cb54-dirty,1,1,1,1,2,354,random_trajectory,17,0,1,2,0,-1920,0,773,775,native
ebde781a11596519c7a452de26bae83348e3cb54-dirty,1,1,1,1,2,965,blocked_spawn,34,0,3,5,0,-5352,0,1300,1302,native
ebde781a11596519c7a452de26bae83348e3cb54-dirty,1,1,1,1,2,55,heuristic_trajectory,17,0,0,1,2,-1206,0,773,775,native
ebde781a11596519c7a452de26bae83348e3cb54-dirty,1,1,1,1,2,655,high_stack_holes,17,0,1,8,16,-11652,0,365,367,native
ebde781a11596519c7a452de26bae83348e3cb54-dirty,1,1,1,1,2,355,random_trajectory,17,0,1,2,0,-1920,0,773,775,native
ebde781a11596519c7a452de26bae83348e3cb54-dirty,1,1,1,1,2,966,blocked_spawn,34,0,1,2,0,-10212,0,960,962,native
ebde781a11596519c7a452de26bae83348e3cb54-dirty,1,1,1,1,2,56,heuristic_trajectory,9,0,0,7,2,-1554,0,413,415,native
ebde781a11596519c7a452de26bae83348e3cb54-dirty,1,1,1,1,2,656,high_stack_holes,17,0,1,6,8,-6684,0,773,775,native
ebde781a11596519c7a452de26bae83348e3cb54-dirty,1,1,1,1,2,356,random_trajectory,34,0,0,0,0,-246,0,1538,1540,native
ebde781a11596519c7a452de26bae83348e3cb54-dirty,1,1,1,1,2,973,blocked_spawn,17,0,1,7,0,-5250,0,637,639,native
ebde781a11596519c7a452de26bae83348e3cb54-dirty,1,1,1,1,2,57,heuristic_trajectory,34,0,0,7,2,-1786,0,1538,1540,native
ebde781a11596519c7a452de26bae83348e3cb54-dirty,1,1,1,1,2,657,high_stack_holes,17,0,1,2,15,-9012,0,365,367,native
ebde781a11596519c7a452de26bae83348e3cb54-dirty,1,1,1,1,2,357,random_trajectory,17,0,0,7,18,-11622,0,229,231,native
ebde781a11596519c7a452de26bae83348e3cb54-dirty,1,1,1,1,2,974,blocked_spawn,9,0,0,3,0,-7584,0,345,347,native
ebde781a11596519c7a452de26bae83348e3cb54-dirty,1,1,1,1,2,58,heuristic_trajectory,34,0,1,0,0,-796,0,1538,1540,native
ebde781a11596519c7a452de26bae83348e3cb54-dirty,1,1,1,1,2,658,high_stack_holes,17,0,1,1,16,-13032,0,331,333,native
ebde781a11596519c7a452de26bae83348e3cb54-dirty,1,1,1,1,2,358,random_trajectory,17,0,1,2,0,-3276,0,773,775,native
ebde781a11596519c7a452de26bae83348e3cb54-dirty,1,1,1,1,2,975,blocked_spawn,17,0,0,5,0,-6930,0,569,571,native
ebde781a11596519c7a452de26bae83348e3cb54-dirty,1,1,1,1,2,59,heuristic_trajectory,34,0,3,8,3,-2140,0,1538,1540,native
ebde781a11596519c7a452de26bae83348e3cb54-dirty,1,1,1,1,2,659,high_stack_holes,17,0,0,6,15,-9222,0,773,775,native
ebde781a11596519c7a452de26bae83348e3cb54-dirty,1,1,1,1,2,359,random_trajectory,9,0,0,2,14,-7956,0,413,415,native
ebde781a11596519c7a452de26bae83348e3cb54-dirty,1,1,1,1,2,978,blocked_spawn,9,0,0,7,0,-8706,0,209,211,native
ebde781a11596519c7a452de26bae83348e3cb54-dirty,1,1,1,1,2,60,heuristic_trajectory,34,0,3,8,3,-1996,0,1538,1540,native
ebde781a11596519c7a452de26bae83348e3cb54-dirty,1,1,1,1,2,660,high_stack_holes,17,0,1,5,15,-9048,0,535,537,native
ebde781a11596519c7a452de26bae83348e3cb54-dirty,1,1,1,1,2,360,random_trajectory,17,0,1,2,0,-1920,0,773,775,native
ebde781a11596519c7a452de26bae83348e3cb54-dirty,1,1,1,1,2,981,blocked_spawn,34,0,1,2,17,-6828,0,1028,1030,native
ebde781a11596519c7a452de26bae83348e3cb54-dirty,1,1,1,1,2,61,heuristic_trajectory,34,0,2,4,1,-1422,0,1538,1540,native
ebde781a11596519c7a452de26bae83348e3cb54-dirty,1,1,1,1,2,661,high_stack_holes,34,0,3,5,9,-10050,0,926,928,native
ebde781a11596519c7a452de26bae83348e3cb54-dirty,1,1,1,1,2,361,random_trajectory,34,0,3,2,16,-10608,0,892,894,native
ebde781a11596519c7a452de26bae83348e3cb54-dirty,1,1,1,1,2,983,blocked_spawn,34,0,1,3,15,-12750,0,586,588,native
ebde781a11596519c7a452de26bae83348e3cb54-dirty,1,1,1,1,2,62,heuristic_trajectory,34,0,2,0,2,-1122,0,1538,1540,native
ebde781a11596519c7a452de26bae83348e3cb54-dirty,1,1,1,1,2,662,high_stack_holes,34,0,0,7,0,-228,0,1538,1540,native
ebde781a11596519c7a452de26bae83348e3cb54-dirty,1,1,1,1,2,362,random_trajectory,17,0,1,2,0,-3276,0,773,775,native
ebde781a11596519c7a452de26bae83348e3cb54-dirty,1,1,1,1,2,991,blocked_spawn,34,0,1,8,0,-10758,0,824,826,native
ebde781a11596519c7a452de26bae83348e3cb54-dirty,1,1,1,1,2,63,heuristic_trajectory,34,0,2,7,0,-752,0,1538,1540,native
ebde781a11596519c7a452de26bae83348e3cb54-dirty,1,1,1,1,2,663,high_stack_holes,34,0,2,2,16,-9936,0,756,758,native
ebde781a11596519c7a452de26bae83348e3cb54-dirty,1,1,1,1,2,363,random_trajectory,17,0,0,3,12,-6180,0,773,775,native
ebde781a11596519c7a452de26bae83348e3cb54-dirty,1,1,1,1,2,995,blocked_spawn,17,0,1,8,0,-8808,0,603,605,native
ebde781a11596519c7a452de26bae83348e3cb54-dirty,1,1,1,1,2,64,heuristic_trajectory,17,0,1,0,0,-1432,0,773,775,native
ebde781a11596519c7a452de26bae83348e3cb54-dirty,1,1,1,1,2,664,high_stack_holes,9,0,0,2,17,-12876,0,243,245,native
ebde781a11596519c7a452de26bae83348e3cb54-dirty,1,1,1,1,2,364,random_trajectory,9,0,0,0,0,0,1,107,109,native
ebde781a11596519c7a452de26bae83348e3cb54-dirty,1,1,1,1,2,996,blocked_spawn,34,0,3,3,0,-7134,0,1096,1098,native
ebde781a11596519c7a452de26bae83348e3cb54-dirty,1,1,1,1,2,65,heuristic_trajectory,34,0,3,0,3,-1852,0,1538,1540,native
ebde781a11596519c7a452de26bae83348e3cb54-dirty,1,1,1,1,2,665,high_stack_holes,17,0,1,1,11,-8238,0,773,775,native
ebde781a11596519c7a452de26bae83348e3cb54-dirty,1,1,1,1,2,365,random_trajectory,17,0,0,3,12,-6180,0,773,775,native
ebde781a11596519c7a452de26bae83348e3cb54-dirty,1,1,1,1,2,997,blocked_spawn,17,0,1,5,0,-8364,0,467,469,native
ebde781a11596519c7a452de26bae83348e3cb54-dirty,1,1,1,1,2,66,heuristic_trajectory,34,0,0,5,2,-1590,0,1538,1540,native
ebde781a11596519c7a452de26bae83348e3cb54-dirty,1,1,1,1,2,666,high_stack_holes,9,0,0,1,15,-8616,0,345,347,native
ebde781a11596519c7a452de26bae83348e3cb54-dirty,1,1,1,1,2,366,random_trajectory,17,0,1,0,0,-4494,0,773,775,native
ebde781a11596519c7a452de26bae83348e3cb54-dirty,1,1,1,1,2,67,heuristic_trajectory,17,0,0,7,2,-1806,0,773,775,native
ebde781a11596519c7a452de26bae83348e3cb54-dirty,1,1,1,1,2,667,high_stack_holes,34,0,1,0,17,-12912,0,722,724,native
ebde781a11596519c7a452de26bae83348e3cb54-dirty,1,1,1,1,2,367,random_trajectory,34,0,1,8,11,-11856,0,484,486,native
ebde781a11596519c7a452de26bae83348e3cb54-dirty,1,1,1,1,2,68,heuristic_trajectory,34,0,2,6,2,-1872,0,1538,1540,native
ebde781a11596519c7a452de26bae83348e3cb54-dirty,1,1,1,1,2,668,high_stack_holes,34,0,1,3,12,-9960,0,1538,1540,native
ebde781a11596519c7a452de26bae83348e3cb54-dirty,1,1,1,1,2,368,random_trajectory,9,0,0,2,14,-7956,0,413,415,native
ebde781a11596519c7a452de26bae83348e3cb54-dirty,1,1,1,1,2,69,heuristic_trajectory,17,0,0,6,0,-280,0,773,775,native
ebde781a11596519c7a452de26bae83348e3cb54-dirty,1,1,1,1,2,669,high_stack_holes,9,0,0,1,15,-8850,0,379,381,native
ebde781a11596519c7a452de26bae83348e3cb54-dirty,1,1,1,1,2,369,random_trajectory,17,0,0,7,18,-11622,0,229,231,native
ebde781a11596519c7a452de26bae83348e3cb54-dirty,1,1,1,1,2,70,heuristic_trajectory,17,0,1,8,2,-1824,0,773,775,native
ebde781a11596519c7a452de26bae83348e3cb54-dirty,1,1,1,1,2,670,high_stack_holes,34,0,1,1,15,-11826,0,858,860,native
ebde781a11596519c7a452de26bae83348e3cb54-dirty,1,1,1,1,2,370,random_trajectory,34,0,1,8,8,-11682,0,484,486,native
ebde781a11596519c7a452de26bae83348e3cb54-dirty,1,1,1,1,2,71,heuristic_trajectory,17,0,1,2,1,-1126,0,773,775,native
ebde781a11596519c7a452de26bae83348e3cb54-dirty,1,1,1,1,2,671,high_stack_holes,9,0,0,0,0,-228,0,413,415,native
ebde781a11596519c7a452de26bae83348e3cb54-dirty,1,1,1,1,2,371,random_trajectory,34,0,3,2,0,-1104,0,1538,1540,native
ebde781a11596519c7a452de26bae83348e3cb54-dirty,1,1,1,1,2,72,heuristic_trajectory,34,0,3,0,3,-1864,0,1538,1540,native
ebde781a11596519c7a452de26bae83348e3cb54-dirty,1,1,1,1,2,672,high_stack_holes,17,0,1,1,17,-9306,0,569,571,native
ebde781a11596519c7a452de26bae83348e3cb54-dirty,1,1,1,1,2,372,random_trajectory,17,0,1,0,0,-11742,0,229,231,native
ebde781a11596519c7a452de26bae83348e3cb54-dirty,1,1,1,1,2,73,heuristic_trajectory,9,0,0,1,2,-1812,0,413,415,native
ebde781a11596519c7a452de26bae83348e3cb54-dirty,1,1,1,1,2,673,high_stack_holes,17,0,1,7,16,-11682,0,535,537,native
ebde781a11596519c7a452de26bae83348e3cb54-dirty,1,1,1,1,2,373,random_trajectory,34,0,3,2,0,-1104,0,1538,1540,native
ebde781a11596519c7a452de26bae83348e3cb54-dirty,1,1,1,1,2,74,heuristic_trajectory,17,0,1,9,4,-2740,0,773,775,native
ebde781a11596519c7a452de26bae83348e3cb54-dirty,1,1,1,1,2,674,high_stack_holes,17,0,1,9,5,-4164,0,773,775,native
ebde781a11596519c7a452de26bae83348e3cb54-dirty,1,1,1,1,2,374,random_trajectory,34,0,0,1,16,-10056,0,1198,1200,native
ebde781a11596519c7a452de26bae83348e3cb54-dirty,1,1,1,1,2,75,heuristic_trajectory,34,0,2,0,0,-1038,0,1538,1540,native
ebde781a11596519c7a452de26bae83348e3cb54-dirty,1,1,1,1,2,675,high_stack_holes,17,0,1,2,13,-8952,0,637,639,native
ebde781a11596519c7a452de26bae83348e3cb54-dirty,1,1,1,1,2,375,random_trajectory,9,0,0,2,14,-7956,0,413,415,native
ebde781a11596519c7a452de26bae83348e3cb54-dirty,1,1,1,1,2,76,heuristic_trajectory,17,0,1,8,1,-942,0,773,775,native
ebde781a11596519c7a452de26bae83348e3cb54-dirty,1,1,1,1,2,676,high_stack_holes,34,0,1,0,16,-11400,0,1062,1064,native
ebde781a11596519c7a452de26bae83348e3cb54-dirty,1,1,1,1,2,376,random_trajectory,17,0,1,0,16,-11124,0,399,401,native
ebde781a11596519c7a452de26bae83348e3cb54-dirty,1,1,1,1,2,77,heuristic_trajectory,9,0,0,4,2,-1620,0,413,415,native
ebde781a11596519c7a452de26bae83348e3cb54-dirty,1,1,1,1,2,677,high_stack_holes,17,0,1,7,16,-8812,0,467,469,native
ebde781a11596519c7a452de26bae83348e3cb54-dirty,1,1,1,1,2,377,random_trajectory,34,0,3,8,0,-606,0,1538,1540,native
ebde781a11596519c7a452de26bae83348e3cb54-dirty,1,1,1,1,2,78,heuristic_trajectory,17,0,0,4,2,-2208,0,773,775,native
ebde781a11596519c7a452de26bae83348e3cb54-dirty,1,1,1,1,2,678,high_stack_holes,34,0,1,5,12,-8754,0,1198,1200,native
ebde781a11596519c7a452de26bae83348e3cb54-dirty,1,1,1,1,2,378,random_trajectory,34,0,1,8,11,-11856,0,484,486,native
ebde781a11596519c7a452de26bae83348e3cb54-dirty,1,1,1,1,2,79,heuristic_trajectory,9,0,0,8,4,-2346,0,413,415,native
ebde781a11596519c7a452de26bae83348e3cb54-dirty,1,1,1,1,2,679,high_stack_holes,9,0,0,1,15,-11556,0,311,313,native
ebde781a11596519c7a452de26bae83348e3cb54-dirty,1,1,1,1,2,379,random_trajectory,34,0,3,8,17,-11088,0,722,724,native
ebde781a11596519c7a452de26bae83348e3cb54-dirty,1,1,1,1,2,80,heuristic_trajectory,17,0,0,3,3,-1998,0,773,775,native
ebde781a11596519c7a452de26bae83348e3cb54-dirty,1,1,1,1,2,680,high_stack_holes,17,0,1,4,6,-4602,0,773,775,native
ebde781a11596519c7a452de26bae83348e3cb54-dirty,1,1,1,1,2,380,random_trajectory,9,0,0,2,14,-7956,0,413,415,native
ebde781a11596519c7a452de26bae83348e3cb54-dirty,1,1,1,1,2,81,heuristic_trajectory,17,0,1,8,1,-942,0,773,775,native
ebde781a11596519c7a452de26bae83348e3cb54-dirty,1,1,1,1,2,681,high_stack_holes,17,0,1,0,13,-8394,0,637,639,native
ebde781a11596519c7a452de26bae83348e3cb54-dirty,1,1,1,1,2,381,random_trajectory,17,0,1,0,0,-11742,0,229,231,native
ebde781a11596519c7a452de26bae83348e3cb54-dirty,1,1,1,1,2,82,heuristic_trajectory,9,0,0,7,2,-1554,0,413,415,native
ebde781a11596519c7a452de26bae83348e3cb54-dirty,1,1,1,1,2,682,high_stack_holes,9,0,0,8,6,-11082,0,209,211,native
ebde781a11596519c7a452de26bae83348e3cb54-dirty,1,1,1,1,2,382,random_trajectory,9,0,0,0,0,0,1,107,109,native
ebde781a11596519c7a452de26bae83348e3cb54-dirty,1,1,1,1,2,83,heuristic_trajectory,17,0,1,8,2,-1828,0,773,775,native
ebde781a11596519c7a452de26bae83348e3cb54-dirty,1,1,1,1,2,683,high_stack_holes,34,0,2,1,15,-9952,0,1538,1540,native
ebde781a11596519c7a452de26bae83348e3cb54-dirty,1,1,1,1,2,383,random_trajectory,34,0,0,0,16,-9432,0,1538,1540,native
ebde781a11596519c7a452de26bae83348e3cb54-dirty,1,1,1,1,2,84,heuristic_trajectory,34,0,2,6,2,-1776,0,1538,1540,native
ebde781a11596519c7a452de26bae83348e3cb54-dirty,1,1,1,1,2,684,high_stack_holes,17,0,1,1,15,-8562,0,739,741,native
ebde781a11596519c7a452de26bae83348e3cb54-dirty,1,1,1,1,2,384,random_trajectory,34,0,3,8,17,-11088,0,722,724,native
ebde781a11596519c7a452de26bae83348e3cb54-dirty,1,1,1,1,2,85,heuristic_trajectory,34,0,2,4,2,-1914,0,1538,1540,native
ebde781a11596519c7a452de26bae83348e3cb54-dirty,1,1,1,1,2,685,high_stack_holes,34,0,1,5,17,-12714,0,416,418,native
ebde781a11596519c7a452de26bae83348e3cb54-dirty,1,1,1,1,2,385,random_trajectory,34,0,3,8,17,-11088,0,722,724,native
ebde781a11596519c7a452de26bae83348e3cb54-dirty,1,1,1,1,2,86,heuristic_trajectory,9,0,0,0,3,-1896,0,413,415,native
ebde781a11596519c7a452de26bae83348e3cb54-dirty,1,1,1,1,2,686,high_stack_holes,17,0,1,1,3,-2328,0,773,775,native
ebde781a11596519c7a452de26bae83348e3cb54-dirty,1,1,1,1,2,386,random_trajectory,9,0,0,8,14,-10594,0,141,143,native
ebde781a11596519c7a452de26bae83348e3cb54-dirty,1,1,1,1,2,87,heuristic_trajectory,34,0,2,2,0,-990,0,1538,1540,native
ebde781a11596519c7a452de26bae83348e3cb54-dirty,1,1,1,1,2,687,high_stack_holes,17,0,1,6,15,-9786,0,433,435,native
ebde781a11596519c7a452de26bae83348e3cb54-dirty,1,1,1,1,2,387,random_trajectory,34,0,3,2,16,-10608,0,892,894,native
ebde781a11596519c7a452de26bae83348e3cb54-dirty,1,1,1,1,2,88,heuristic_trajectory,17,0,0,6,2,-924,0,773,775,native
ebde781a11596519c7a452de26bae83348e3cb54-dirty,1,1,1,1,2,688,high_stack_holes,34,0,1,4,5,-11478,0,994,996,native
ebde781a11596519c7a452de26bae83348e3cb54-dirty,1,1,1,1,2,388,random_trajectory,34,0,0,1,16,-10056,0,1198,1200,native
ebde781a11596519c7a452de26bae83348e3cb54-dirty,1,1,1,1,2,89,heuristic_trajectory,17,0,0,6,3,-2088,0,773,775,native
ebde781a11596519c7a452de26bae83348e3cb54-dirty,1,1,1,1,2,689,high_stack_holes,17,0,1,2,6,-3894,0,773,775,native
ebde781a11596519c7a452de26bae83348e3cb54-dirty,1,1,1,1,2,389,random_trajectory,17,0,0,4,16,-9744,0,739,741,native
ebde781a11596519c7a452de26bae83348e3cb54-dirty,1,1,1,1,2,90,heuristic_trajectory,17,0,0,4,0,-990,0,773,775,native
ebde781a11596519c7a452de26bae83348e3cb54-dirty,1,1,1,1,2,690,high_stack_holes,17,0,1,2,16,-9444,0,365,367,native
ebde781a11596519c7a452de26bae83348e3cb54-dirty,1,1,1,1,2,390,random_trajectory,34,0,1,8,8,-11682,0,484,486,native
ebde781a11596519c7a452de26bae83348e3cb54-dirty,1,1,1,1,2,91,heuristic_trajectory,9,0,0,0,7,-3474,0,413,415,native
ebde781a11596519c7a452de26bae83348e3cb54-dirty,1,1,1,1,2,691,high_stack_holes,34,0,3,0,1,-10986,0,620,622,native
ebde781a11596519c7a452de26bae83348e3cb54-dirty,1,1,1,1,2,391,random_trajectory,34,0,0,0,0,-246,0,1538,1540,native
ebde781a11596519c7a452de26bae83348e3cb54-dirty,1,1,1,1,2,92,heuristic_trajectory,9,0,0,1,2,-1338,0,413,415,native
ebde781a11596519c7a452de26bae83348e3cb54-dirty,1,1,1,1,2,692,high_stack_holes,34,0,0,0,0,0,1,382,384,native
ebde781a11596519c7a452de26bae83348e3cb54-dirty,1,1,1,1,2,392,random_trajectory,34,0,0,3,14,-7560,0,1538,1540,native
ebde781a11596519c7a452de26bae83348e3cb54-dirty,1,1,1,1,2,93,heuristic_trajectory,9,0,0,8,6,-3174,0,413,415,native
ebde781a11596519c7a452de26bae83348e3cb54-dirty,1,1,1,1,2,693,high_stack_holes,34,0,1,1,16,-9282,0,926,928,native
ebde781a11596519c7a452de26bae83348e3cb54-dirty,1,1,1,1,2,393,random_trajectory,34,0,3,8,0,-7182,0,1538,1540,native
ebde781a11596519c7a452de26bae83348e3cb54-dirty,1,1,1,1,2,94,heuristic_trajectory,34,0,1,5,1,-1752,0,1538,1540,native
ebde781a11596519c7a452de26bae83348e3cb54-dirty,1,1,1,1,2,694,high_stack_holes,17,0,1,5,7,-9312,0,773,775,native
ebde781a11596519c7a452de26bae83348e3cb54-dirty,1,1,1,1,2,394,random_trajectory,17,0,1,0,0,-11742,0,229,231,native
ebde781a11596519c7a452de26bae83348e3cb54-dirty,1,1,1,1,2,95,heuristic_trajectory,34,0,2,3,0,-1278,0,1538,1540,native
ebde781a11596519c7a452de26bae83348e3cb54-dirty,1,1,1,1,2,695,high_stack_holes,34,0,1,0,7,-3928,0,1538,1540,native
ebde781a11596519c7a452de26bae83348e3cb54-dirty,1,1,1,1,2,395,random_trajectory,34,0,1,8,11,-11856,0,484,486,native
ebde781a11596519c7a452de26bae83348e3cb54-dirty,1,1,1,1,2,96,heuristic_trajectory,17,0,0,6,5,-3642,0,773,775,native
ebde781a11596519c7a452de26bae83348e3cb54-dirty,1,1,1,1,2,696,high_stack_holes,9,0,0,1,12,-9198,0,209,211,native
ebde781a11596519c7a452de26bae83348e3cb54-dirty,1,1,1,1,2,396,random_trajectory,17,0,1,0,16,-11124,0,399,401,native
ebde781a11596519c7a452de26bae83348e3cb54-dirty,1,1,1,1,2,97,heuristic_trajectory,34,0,1,0,2,-2026,0,1538,1540,native
ebde781a11596519c7a452de26bae83348e3cb54-dirty,1,1,1,1,2,697,high_stack_holes,17,0,1,4,3,-8568,0,535,537,native
ebde781a11596519c7a452de26bae83348e3cb54-dirty,1,1,1,1,2,397,random_trajectory,34,0,1,8,8,-11682,0,484,486,native
ebde781a11596519c7a452de26bae83348e3cb54-dirty,1,1,1,1,2,98,heuristic_trajectory,34,0,3,8,5,-3202,0,1538,1540,native
ebde781a11596519c7a452de26bae83348e3cb54-dirty,1,1,1,1,2,698,high_stack_holes,17,0,1,7,7,-4944,0,773,775,native
ebde781a11596519c7a452de26bae83348e3cb54-dirty,1,1,1,1,2,398,random_trajectory,17,0,1,0,0,-4494,0,773,775,native
ebde781a11596519c7a452de26bae83348e3cb54-dirty,1,1,1,1,2,99,heuristic_trajectory,34,0,3,8,5,-3202,0,1538,1540,native
ebde781a11596519c7a452de26bae83348e3cb54-dirty,1,1,1,1,2,699,high_stack_holes,17,0,1,4,14,-9762,0,467,469,native
ebde781a11596519c7a452de26bae83348e3cb54-dirty,1,1,1,1,2,399,random_trajectory,9,0,0,3,17,-10968,0,209,211,native
ebde781a11596519c7a452de26bae83348e3cb54-dirty,1,1,1,1,2,100,heuristic_trajectory,17,0,0,1,2,-1872,0,773,775,native
ebde781a11596519c7a452de26bae83348e3cb54-dirty,1,1,1,1,2,700,high_stack_holes,34,0,1,0,16,-11148,0,824,826,native
ebde781a11596519c7a452de26bae83348e3cb54-dirty,1,1,1,1,2,400,random_trajectory,34,0,1,6,12,-9360,0,1538,1540,native
ebde781a11596519c7a452de26bae83348e3cb54-dirty,1,1,1,1,2,101,heuristic_trajectory,17,0,0,4,3,-2148,0,773,775,native
ebde781a11596519c7a452de26bae83348e3cb54-dirty,1,1,1,1,2,701,high_stack_holes,34,0,2,3,14,-7678,0,1538,1540,native
ebde781a11596519c7a452de26bae83348e3cb54-dirty,1,1,1,1,2,401,random_trajectory,34,0,3,2,1,-1812,0,1538,1540,native
ebde781a11596519c7a452de26bae83348e3cb54-dirty,1,1,1,1,2,102,heuristic_trajectory,17,0,0,4,3,-2232,0,773,775,native
ebde781a11596519c7a452de26bae83348e3cb54-dirty,1,1,1,1,2,702,high_stack_holes,9,0,0,0,14,-9174,0,311,313,native
ebde781a11596519c7a452de26bae83348e3cb54-dirty,1,1,1,1,2,402,random_trajectory,34,0,0,7,0,-1092,0,1538,1540,native
ebde781a11596519c7a452de26bae83348e3cb54-dirty,1,1,1,1,2,103,heuristic_trajectory,34,0,2,6,0,-780,0,1538,1540,native
ebde781a11596519c7a452de26bae83348e3cb54-dirty,1,1,1,1,2,703,high_stack_holes,17,0,1,0,17,-11610,0,365,367,native
ebde781a11596519c7a452de26bae83348e3cb54-dirty,1,1,1,1,2,403,random_trajectory,9,0,0,5,0,-456,0,413,415,native
ebde781a11596519c7a452de26bae83348e3cb54-dirty,1,1,1,1,2,104,heuristic_trajectory,34,0,0,7,1,-622,0,1538,1540,native
ebde781a11596519c7a452de26bae83348e3cb54-dirty,1,1,1,1,2,704,high_stack_holes,17,0,0,0,0,-312,0,773,775,native
ebde781a11596519c7a452de26bae83348e3cb54-dirty,1,1,1,1,2,404,random_trajectory,34,0,3,2,1,-1812,0,1538,1540,native
ebde781a11596519c7a452de26bae83348e3cb54-dirty,1,1,1,1,2,105,heuristic_trajectory,9,0,0,3,7,-3786,0,413,415,native
ebde781a11596519c7a452de26bae83348e3cb54-dirty,1,1,1,1,2,705,high_stack_holes,9,0,0,3,14,-9504,0,311,313,native
ebde781a11596519c7a452de26bae83348e3cb54-dirty,1,1,1,1,2,405,random_trajectory,17,0,1,3,9,-10014,0,671,673,native
ebde781a11596519c7a452de26bae83348e3cb54-dirty,1,1,1,1,2,106,heuristic_trajectory,34,0,2,4,3,-2556,0,1538,1540,native
ebde781a11596519c7a452de26bae83348e3cb54-dirty,1,1,1,1,2,706,high_stack_holes,17,0,1,2,17,-11730,0,297,299,native
ebde781a11596519c7a452de26bae83348e3cb54-dirty,1,1,1,1,2,406,random_trajectory,34,0,1,6,12,-9360,0,1538,1540,native
ebde781a11596519c7a452de26bae83348e3cb54-dirty,1,1,1,1,2,107,heuristic_trajectory,34,0,1,3,3,-2286,0,1538,1540,native
ebde781a11596519c7a452de26bae83348e3cb54-dirty,1,1,1,1,2,707,high_stack_holes,34,0,3,4,4,-3546,0,1538,1540,native
ebde781a11596519c7a452de26bae83348e3cb54-dirty,1,1,1,1,2,407,random_trajectory,17,0,1,3,9,-10014,0,671,673,native
ebde781a11596519c7a452de26bae83348e3cb54-dirty,1,1,1,1,2,108,heuristic_trajectory,34,0,2,2,5,-3396,0,1538,1540,native
ebde781a11596519c7a452de26bae83348e3cb54-dirty,1,1,1,1,2,708,high_stack_holes,34,0,1,8,11,-7954,0,1266,1268,native
ebde781a11596519c7a452de26bae83348e3cb54-dirty,1,1,1,1,2,408,random_trajectory,34,0,1,6,8,-5400,0,1538,1540,native
ebde781a11596519c7a452de26bae83348e3cb54-dirty,1,1,1,1,2,109,heuristic_trajectory,17,0,1,8,0,-184,0,773,775,native
ebde781a11596519c7a452de26bae83348e3cb54-dirty,1,1,1,1,2,709,high_stack_holes,9,0,0,4,17,-11556,0,311,313,native
ebde781a11596519c7a452de26bae83348e3cb54-dirty,1,1,1,1,2,409,random_trajectory,34,0,0,0,14,-11184,0,1266,1268,native
ebde781a11596519c7a452de26bae83348e3cb54-dirty,1,1,1,1,2,110,heuristic_trajectory,34,0,2,2,1,-1182,0,1538,1540,native
ebde781a11596519c7a452de26bae83348e3cb54-dirty,1,1,1,1,2,710,high_stack_holes,17,0,1,3,11,-8478,0,773,775,native
ebde781a11596519c7a452de26bae83348e3cb54-dirty,1,1,1,1,2,410,random_trajectory,34,0,3,8,1,-7092,0,1538,1540,native
ebde781a11596519c7a452de26bae83348e3cb54-dirty,1,1,1,1,2,111,heuristic_trajectory,34,0,3,8,5,-3010,0,1538,1540,native
ebde781a11596519c7a452de26bae83348e3cb54-dirty,1,1,1,1,2,711,high_stack_holes,17,0,1,3,0,-7480,0,603,605,native
ebde781a11596519c7a452de26bae83348e3cb54-dirty,1,1,1,1,2,411,random_trajectory,34,0,1,6,12,-9360,0,1538,1540,native
ebde781a11596519c7a452de26bae83348e3cb54-dirty,1,1,1,1,2,112,heuristic_trajectory,34,0,0,3,9,-4602,0,1538,1540,native
ebde781a11596519c7a452de26bae83348e3cb54-dirty,1,1,1,1,2,712,high_stack_holes,17,0,1,0,17,-12126,0,501,503,native
ebde781a11596519c7a452de26bae83348e3cb54-dirty,1,1,1,1,2,412,random_trajectory,34,0,3,2,1,-1812,0,1538,1540,native
ebde781a11596519c7a452de26bae83348e3cb54-dirty,1,1,1,1,2,113,heuristic_trajectory,34,0,2,4,2,-1680,0,1538,1540,native
ebde781a11596519c7a452de26bae83348e3cb54-dirty,1,1,1,1,2,713,high_stack_holes,34,0,1,2,7,-11268,0,688,690,native
ebde781a11596519c7a452de26bae83348e3cb54-dirty,1,1,1,1,2,413,random_trajectory,17,0,0,0,0,0,1,195,197,native
ebde781a11596519c7a452de26bae83348e3cb54-dirty,1,1,1,1,2,114,heuristic_trajectory,34,0,2,7,2,-1828,0,1538,1540,native
ebde781a11596519c7a452de26bae83348e3cb54-dirty,1,1,1,1,2,714,high_stack_holes,34,0,1,3,15,-9792,0,824,826,native
ebde781a11596519c7a452de26bae83348e3cb54-dirty,1,1,1,1,2,414,random_trajectory,17,0,1,3,9,-10014,0,671,673,native
ebde781a11596519c7a452de26bae83348e3cb54-dirty,1,1,1,1,2,115,heuristic_trajectory,17,0,0,3,2,-1566,0,773,775,native
ebde781a11596519c7a452de26bae83348e3cb54-dirty,1,1,1,1,2,715,high_stack_holes,17,0,1,1,6,-11400,0,603,605,native
ebde781a11596519c7a452de26bae83348e3cb54-dirty,1,1,1,1,2,415,random_trajectory,17,0,1,3,9,-10014,0,671,673,native
ebde781a11596519c7a452de26bae83348e3cb54-dirty,1,1,1,1,2,116,heuristic_trajectory,34,0,1,0,4,-3654,0,1538,1540,native
ebde781a11596519c7a452de26bae83348e3cb54-dirty,1,1,1,1,2,716,high_stack_holes,34,0,2,6,13,-8622,0,1538,1540,native
ebde781a11596519c7a452de26bae83348e3cb54-dirty,1,1,1,1,2,416,random_trajectory,9,0,0,0,3,-4752,0,413,415,native
ebde781a11596519c7a452de26bae83348e3cb54-dirty,1,1,1,1,2,117,heuristic_trajectory,17,0,0,5,6,-3480,0,773,775,native
ebde781a11596519c7a452de26bae83348e3cb54-dirty,1,1,1,1,2,717,high_stack_holes,17,0,0,6,15,-8910,0,399,401,native
ebde781a11596519c7a452de26bae83348e3cb54-dirty,1,1,1,1,2,417,random_trajectory,34,0,1,6,8,-5400,0,1538,1540,native
ebde781a11596519c7a452de26bae83348e3cb54-dirty,1,1,1,1,2,118,heuristic_trajectory,17,0,1,6,5,-4080,0,773,775,native
ebde781a11596519c7a452de26bae83348e3cb54-dirty,1,1,1,1,2,718,high_stack_holes,17,0,1,3,16,-12894,0,467,469,native
ebde781a11596519c7a452de26bae83348e3cb54-dirty,1,1,1,1,2,418,random_trajectory,17,0,1,6,8,-5052,0,773,775,native
ebde781a11596519c7a452de26bae83348e3cb54-dirty,1,1,1,1,2,119,heuristic_trajectory,9,0,0,4,1,-780,0,413,415,native
ebde781a11596519c7a452de26bae83348e3cb54-dirty,1,1,1,1,2,719,high_stack_holes,34,0,3,2,12,-9756,0,1538,1540,native
ebde781a11596519c7a452de26bae83348e3cb54-dirty,1,1,1,1,2,419,random_trajectory,9,0,0,5,0,-456,0,413,415,native
ebde781a11596519c7a452de26bae83348e3cb54-dirty,1,1,1,1,2,120,heuristic_trajectory,17,0,1,4,7,-3786,0,773,775,native
ebde781a11596519c7a452de26bae83348e3cb54-dirty,1,1,1,1,2,720,high_stack_holes,17,0,1,6,14,-9726,0,331,333,native
ebde781a11596519c7a452de26bae83348e3cb54-dirty,1,1,1,1,2,420,random_trajectory,9,0,0,5,0,-456,0,413,415,native
ebde781a11596519c7a452de26bae83348e3cb54-dirty,1,1,1,1,2,121,heuristic_trajectory,34,0,1,8,2,-2146,0,1538,1540,native
ebde781a11596519c7a452de26bae83348e3cb54-dirty,1,1,1,1,2,721,high_stack_holes,17,0,0,0,0,0,1,195,197,native
ebde781a11596519c7a452de26bae83348e3cb54-dirty,1,1,1,1,2,421,random_trajectory,34,0,3,2,1,-1812,0,1538,1540,native
ebde781a11596519c7a452de26bae83348e3cb54-dirty,1,1,1,1,2,122,heuristic_trajectory,34,0,3,8,2,-1216,0,1538,1540,native
ebde781a11596519c7a452de26bae83348e3cb54-dirty,1,1,1,1,2,722,high_stack_holes,34,0,0,2,0,-342,0,1538,1540,native
ebde781a11596519c7a452de26bae83348e3cb54-dirty,1,1,1,1,2,422,random_trajectory,17,0,0,7,0,-1692,0,773,775,native
ebde781a11596519c7a452de26bae83348e3cb54-dirty,1,1,1,1,2,123,heuristic_trajectory,34,0,0,6,3,-2136,0,1538,1540,native
ebde781a11596519c7a452de26bae83348e3cb54-dirty,1,1,1,1,2,723,high_stack_holes,17,0,1,3,13,-9210,0,399,401,native
ebde781a11596519c7a452de26bae83348e3cb54-dirty,1,1,1,1,2,423,random_trajectory,34,0,0,7,0,-1092,0,1538,1540,native
ebde781a11596519c7a452de26bae83348e3cb54-dirty,1,1,1,1,2,124,heuristic_trajectory,17,0,0,6,0,-412,0,773,775,native
ebde781a11596519c7a452de26bae83348e3cb54-dirty,1,1,1,1,2,724,high_stack_holes,34,0,1,3,17,-12174,0,892,894,native
ebde781a11596519c7a452de26bae83348e3cb54-dirty,1,1,1,1,2,424,random_trajectory,17,0,0,0,14,-12060,0,297,299,native
ebde781a11596519c7a452de26bae83348e3cb54-dirty,1,1,1,1,2,125,heuristic_trajectory,34,0,1,0,3,-2428,0,1538,1540,native
ebde781a11596519c7a452de26bae83348e3cb54-dirty,1,1,1,1,2,725,high_stack_holes,34,0,1,8,5,-4116,0,1538,1540,native
ebde781a11596519c7a452de26bae83348e3cb54-dirty,1,1,1,1,2,425,random_trajectory,17,0,1,6,8,-5052,0,773,775,native
ebde781a11596519c7a452de26bae83348e3cb54-dirty,1,1,1,1,2,126,heuristic_trajectory,17,0,0,6,0,-648,0,773,775,native
ebde781a11596519c7a452de26bae83348e3cb54-dirty,1,1,1,1,2,726,high_stack_holes,17,0,1,6,11,-8596,0,467,469,native
ebde781a11596519c7a452de26bae83348e3cb54-dirty,1,1,1,1,2,426,random_trajectory,17,0,1,4,14,-9768,0,773,775,native
ebde781a11596519c7a452de26bae83348e3cb54-dirty,1,1,1,1,2,127,heuristic_trajectory,17,0,0,6,5,-2944,0,773,775,native
ebde781a11596519c7a452de26bae83348e3cb54-dirty,1,1,1,1,2,727,high_stack_holes,17,0,1,1,12,-11316,0,467,469,native
ebde781a11596519c7a452de26bae83348e3cb54-dirty,1,1,1,1,2,427,random_trajectory,9,0,0,1,14,-11514,0,311,313,native
ebde781a11596519c7a452de26bae83348e3cb54-dirty,1,1,1,1,2,128,heuristic_trajectory,34,0,3,2,0,-1026,0,1538,1540,native
ebde781a11596519c7a452de26bae83348e3cb54-dirty,1,1,1,1,2,728,high_stack_holes,17,0,1,8,10,-6720,0,773,775,native
ebde781a11596519c7a452de26bae83348e3cb54-dirty,1,1,1,1,2,428,random_trajectory,34,0,1,1,3,-3660,0,1538,1540,native
ebde781a11596519c7a452de26bae83348e3cb54-dirty,1,1,1,1,2,129,heuristic_trajectory,34,0,2,0,5,-3648,0,1538,1540,native
ebde781a11596519c7a452de26bae83348e3cb54-dirty,1,1,1,1,2,729,high_stack_holes,34,0,1,2,15,-8694,0,1164,1166,native
ebde781a11596519c7a452de26bae83348e3cb54-dirty,1,1,1,1,2,429,random_trajectory,17,0,1,8,1,-2328,0,773,775,native
ebde781a11596519c7a452de26bae83348e3cb54-dirty,1,1,1,1,2,130,heuristic_trajectory,17,0,0,2,6,-2922,0,773,775,native
ebde781a11596519c7a452de26bae83348e3cb54-dirty,1,1,1,1,2,730,high_stack_holes,17,0,1,8,16,-11874,0,535,537,native
ebde781a11596519c7a452de26bae83348e3cb54-dirty,1,1,1,1,2,430,random_trajectory,34,0,0,7,0,-1092,0,1538,1540,native
ebde781a11596519c7a452de26bae83348e3cb54-dirty,1,1,1,1,2,131,heuristic_trajectory,17,0,1,6,0,-1098,0,773,775,native
ebde781a11596519c7a452de26bae83348e3cb54-dirty,1,1,1,1,2,731,high_stack_holes,17,0,1,8,12,-6562,0,773,775,native
ebde781a11596519c7a452de26bae83348e3cb54-dirty,1,1,1,1,2,431,random_trajectory,17,0,1,0,16,-12660,0,263,265,native
ebde781a11596519c7a452de26bae83348e3cb54-dirty,1,1,1,1,2,132,heuristic_trajectory,34,0,0,5,5,-3408,0,1538,1540,native
ebde781a11596519c7a452de26bae83348e3cb54-dirty,1,1,1,1,2,732,high_stack_holes,34,0,1,6,15,-8442,0,1164,1166,native
ebde781a11596519c7a452de26bae83348e3cb54-dirty,1,1,1,1,2,432,random_trajectory,34,0,3,8,1,-7092,0,1538,1540,native
ebde781a11596519c7a452de26bae83348e3cb54-dirty,1,1,1,1,2,133,heuristic_trajectory,34,0,1,1,2,-2004,0,1538,1540,native
ebde781a11596519c7a452de26bae83348e3cb54-dirty,1,1,1,1,2,733,high_stack_holes,9,0,0,7,10,-11754,0,277,279,native
ebde781a11596519c7a452de26bae83348e3cb54-dirty,1,1,1,1,2,433,random_trajectory,17,0,0,0,0,0,1,195,197,native
ebde781a11596519c7a452de26bae83348e3cb54-dirty,1,1,1,1,2,134,heuristic_trajectory,17,0,1,7,0,-798,0,773,775,native
ebde781a11596519c7a452de26bae83348e3cb54-dirty,1,1,1,1,2,734,high_stack_holes,17,0,1,4,7,-6270,0,773,775,native
ebde781a11596519c7a452de26bae83348e3cb54-dirty,1,1,1,1,2,434,random_trajectory,34,0,0,0,14,-11184,0,1266,1268,native
ebde781a11596519c7a452de26bae83348e3cb54-dirty,1,1,1,1,2,135,heuristic_trajectory,17,0,1,7,0,-834,0,773,775,native
ebde781a11596519c7a452de26bae83348e3cb54-dirty,1,1,1,1,2,735,high_stack_holes,17,0,1,3,16,-9186,0,501,503,native
ebde781a11596519c7a452de26bae83348e3cb54-dirty,1,1,1,1,2,435,random_trajectory,9,0,0,5,0,-456,0,413,415,native
ebde781a11596519c7a452de26bae83348e3cb54-dirty,1,1,1,1,2,136,heuristic_trajectory,17,0,1,9,2,-1470,0,773,775,native
ebde781a11596519c7a452de26bae83348e3cb54-dirty,1,1,1,1,2,736,high_stack_holes,34,0,1,0,17,-10212,0,1266,1268,native
ebde781a11596519c7a452de26bae83348e3cb54-dirty,1,1,1,1,2,436,random_trajectory,34,0,0,7,0,-1092,0,1538,1540,native
ebde781a11596519c7a452de26bae83348e3cb54-dirty,1,1,1,1,2,137,heuristic_trajectory,34,0,2,1,2,-1782,0,1538,1540,native
ebde781a11596519c7a452de26bae83348e3cb54-dirty,1,1,1,1,2,737,high_stack_holes,34,0,3,1,14,-11712,0,1436,1438,native
ebde781a11596519c7a452de26bae83348e3cb54-dirty,1,1,1,1,2,437,random_trajectory,34,0,0,0,14,-11772,0,824,826,native
ebde781a11596519c7a452de26bae83348e3cb54-dirty,1,1,1,1,2,138,heuristic_trajectory,34,0,2,7,7,-4072,0,1538,1540,native
ebde781a11596519c7a452de26bae83348e3cb54-dirty,1,1,1,1,2,738,high_stack_holes,34,0,2,7,13,-8454,0,1334,1336,native
ebde781a11596519c7a452de26bae83348e3cb54-dirty,1,1,1,1,2,438,random_trajectory,34,0,3,1,15,-12300,0,654,656,native
ebde781a11596519c7a452de26bae83348e3cb54-dirty,1,1,1,1,2,139,heuristic_trajectory,34,0,1,8,0,-592,0,1538,1540,native
ebde781a11596519c7a452de26bae83348e3cb54-dirty,1,1,1,1,2,739,high_stack_holes,17,0,0,0,0,0,1,195,197,native
ebde781a11596519c7a452de26bae83348e3cb54-dirty,1,1,1,1,2,439,random_trajectory,17,0,0,0,14,-12060,0,297,299,native
ebde781a11596519c7a452de26bae83348e3cb54-dirty,1,1,1,1,2,140,heuristic_trajectory,34,0,3,8,5,-3010,0,1538,1540,native
ebde781a11596519c7a452de26bae83348e3cb54-dirty,1,1,1,1,2,740,high_stack_holes,34,0,1,2,16,-11622,0,1300,1302,native
ebde781a11596519c7a452de26bae83348e3cb54-dirty,1,1,1,1,2,440,random_trajectory,34,0,3,2,1,-1812,0,1538,1540,native
ebde781a11596519c7a452de26bae83348e3cb54-dirty,1,1,1,1,2,141,heuristic_trajectory,17,0,0,1,2,-1554,0,773,775,native
ebde781a11596519c7a452de26bae83348e3cb54-dirty,1,1,1,1,2,741,high_stack_holes,34,0,3,4,15,-9048,0,1300,1302,native
ebde781a11596519c7a452de26bae83348e3cb54-dirty,1,1,1,1,2,441,random_trajectory,17,0,1,8,1,-7434,0,773,775,native
ebde781a11596519c7a452de26bae83348e3cb54-dirty,1,1,1,1,2,142,heuristic_trajectory,17,0,0,5,6,-4086,0,773,775,native
ebde781a11596519c7a452de26bae83348e3cb54-dirty,1,1,1,1,2,742,high_stack_holes,17,0,1,1,15,-12810,0,297,299,native
ebde781a11596519c7a452de26bae83348e3cb54-dirty,1,1,1,1,2,442,random_trajectory,34,0,0,0,14,-11184,0,1266,1268,native
ebde781a11596519c7a452de26bae83348e3cb54-dirty,1,1,1,1,2,143,heuristic_trajectory,17,0,0,6,5,-2694,0,773,775,native
ebde781a11596519c7a452de26bae83348e3cb54-dirty,1,1,1,1,2,743,high_stack_holes,34,0,3,4,7,-6168,0,1538,1540,native
ebde781a11596519c7a452de26bae83348e3cb54-dirty,1,1,1,1,2,443,random_trajectory,34,0,0,7,0,-1092,0,1538,1540,native
ebde781a11596519c7a452de26bae83348e3cb54-dirty,1,1,1,1,2,144,heuristic_trajectory,34,0,3,3,1,-1962,0,1538,1540,native
ebde781a11596519c7a452de26bae83348e3cb54-dirty,1,1,1,1,2,744,high_stack_holes,17,0,1,2,13,-8280,0,705,707,native
ebde781a11596519c7a452de26bae83348e3cb54-dirty,1,1,1,1,2,444,random_trajectory,34,0,3,2,1,-1812,0,1538,1540,native
ebde781a11596519c7a452de26bae83348e3cb54-dirty,1,1,1,1,2,145,heuristic_trajectory,17,0,0,6,0,-648,0,773,775,native
ebde781a11596519c7a452de26bae83348e3cb54-dirty,1,1,1,1,2,745,high_stack_holes,9,0,0,1,1,-10524,0,379,381,native
ebde781a11596519c7a452de26bae83348e3cb54-dirty,1,1,1,1,2,445,random_trajectory,9,0,0,1,14,-10902,0,413,415,native
ebde781a11596519c7a452de26bae83348e3cb54-dirty,1,1,1,1,2,146,heuristic_trajectory,34,0,3,7,5,-3522,0,1538,1540,native
ebde781a11596519c7a452de26bae83348e3cb54-dirty,1,1,1,1,2,746,high_stack_holes,34,0,1,0,16,-12120,0,1096,1098,native
ebde781a11596519c7a452de26bae83348e3cb54-dirty,1,1,1,1,2,446,random_trajectory,34,0,3,8,1,-7092,0,1538,1540,native
ebde781a11596519c7a452de26bae83348e3cb54-dirty,1,1,1,1,2,147,heuristic_trajectory,34,0,3,8,2,-1810,0,1538,1540,native
ebde781a11596519c7a452de26bae83348e3cb54-dirty,1,1,1,1,2,747,high_stack_holes,9,0,0,6,14,-8592,0,311,313,native
ebde781a11596519c7a452de26bae83348e3cb54-dirty,1,1,1,1,2,447,random_trajectory,34,0,1,1,3,-3660,0,1538,1540,native
ebde781a11596519c7a452de26bae83348e3cb54-dirty,1,1,1,1,2,148,heuristic_trajectory,34,0,1,4,2,-1806,0,1538,1540,native
ebde781a11596519c7a452de26bae83348e3cb54-dirty,1,1,1,1,2,748,high_stack_holes,17,0,1,7,5,-11748,0,467,469,native
ebde781a11596519c7a452de26bae83348e3cb54-dirty,1,1,1,1,2,448,random_trajectory,17,0,1,0,16,-12660,0,263,265,native
ebde781a11596519c7a452de26bae83348e3cb54-dirty,1,1,1,1,2,149,heuristic_trajectory,9,0,0,1,6,-3558,0,413,415,native
ebde781a11596519c7a452de26bae83348e3cb54-dirty,1,1,1,1,2,749,high_stack_holes,34,0,2,5,6,-4218,0,1538,1540,native
ebde781a11596519c7a452de26bae83348e3cb54-dirty,1,1,1,1,2,449,random_trajectory,9,0,0,1,14,-11514,0,311,313,native
ebde781a11596519c7a452de26bae83348e3cb54-dirty,1,1,1,1,2,150,heuristic_trajectory,34,0,0,7,5,-2986,0,1538,1540,native
ebde781a11596519c7a452de26bae83348e3cb54-dirty,1,1,1,1,2,750,high_stack_holes,17,0,0,7,12,-7836,0,773,775,native
ebde781a11596519c7a452de26bae83348e3cb54-dirty,1,1,1,1,2,450,random_trajectory,17,0,1,8,11,-11532,0,229,231,native
ebde781a11596519c7a452de26bae83348e3cb54-dirty,1,1,1,1,2,151,heuristic_trajectory,17,0,1,6,0,-1098,0,773,775,native
ebde781a11596519c7a452de26bae83348e3cb54-dirty,1,1,1,1,2,751,high_stack_holes,34,0,3,1,15,-12858,0,756,758,native
ebde781a11596519c7a452de26bae83348e3cb54-dirty,1,1,1,1,2,451,random_trajectory,34,0,0,0,0,0,1,382,384,native
ebde781a11596519c7a452de26bae83348e3cb54-dirty,1,1,1,1,2,152,heuristic_trajectory,9,0,0,0,3,-1848,0,413,415,native
ebde781a11596519c7a452de26bae83348e3cb54-dirty,1,1,1,1,2,752,high_stack_holes,34,0,3,5,10,-8574,0,1538,1540,native
ebde781a11596519c7a452de26bae83348e3cb54-dirty,1,1,1,1,2,452,random_trajectory,9,0,0,3,18,-10194,0,277,279,native
ebde781a11596519c7a452de26bae83348e3cb54-dirty,1,1,1,1,2,153,heuristic_trajectory,34,0,1,2,1,-982,0,1538,1540,native
ebde781a11596519c7a452de26bae83348e3cb54-dirty,1,1,1,1,2,753,high_stack_holes,34,0,2,2,13,-8670,0,1198,1200,native
ebde781a11596519c7a452de26bae83348e3cb54-dirty,1,1,1,1,2,453,random_trajectory,17,0,1,0,0,-5064,0,773,775,native
ebde781a11596519c7a452de26bae83348e3cb54-dirty,1,1,1,1,2,154,heuristic_trajectory,34,0,3,8,0,-798,0,1538,1540,native
ebde781a11596519c7a452de26bae83348e3cb54-dirty,1,1,1,1,2,754,high_stack_holes,34,0,3,5,16,-12768,0,790,792,native
ebde781a11596519c7a452de26bae83348e3cb54-dirty,1,1,1,1,2,454,random_trajectory,17,0,0,0,0,-1386,0,773,775,native
ebde781a11596519c7a452de26bae83348e3cb54-dirty,1,1,1,1,2,155,heuristic_trajectory,17,0,0,5,7,-3814,0,773,775,native
ebde781a11596519c7a452de26bae83348e3cb54-dirty,1,1,1,1,2,755,high_stack_holes,17,0,1,4,12,-10902,0,705,707,native
ebde781a11596519c7a452de26bae83348e3cb54-dirty,1,1,1,1,2,455,random_trajectory,34,0,1,0,14,-10698,0,518,520,native
ebde781a11596519c7a452de26bae83348e3cb54-dirty,1,1,1,1,2,156,heuristic_trajectory,17,0,1,3,7,-4332,0,773,775,native
ebde781a11596519c7a452de26bae83348e3cb54-dirty,1,1,1,1,2,756,high_stack_holes,17,0,1,9,6,-8152,0,603,605,native
ebde781a11596519c7a452de26bae83348e3cb54-dirty,1,1,1,1,2,456,random_trajectory,17,0,1,2,6,-7962,0,501,503,native
ebde781a11596519c7a452de26bae83348e3cb54-dirty,1,1,1,1,2,157,heuristic_trajectory,34,0,3,4,5,-3258,0,1538,1540,native
ebde781a11596519c7a452de26bae83348e3cb54-dirty,1,1,1,1,2,757,high_stack_holes,17,0,0,0,17,-11580,0,603,605,native
ebde781a11596519c7a452de26bae83348e3cb54-dirty,1,1,1,1,2,457,random_trajectory,17,0,0,0,0,-1386,0,773,775,native
ebde781a11596519c7a452de26bae83348e3cb54-dirty,1,1,1,1,2,158,heuristic_trajectory,17,0,0,6,0,-544,0,773,775,native
ebde781a11596519c7a452de26bae83348e3cb54-dirty,1,1,1,1,2,758,high_stack_holes,34,0,0,2,2,-1704,0,1538,1540,native
ebde781a11596519c7a452de26bae83348e3cb54-dirty,1,1,1,1,2,458,random_trajectory,17,0,1,8,11,-11532,0,229,231,native
ebde781a11596519c7a452de26bae83348e3cb54-dirty,1,1,1,1,2,159,heuristic_trajectory,17,0,1,8,2,-2034,0,773,775,native
ebde781a11596519c7a452de26bae83348e3cb54-dirty,1,1,1,1,2,759,high_stack_holes,34,0,1,4,16,-10182,0,518,520,native
ebde781a11596519c7a452de26bae83348e3cb54-dirty,1,1,1,1,2,459,random_trajectory,17,0,1,0,0,-5064,0,773,775,native
ebde781a11596519c7a452de26bae83348e3cb54-dirty,1,1,1,1,2,160,heuristic_trajectory,17,0,0,4,0,-316,0,773,775,native
ebde781a11596519c7a452de26bae83348e3cb54-dirty,1,1,1,1,2,760,high_stack_holes,34,0,3,2,4,-10446,0,790,792,native
ebde781a11596519c7a452de26bae83348e3cb54-dirty,1,1,1,1,2,460,random_trajectory,17,0,1,1,15,-10818,0,297,299,native
ebde781a11596519c7a452de26bae83348e3cb54-dirty,1,1,1,1,2,161,heuristic_trajectory,34,0,0,5,0,-474,0,1538,1540,native
ebde781a11596519c7a452de26bae83348e3cb54-dirty,1,1,1,1,2,761,high_stack_holes,34,0,1,7,2,-2628,0,1538,1540,native
ebde781a11596519c7a452de26bae83348e3cb54-dirty,1,1,1,1,2,461,random_trajectory,17,0,1,8,5,-8286,0,467,469,native
ebde781a11596519c7a452de26bae83348e3cb54-dirty,1,1,1,1,2,162,heuristic_trajectory,17,0,1,5,6,-4062,0,773,775,native
ebde781a11596519c7a452de26bae83348e3cb54-dirty,1,1,1,1,2,762,high_stack_holes,17,0,1,6,13,-8670,0,501,503,native
ebde781a11596519c7a452de26bae83348e3cb54-dirty,1,1,1,1,2,462,random_trajectory,34,0,1,8,4,-9252,0,926,928,native
ebde781a11596519c7a452de26bae83348e3cb54-dirty,1,1,1,1,2,163,heuristic_trajectory,34,0,1,8,2,-2146,0,1538,1540,native
ebde781a11596519c7a452de26bae83348e3cb54-dirty,1,1,1,1,2,763,high_stack_holes,17,0,1,6,7,-11172,0,331,333,native
ebde781a11596519c7a452de26bae83348e3cb54-dirty,1,1,1,1,2,463,random_trajectory,34,0,0,0,0,-558,0,1538,1540,native
ebde781a11596519c7a452de26bae83348e3cb54-dirty,1,1,1,1,2,164,heuristic_trajectory,34,0,0,2,0,-588,0,1538,1540,native
ebde781a11596519c7a452de26bae83348e3cb54-dirty,1,1,1,1,2,764,high_stack_holes,17,0,0,6,1,-636,0,773,775,native
ebde781a11596519c7a452de26bae83348e3cb54-dirty,1,1,1,1,2,464,random_trajectory,9,0,0,8,14,-11736,0,141,143,native
ebde781a11596519c7a452de26bae83348e3cb54-dirty,1,1,1,1,2,165,heuristic_trajectory,17,0,0,4,6,-3738,0,773,775,native
ebde781a11596519c7a452de26bae83348e3cb54-dirty,1,1,1,1,2,765,high_stack_holes,17,0,1,2,0,-8484,0,637,639,native
ebde781a11596519c7a452de26bae83348e3cb54-dirty,1,1,1,1,2,465,random_trajectory,34,0,0,0,7,-7596,0,1300,1302,native
ebde781a11596519c7a452de26bae83348e3cb54-dirty,1,1,1,1,2,166,heuristic_trajectory,17,0,0,4,5,-3426,0,773,775,native
ebde781a11596519c7a452de26bae83348e3cb54-dirty,1,1,1,1,2,766,high_stack_holes,17,0,1,1,16,-12186,0,467,469,native
ebde781a11596519c7a452de26bae83348e3cb54-dirty,1,1,1,1,2,466,random_trajectory,34,0,0,0,0,-4140,0,1538,1540,native
ebde781a11596519c7a452de26bae83348e3cb54-dirty,1,1,1,1,2,167,heuristic_trajectory,17,0,0,4,5,-3426,0,773,775,native
ebde781a11596519c7a452de26bae83348e3cb54-dirty,1,1,1,1,2,767,high_stack_holes,34,0,1,5,10,-5800,0,1538,1540,native
ebde781a11596519c7a452de26bae83348e3cb54-dirty,1,1,1,1,2,467,random_trajectory,17,0,1,1,6,-7326,0,671,673,native
ebde781a11596519c7a452de26bae83348e3cb54-dirty,1,1,1,1,2,168,heuristic_trajectory,34,0,0,4,3,-2070,0,1538,1540,native
ebde781a11596519c7a452de26bae83348e3cb54-dirty,1,1,1,1,2,768,high_stack_holes,17,0,1,6,11,-8076,0,603,605,native
ebde781a11596519c7a452de26bae83348e3cb54-dirty,1,1,1,1,2,468,random_trajectory,34,0,0,0,0,-2658,0,1538,1540,native
ebde781a11596519c7a452de26bae83348e3cb54-dirty,1,1,1,1,2,169,heuristic_trajectory,17,0,1,6,6,-3588,0,773,775,native
ebde781a11596519c7a452de26bae83348e3cb54-dirty,1,1,1,1,2,769,high_stack_holes,34,0,0,3,18,-11472,0,688,690,native
ebde781a11596519c7a452de26bae83348e3cb54-dirty,1,1,1,1,2,469,random_trajectory,34,0,3,1,6,-6186,0,1538,1540,native
ebde781a11596519c7a452de26bae83348e3cb54-dirty,1,1,1,1,2,170,heuristic_trajectory,34,0,0,1,3,-1782,0,1538,1540,native
ebde781a11596519c7a452de26bae83348e3cb54-dirty,1,1,1,1,2,770,high_stack_holes,34,0,0,6,0,-1044,0,1538,1540,native
ebde781a11596519c7a452de26bae83348e3cb54-dirty,1,1,1,1,2,470,random_trajectory,17,0,0,0,0,-312,0,773,775,native
ebde781a11596519c7a452de26bae83348e3cb54-dirty,1,1,1,1,2,171,heuristic_trajectory,17,0,1,6,6,-3588,0,773,775,native
ebde781a11596519c7a452de26bae83348e3cb54-dirty,1,1,1,1,2,771,high_stack_holes,34,0,1,2,11,-8548,0,1062,1064,native
ebde781a11596519c7a452de26bae83348e3cb54-dirty,1,1,1,1,2,471,random_trajectory,34,0,1,5,3,-2484,0,1538,1540,native
ebde781a11596519c7a452de26bae83348e3cb54-dirty,1,1,1,1,2,172,heuristic_trajectory,34,0,0,1,5,-2976,0,1538,1540,native
ebde781a11596519c7a452de26bae83348e3cb54-dirty,1,1,1,1,2,772,high_stack_holes,34,0,3,6,14,-12348,0,960,962,native
ebde781a11596519c7a452de26bae83348e3cb54-dirty,1,1,1,1,2,472,random_trajectory,17,0,0,0,0,-312,0,773,775,native
ebde781a11596519c7a452de26bae83348e3cb54-dirty,1,1,1,1,2,173,heuristic_trajectory,34,0,3,8,2,-1810,0,1538,1540,native
ebde781a11596519c7a452de26bae83348e3cb54-dirty,1,1,1,1,2,773,high_stack_holes,34,0,2,1,15,-9732,0,1538,1540,native
ebde781a11596519c7a452de26bae83348e3cb54-dirty,1,1,1,1,2,473,random_trajectory,17,0,1,8,0,-3000,0,773,775,native
ebde781a11596519c7a452de26bae83348e3cb54-dirty,1,1,1,1,2,174,heuristic_trajectory,34,0,3,7,1,-666,0,1538,1540,native
ebde781a11596519c7a452de26bae83348e3cb54-dirty,1,1,1,1,2,774,high_stack_holes,34,0,1,7,12,-7738,0,1538,1540,native
ebde781a11596519c7a452de26bae83348e3cb54-dirty,1,1,1,1,2,474,random_trajectory,17,0,1,0,9,-9618,0,399,401,native
ebde781a11596519c7a452de26bae83348e3cb54-dirty,1,1,1,1,2,175,heuristic_trajectory,34,0,1,2,5,-3312,0,1538,1540,native
ebde781a11596519c7a452de26bae83348e3cb54-dirty,1,1,1,1,2,775,high_stack_holes,9,0,0,3,16,-11184,0,209,211,native
ebde781a11596519c7a452de26bae83348e3cb54-dirty,1,1,1,1,2,475,random_trajectory,17,0,1,0,0,-5064,0,773,775,native
ebde781a11596519c7a452de26bae83348e3cb54-dirty,1,1,1,1,2,176,heuristic_trajectory,17,0,1,4,0,-816,0,773,775,native
ebde781a11596519c7a452de26bae83348e3cb54-dirty,1,1,1,1,2,776,high_stack_holes,9,0,0,2,8,-5940,0,413,415,native
ebde781a11596519c7a452de26bae83348e3cb54-dirty,1,1,1,1,2,476,random_trajectory,34,0,1,5,3,-2484,0,1538,1540,native
ebde781a11596519c7a452de26bae83348e3cb54-dirty,1,1,1,1,2,177,heuristic_trajectory,17,0,0,2,1,-1314,0,773,775,native
ebde781a11596519c7a452de26bae83348e3cb54-dirty,1,1,1,1,2,777,high_stack_holes,17,0,1,6,14,-8970,0,433,435,native
ebde781a11596519c7a452de26bae83348e3cb54-dirty,1,1,1,1,2,477,random_trajectory,17,0,0,0,0,-1386,0,773,775,native
ebde781a11596519c7a452de26bae83348e3cb54-dirty,1,1,1,1,2,178,heuristic_trajectory,17,0,0,0,7,-3772,0,773,775,native
ebde781a11596519c7a452de26bae83348e3cb54-dirty,1,1,1,1,2,778,high_stack_holes,17,0,1,8,17,-12126,0,467,469,native
ebde781a11596519c7a452de26bae83348e3cb54-dirty,1,1,1,1,2,478,random_trajectory,17,0,1,1,6,-7326,0,671,673,native
ebde781a11596519c7a452de26bae83348e3cb54-dirty,1,1,1,1,2,179,heuristic_trajectory,34,0,2,7,0,-936,0,1538,1540,native
ebde781a11596519c7a452de26bae83348e3cb54-dirty,1,1,1,1,2,779,high_stack_holes,34,0,1,0,12,-7030,0,1538,1540,native
ebde781a11596519c7a452de26bae83348e3cb54-dirty,1,1,1,1,2,479,random_trajectory,34,0,1,8,0,-5304,0,1538,1540,native
ebde781a11596519c7a452de26bae83348e3cb54-dirty,1,1,1,1,2,180,heuristic_trajectory,17,0,1,0,3,-2712,0,773,775,native
ebde781a11596519c7a452de26bae83348e3cb54-dirty,1,1,1,1,2,780,high_stack_holes,9,0,0,7,14,-8472,0,413,415,native
ebde781a11596519c7a452de26bae83348e3cb54-dirty,1,1,1,1,2,480,random_trajectory,17,0,1,5,2,-2064,0,773,775,native
ebde781a11596519c7a452de26bae83348e3cb54-dirty,1,1,1,1,2,181,heuristic_trajectory,9,0,0,3,7,-4218,0,413,415,native
ebde781a11596519c7a452de26bae83348e3cb54-dirty,1,1,1,1,2,781,high_stack_holes,34,0,1,7,15,-11652,0,858,860,native
ebde781a11596519c7a452de26bae83348e3cb54-dirty,1,1,1,1,2,481,random_trajectory,34,0,1,8,4,-9252,0,926,928,native
ebde781a11596519c7a452de26bae83348e3cb54-dirty,1,1,1,1,2,182,heuristic_trajectory,34,0,2,6,5,-3510,0,1538,1540,native
ebde781a11596519c7a452de26bae83348e3cb54-dirty,1,1,1,1,2,782,high_stack_holes,17,0,1,8,5,-4404,0,773,775,native
ebde781a11596519c7a452de26bae83348e3cb54-dirty,1,1,1,1,2,482,random_trajectory,9,0,0,8,14,-11736,0,141,143,native
ebde781a11596519c7a452de26bae83348e3cb54-dirty,1,1,1,1,2,183,heuristic_trajectory,34,0,0,6,2,-1488,0,1538,1540,native
ebde781a11596519c7a452de26bae83348e3cb54-dirty,1,1,1,1,2,783,high_stack_holes,34,0,3,1,13,-8874,0,1096,1098,native
ebde781a11596519c7a452de26bae83348e3cb54-dirty,1,1,1,1,2,483,random_trajectory,34,0,0,0,0,-2658,0,1538,1540,native
ebde781a11596519c7a452de26bae83348e3cb54-dirty,1,1,1,1,2,184,heuristic_trajectory,34,0,3,7,0,-780,0,1538,1540,native
ebde781a11596519c7a452de26bae83348e3cb54-dirty,1,1,1,1,2,784,high_stack_holes,17,0,1,2,1,-10704,0,365,367,native
ebde781a11596519c7a452de26bae83348e3cb54-dirty,1,1,1,1,2,484,random_trajectory,34,0,1,8,4,-9252,0,926,928,native
ebde781a11596519c7a452de26bae83348e3cb54-dirty,1,1,1,1,2,185,heuristic_trajectory,34,0,2,3,2,-1860,0,1538,1540,native
ebde781a11596519c7a452de26bae83348e3cb54-dirty,1,1,1,1,2,785,high_stack_holes,9,0,0,3,12,-7968,0,413,415,native
ebde781a11596519c7a452de26bae83348e3cb54-dirty,1,1,1,1,2,485,random_trajectory,17,0,1,0,9,-9618,0,399,401,native
ebde781a11596519c7a452de26bae83348e3cb54-dirty,1,1,1,1,2,186,heuristic_trajectory,9,0,0,0,3,-2442,0,413,415,native
ebde781a11596519c7a452de26bae83348e3cb54-dirty,1,1,1,1,2,786,high_stack_holes,17,0,1,8,14,-8130,0,637,639,native
ebde781a11596519c7a452de26bae83348e3cb54-dirty,1,1,1,1,2,486,random_trajectory,17,0,1,1,15,-10818,0,297,299,native
ebde781a11596519c7a452de26bae83348e3cb54-dirty,1,1,1,1,2,187,heuristic_trajectory,17,0,1,8,4,-3654,0,773,775,native
ebde781a11596519c7a452de26bae83348e3cb54-dirty,1,1,1,1,2,787,high_stack_holes,17,0,1,5,16,-12252,0,297,299,native
ebde781a11596519c7a452de26bae83348e3cb54-dirty,1,1,1,1,2,487,random_trajectory,34,0,1,5,3,-2484,0,1538,1540,native
ebde781a11596519c7a452de26bae83348e3cb54-dirty,1,1,1,1,2,188,heuristic_trajectory,17,0,1,3,5,-3624,0,773,775,native
ebde781a11596519c7a452de26bae83348e3cb54-dirty,1,1,1,1,2,788,high_stack_holes,34,0,1,6,1,-2082,0,1538,1540,native
ebde781a11596519c7a452de26bae83348e3cb54-dirty,1,1,1,1,2,488,random_trajectory,34,0,1,5,3,-2484,0,1538,1540,native
ebde781a11596519c7a452de26bae83348e3cb54-dirty,1,1,1,1,2,189,heuristic_trajectory,34,0,2,3,6,-3714,0,1538,1540,native
ebde781a11596519c7a452de26bae83348e3cb54-dirty,1,1,1,1,2,789,high_stack_holes,17,0,1,4,12,-8670,0,569,571,native
ebde781a11596519c7a452de26bae83348e3cb54-dirty,1,1,1,1,2,489,random_trajectory,17,0,1,0,9,-9618,0,399,401,native
ebde781a11596519c7a452de26bae83348e3cb54-dirty,1,1,1,1,2,190,heuristic_trajectory,17,0,0,6,4,-3132,0,773,775,native
ebde781a11596519c7a452de26bae83348e3cb54-dirty,1,1,1,1,2,790,high_stack_holes,17,0,1,3,11,-11568,0,399,401,native
ebde781a11596519c7a452de26bae83348e3cb54-dirty,1,1,1,1,2,490,random_trajectory,9,0,0,8,14,-11736,0,141,143,native
ebde781a11596519c7a452de26bae83348e3cb54-dirty,1,1,1,1,2,191,heuristic_trajectory,34,0,3,8,2,-1216,0,1538,1540,native
ebde781a11596519c7a452de26bae83348e3cb54-dirty,1,1,1,1,2,791,high_stack_holes,9,0,0,1,15,-10044,0,413,415,native
ebde781a11596519c7a452de26bae83348e3cb54-dirty,1,1,1,1,2,491,random_trajectory,34,0,0,0,0,-4140,0,1538,1540,native
ebde781a11596519c7a452de26bae83348e3cb54-dirty,1,1,1,1,2,192,heuristic_trajectory,17,0,0,0,2,-1212,0,773,775,native
ebde781a11596519c7a452de26bae83348e3cb54-dirty,1,1,1,1,2,792,high_stack_holes,17,0,1,6,14,-8814,0,501,503,native
ebde781a11596519c7a452de26bae83348e3cb54-dirty,1,1,1,1,2,492,random_trajectory,34,0,1,0,11,-10488,0,518,520,native
ebde781a11596519c7a452de26bae83348e3cb54-dirty,1,1,1,1,2,193,heuristic_trajectory,34,0,3,8,2,-1216,0,1538,1540,native
ebde781a11596519c7a452de26bae83348e3cb54-dirty,1,1,1,1,2,793,high_stack_holes,34,0,3,5,3,-10086,0,960,962,native
ebde781a11596519c7a452de26bae83348e3cb54-dirty,1,1,1,1,2,493,random_trajectory,17,0,1,2,6,-7962,0,501,503,native
ebde781a11596519c7a452de26bae83348e3cb54-dirty,1,1,1,1,2,194,heuristic_trajectory,17,0,0,2,2,-1908,0,773,775,native
ebde781a11596519c7a452de26bae83348e3cb54-dirty,1,1,1,1,2,794,high_stack_holes,17,0,0,4,0,-396,0,773,775,native
ebde781a11596519c7a452de26bae83348e3cb54-dirty,1,1,1,1,2,494,random_trajectory,34,0,3,1,6,-6186,0,1538,1540,native
ebde781a11596519c7a452de26bae83348e3cb54-dirty,1,1,1,1,2,195,heuristic_trajectory,17,0,1,0,4,-2148,0,773,775,native
ebde781a11596519c7a452de26bae83348e3cb54-dirty,1,1,1,1,2,795,high_stack_holes,17,0,1,2,12,-8430,0,705,707,native
ebde781a11596519c7a452de26bae83348e3cb54-dirty,1,1,1,1,2,495,random_trajectory,34,0,0,0,0,-4140,0,1538,1540,native
ebde781a11596519c7a452de26bae83348e3cb54-dirty,1,1,1,1,2,196,heuristic_trajectory,17,0,0,1,4,-2172,0,773,775,native
ebde781a11596519c7a452de26bae83348e3cb54-dirty,1,1,1,1,2,796,high_stack_holes,17,0,1,6,16,-11268,0,569,571,native
ebde781a11596519c7a452de26bae83348e3cb54-dirty,1,1,1,1,2,496,random_trajectory,9,0,0,8,0,-1836,0,413,415,native
ebde781a11596519c7a452de26bae83348e3cb54-dirty,1,1,1,1,2,197,heuristic_trajectory,9,0,0,0,6,-3462,0,413,415,native
ebde781a11596519c7a452de26bae83348e3cb54-dirty,1,1,1,1,2,797,high_stack_holes,34,0,2,7,4,-2766,0,1538,1540,native
ebde781a11596519c7a452de26bae83348e3cb54-dirty,1,1,1,1,2,497,random_trajectory,17,0,1,8,16,-11976,0,229,231,native
ebde781a11596519c7a452de26bae83348e3cb54-dirty,1,1,1,1,2,198,heuristic_trajectory,17,0,1,5,4,-2974,0,773,775,native
ebde781a11596519c7a452de26bae83348e3cb54-dirty,1,1,1,1,2,798,high_stack_holes,17,0,1,5,12,-8940,0,671,673,native
ebde781a11596519c7a452de26bae83348e3cb54-dirty,1,1,1,1,2,498,random_trajectory,17,0,1,1,15,-10818,0,297,299,native
ebde781a11596519c7a452de26bae83348e3cb54-dirty,1,1,1,1,2,199,heuristic_trajectory,34,0,0,1,9,-4524,0,1538,1540,native
ebde781a11596519c7a452de26bae83348e3cb54-dirty,1,1,1,1,2,799,high_stack_holes,17,0,1,5,7,-12060,0,637,639,native
ebde781a11596519c7a452de26bae83348e3cb54-dirty,1,1,1,1,2,499,random_trajectory,17,0,0,2,18,-9894,0,365,367,native
ebde781a11596519c7a452de26bae83348e3cb54-dirty,1,1,1,1,2,200,heuristic_trajectory,17,0,1,4,3,-2280,0,773,775,native
ebde781a11596519c7a452de26bae83348e3cb54-dirty,1,1,1,1,2,500,random_trajectory,34,0,3,3,0,-3936,0,1538,1540,native
ebde781a11596519c7a452de26bae83348e3cb54-dirty,1,1,1,1,2,201,heuristic_trajectory,17,0,1,8,2,-2106,0,773,775,native
ebde781a11596519c7a452de26bae83348e3cb54-dirty,1,1,1,1,2,501,random_trajectory,34,0,0,0,0,-246,0,1538,1540,native
ebde781a11596519c7a452de26bae83348e3cb54-dirty,1,1,1,1,2,202,heuristic_trajectory,17,0,1,0,4,-2922,0,773,775,native
ebde781a11596519c7a452de26bae83348e3cb54-dirty,1,1,1,1,2,502,random_trajectory,34,0,2,0,4,-8598,0,688,690,native
ebde781a11596519c7a452de26bae83348e3cb54-dirty,1,1,1,1,2,203,heuristic_trajectory,9,0,0,6,4,-2094,0,413,415,native
ebde781a11596519c7a452de26bae83348e3cb54-dirty,1,1,1,1,2,503,random_trajectory,17,0,1,0,10,-9834,0,331,333,native
ebde781a11596519c7a452de26bae83348e3cb54-dirty,1,1,1,1,2,204,heuristic_trajectory,34,0,1,6,2,-1486,0,1538,1540,native
ebde781a11596519c7a452de26bae83348e3cb54-dirty,1,1,1,1,2,504,random_trajectory,17,0,1,3,0,-1968,0,773,775,native
ebde781a11596519c7a452de26bae83348e3cb54-dirty,1,1,1,1,2,205,heuristic_trajectory,34,0,2,2,5,-2880,0,1538,1540,native
ebde781a11596519c7a452de26bae83348e3cb54-dirty,1,1,1,1,2,505,random_trajectory,9,0,0,8,5,-8370,0,277,279,native
ebde781a11596519c7a452de26bae83348e3cb54-dirty,1,1,1,1,2,206,heuristic_trajectory,34,0,2,5,0,-538,0,1538,1540,native
ebde781a11596519c7a452de26bae83348e3cb54-dirty,1,1,1,1,2,506,random_trajectory,34,0,3,1,8,-9270,0,688,690,native
ebde781a11596519c7a452de26bae83348e3cb54-dirty,1,1,1,1,2,207,heuristic_trajectory,34,0,1,3,7,-4746,0,1538,1540,native
ebde781a11596519c7a452de26bae83348e3cb54-dirty,1,1,1,1,2,507,random_trajectory,34,0,3,8,10,-10968,0,688,690,native
ebde781a11596519c7a452de26bae83348e3cb54-dirty,1,1,1,1,2,208,heuristic_trajectory,34,0,1,0,4,-2908,0,1538,1540,native
ebde781a11596519c7a452de26bae83348e3cb54-dirty,1,1,1,1,2,508,random_trajectory,17,0,1,8,0,-1224,0,773,775,native
ebde781a11596519c7a452de26bae83348e3cb54-dirty,1,1,1,1,2,209,heuristic_trajectory,17,0,0,3,8,-4374,0,773,775,native
ebde781a11596519c7a452de26bae83348e3cb54-dirty,1,1,1,1,2,509,random_trajectory,34,0,1,3,0,-4284,0,1538,1540,native
ebde781a11596519c7a452de26bae83348e3cb54-dirty,1,1,1,1,2,210,heuristic_trajectory,17,0,1,0,5,-2908,0,773,775,native
ebde781a11596519c7a452de26bae83348e3cb54-dirty,1,1,1,1,2,510,random_trajectory,17,0,1,3,0,-1968,0,773,775,native
ebde781a11596519c7a452de26bae83348e3cb54-dirty,1,1,1,1,2,211,heuristic_trajectory,17,0,1,3,6,-3762,0,773,775,native
ebde781a11596519c7a452de26bae83348e3cb54-dirty,1,1,1,1,2,511,random_trajectory,34,0,3,8,10,-10968,0,688,690,native
ebde781a11596519c7a452de26bae83348e3cb54-dirty,1,1,1,1,2,212,heuristic_trajectory,17,0,0,5,1,-682,0,773,775,native
ebde781a11596519c7a452de26bae83348e3cb54-dirty,1,1,1,1,2,512,random_trajectory,34,0,3,5,17,-6894,0,1198,1200,native
ebde781a11596519c7a452de26bae83348e3cb54-dirty,1,1,1,1,2,213,heuristic_trajectory,17,0,1,6,2,-2694,0,773,775,native
ebde781a11596519c7a452de26bae83348e3cb54-dirty,1,1,1,1,2,513,random_trajectory,34,0,1,3,0,-4476,0,1538,1540,native
ebde781a11596519c7a452de26bae83348e3cb54-dirty,1,1,1,1,2,214,heuristic_trajectory,17,0,1,6,4,-2922,0,773,775,native
ebde781a11596519c7a452de26bae83348e3cb54-dirty,1,1,1,1,2,514,random_trajectory,34,0,0,0,0,-246,0,1538,1540,native
ebde781a11596519c7a452de26bae83348e3cb54-dirty,1,1,1,1,2,215,heuristic_trajectory,34,0,3,1,3,-2266,0,1538,1540,native
ebde781a11596519c7a452de26bae83348e3cb54-dirty,1,1,1,1,2,515,random_trajectory,34,0,1,3,0,-4476,0,1538,1540,native
ebde781a11596519c7a452de26bae83348e3cb54-dirty,1,1,1,1,2,216,heuristic_trajectory,17,0,1,0,2,-1380,0,773,775,native
ebde781a11596519c7a452de26bae83348e3cb54-dirty,1,1,1,1,2,516,random_trajectory,17,0,1,3,0,-1968,0,773,775,native
ebde781a11596519c7a452de26bae83348e3cb54-dirty,1,1,1,1,2,217,heuristic_trajectory,34,0,1,0,2,-2166,0,1538,1540,native
ebde781a11596519c7a452de26bae83348e3cb54-dirty,1,1,1,1,2,517,random_trajectory,17,0,1,3,0,-1968,0,773,775,native
ebde781a11596519c7a452de26bae83348e3cb54-dirty,1,1,1,1,2,218,heuristic_trajectory,17,0,1,0,4,-2256,0,773,775,native
ebde781a11596519c7a452de26bae83348e3cb54-dirty,1,1,1,1,2,518,random_trajectory,17,0,1,8,0,-1224,0,773,775,native
ebde781a11596519c7a452de26bae83348e3cb54-dirty,1,1,1,1,2,219,heuristic_trajectory,34,0,2,1,0,-474,0,1538,1540,native
ebde781a11596519c7a452de26bae83348e3cb54-dirty,1,1,1,1,2,519,random_trajectory,34,0,3,4,0,-576,0,1538,1540,native
ebde781a11596519c7a452de26bae83348e3cb54-dirty,1,1,1,1,2,220,heuristic_trajectory,34,0,1,1,3,-1944,0,1538,1540,native
ebde781a11596519c7a452de26bae83348e3cb54-dirty,1,1,1,1,2,520,random_trajectory,34,0,2,0,4,-8598,0,688,690,native
ebde781a11596519c7a452de26bae83348e3cb54-dirty,1,1,1,1,2,221,heuristic_trajectory,34,0,2,7,2,-2124,0,1538,1540,native
ebde781a11596519c7a452de26bae83348e3cb54-dirty,1,1,1,1,2,521,random_trajectory,34,0,1,8,17,-11634,0,654,656,native
ebde781a11596519c7a452de26bae83348e3cb54-dirty,1,1,1,1,2,222,heuristic_trajectory,17,0,0,3,3,-2364,0,773,775,native
ebde781a11596519c7a452de26bae83348e3cb54-dirty,1,1,1,1,2,522,random_trajectory,17,0,1,0,10,-9834,0,331,333,native
ebde781a11596519c7a452de26bae83348e3cb54-dirty,1,1,1,1,2,223,heuristic_trajectory,17,0,1,2,2,-1336,0,773,775,native
ebde781a11596519c7a452de26bae83348e3cb54-dirty,1,1,1,1,2,523,random_trajectory,34,0,1,8,0,-2706,0,1538,1540,native
ebde781a11596519c7a452de26bae83348e3cb54-dirty,1,1,1,1,2,224,heuristic_trajectory,34,0,2,7,4,-3094,0,1538,1540,native
ebde781a11596519c7a452de26bae83348e3cb54-dirty,1,1,1,1,2,524,random_trajectory,9,0,0,0,18,-12006,0,175,177,native
ebde781a11596519c7a452de26bae83348e3cb54-dirty,1,1,1,1,2,225,heuristic_trajectory,17,0,0,0,5,-2814,0,773,775,native
ebde781a11596519c7a452de26bae83348e3cb54-dirty,1,1,1,1,2,525,random_trajectory,17,0,1,3,0,-1968,0,773,775,native
ebde781a11596519c7a452de26bae83348e3cb54-dirty,1,1,1,1,2,226,heuristic_trajectory,34,0,0,4,2,-1506,0,1538,1540,native
ebde781a11596519c7a452de26bae83348e3cb54-dirty,1,1,1,1,2,526,random_trajectory,17,0,0,0,13,-10770,0,331,333,native
ebde781a11596519c7a452de26bae83348e3cb54-dirty,1,1,1,1,2,227,heuristic_trajectory,34,0,2,6,3,-1828,0,1538,1540,native
ebde781a11596519c7a452de26bae83348e3cb54-dirty,1,1,1,1,2,527,random_trajectory,34,0,1,3,0,-4476,0,1538,1540,native
ebde781a11596519c7a452de26bae83348e3cb54-dirty,1,1,1,1,2,228,heuristic_trajectory,34,0,1,0,0,-702,0,1538,1540,native
ebde781a11596519c7a452de26bae83348e3cb54-dirty,1,1,1,1,2,528,random_trajectory,17,0,1,2,12,-11304,0,399,401,native
ebde781a11596519c7a452de26bae83348e3cb54-dirty,1,1,1,1,2,229,heuristic_trajectory,17,0,0,0,4,-2736,0,773,775,native
ebde781a11596519c7a452de26bae83348e3cb54-dirty,1,1,1,1,2,529,random_trajectory,9,0,0,5,17,-6672,0,345,347,native
ebde781a11596519c7a452de26bae83348e3cb54-dirty,1,1,1,1,2,230,heuristic_trajectory,17,0,0,5,3,-2358,0,773,775,native
ebde781a11596519c7a452de26bae83348e3cb54-dirty,1,1,1,1,2,530,random_trajectory,34,0,1,3,0,-4476,0,1538,1540,native
ebde781a11596519c7a452de26bae83348e3cb54-dirty,1,1,1,1,2,231,heuristic_trajectory,17,0,0,2,3,-1758,0,773,775,native
ebde781a11596519c7a452de26bae83348e3cb54-dirty,1,1,1,1,2,531,random_trajectory,34,0,1,8,17,-11634,0,654,656,native
ebde781a11596519c7a452de26bae83348e3cb54-dirty,1,1,1,1,2,232,heuristic_trajectory,9,0,0,1,5,-3294,0,413,415,native
ebde781a11596519c7a452de26bae83348e3cb54-dirty,1,1,1,1,2,532,random_trajectory,17,0,0,0,13,-10770,0,331,333,native
ebde781a11596519c7a452de26bae83348e3cb54-dirty,1,1,1,1,2,233,heuristic_trajectory,34,0,1,2,0,-990,0,1538,1540,native
ebde781a11596519c7a452de26bae83348e3cb54-dirty,1,1,1,1,2,533,random_trajectory,17,0,1,8,13,-11256,0,365,367,native
ebde781a11596519c7a452de26bae83348e3cb54-dirty,1,1,1,1,2,234,heuristic_trajectory,17,0,0,1,1,-1326,0,773,775,native
ebde781a11596519c7a452de26bae83348e3cb54-dirty,1,1,1,1,2,534,random_trajectory,34,0,3,5,17,-6894,0,1198,1200,native
ebde781a11596519c7a452de26bae83348e3cb54-dirty,1,1,1,1,2,235,heuristic_trajectory,17,0,0,4,5,-3150,0,773,775,native
ebde781a11596519c7a452de26bae83348e3cb54-dirty,1,1,1,1,2,535,random_trajectory,17,0,1,5,17,-6468,0,603,605,native
ebde781a11596519c7a452de26bae83348e3cb54-dirty,1,1,1,1,2,236,heuristic_trajectory,17,0,1,4,1,-1602,0,773,775,native
ebde781a11596519c7a452de26bae83348e3cb54-dirty,1,1,1,1,2,536,random_trajectory,17,0,1,0,4,-8922,0,399,401,native
ebde781a11596519c7a452de26bae83348e3cb54-dirty,1,1,1,1,2,237,heuristic_trajectory,17,0,1,0,1,-1086,0,773,775,native
ebde781a11596519c7a452de26bae83348e3cb54-dirty,1,1,1,1,2,537,random_trajectory,17,0,1,3,0,-1968,0,773,775,native
ebde781a11596519c7a452de26bae83348e3cb54-dirty,1,1,1,1,2,238,heuristic_trajectory,34,0,3,7,0,-1126,0,1538,1540,native
ebde781a11596519c7a452de26bae83348e3cb54-dirty,1,1,1,1,2,538,random_trajectory,17,0,1,0,4,-8922,0,399,401,native
ebde781a11596519c7a452de26bae83348e3cb54-dirty,1,1,1,1,2,239,heuristic_trajectory,34,0,3,7,2,-1198,0,1538,1540,native
ebde781a11596519c7a452de26bae83348e3cb54-dirty,1,1,1,1,2,539,random_trajectory,34,0,0,0,0,-246,0,1538,1540,native
ebde781a11596519c7a452de26bae83348e3cb54-dirty,1,1,1,1,2,240,heuristic_trajectory,17,0,1,6,2,-2694,0,773,775,native
ebde781a11596519c7a452de26bae83348e3cb54-dirty,1,1,1,1,2,540,random_trajectory,34,0,2,0,4,-8598,0,688,690,native
ebde781a11596519c7a452de26bae83348e3cb54-dirty,1,1,1,1,2,241,heuristic_trajectory,34,0,1,4,5,-2848,0,1538,1540,native
ebde781a11596519c7a452de26bae83348e3cb54-dirty,1,1,1,1,2,541,random_trajectory,34,0,0,0,0,0,1,382,384,native
ebde781a11596519c7a452de26bae83348e3cb54-dirty,1,1,1,1,2,242,heuristic_trajectory,34,0,2,1,4,-2760,0,1538,1540,native
ebde781a11596519c7a452de26bae83348e3cb54-dirty,1,1,1,1,2,542,random_trajectory,9,0,0,0,18,-12006,0,175,177,native
ebde781a11596519c7a452de26bae83348e3cb54-dirty,1,1,1,1,2,243,heuristic_trajectory,17,0,0,4,6,-3516,0,773,775,native
ebde781a11596519c7a452de26bae83348e3cb54-dirty,1,1,1,1,2,543,random_trajectory,17,0,1,3,0,-1968,0,773,775,native
ebde781a11596519c7a452de26bae83348e3cb54-dirty,1,1,1,1,2,244,heuristic_trajectory,34,0,3,8,7,-4698,0,1538,1540,native
ebde781a11596519c7a452de26bae83348e3cb54-dirty,1,1,1,1,2,544,random_trajectory,34,0,1,8,17,-11634,0,654,656,native
ebde781a11596519c7a452de26bae83348e3cb54-dirty,1,1,1,1,2,245,heuristic_trajectory,34,0,3,0,2,-1464,0,1538,1540,native
ebde781a11596519c7a452de26bae83348e3cb54-dirty,1,1,1,1,2,545,random_trajectory,17,0,1,0,10,-9834,0,331,333,native
ebde781a11596519c7a452de26bae83348e3cb54-dirty,1,1,1,1,2,246,heuristic_trajectory,34,0,0,4,6,-3894,0,1538,1540,native
ebde781a11596519c7a452de26bae83348e3cb54-dirty,1,1,1,1,2,546,random_trajectory,34,0,2,0,4,-8598,0,688,690,native
ebde781a11596519c7a452de26bae83348e3cb54-dirty,1,1,1,1,2,247,heuristic_trajectory,17,0,1,0,5,-3558,0,773,775,native
ebde781a11596519c7a452de26bae83348e3cb54-dirty,1,1,1,1,2,547,random_trajectory,17,0,1,5,17,-6468,0,603,605,native
ebde781a11596519c7a452de26bae83348e3cb54-dirty,1,1,1,1,2,248,heuristic_trajectory,34,0,2,0,3,-2056,0,1538,1540,native
ebde781a11596519c7a452de26bae83348e3cb54-dirty,1,1,1,1,2,548,random_trajectory,17,0,1,0,4,-8922,0,399,401,native
ebde781a11596519c7a452de26bae83348e3cb54-dirty,1,1,1,1,2,249,heuristic_trajectory,34,0,0,7,2,-1186,0,1538,1540,native
ebde781a11596519c7a452de26bae83348e3cb54-dirty,1,1,1,1,2,549,random_trajectory,17,0,1,0,4,-8922,0,399,401,native
ebde781a11596519c7a452de26bae83348e3cb54-dirty,1,1,1,1,2,250,heuristic_trajectory,17,0,1,4,2,-2010,0,773,775,native
ebde781a11596519c7a452de26bae83348e3cb54-dirty,1,1,1,1,2,550,random_trajectory,34,0,2,0,18,-11394,0,994,996,native
ebde781a11596519c7a452de26bae83348e3cb54-dirty,1,1,1,1,2,251,heuristic_trajectory,17,0,1,5,0,-1494,0,773,775,native
ebde781a11596519c7a452de26bae83348e3cb54-dirty,1,1,1,1,2,551,random_trajectory,34,0,2,4,17,-12300,0,688,690,native
ebde781a11596519c7a452de26bae83348e3cb54-dirty,1,1,1,1,2,252,heuristic_trajectory,34,0,1,5,3,-1908,0,1538,1540,native
ebde781a11596519c7a452de26bae83348e3cb54-dirty,1,1,1,1,2,552,random_trajectory,34,0,2,1,18,-12780,0,416,418,native
ebde781a11596519c7a452de26bae83348e3cb54-dirty,1,1,1,1,2,253,heuristic_trajectory,34,0,2,5,1,-1536,0,1538,1540,native
ebde781a11596519c7a452de26bae83348e3cb54-dirty,1,1,1,1,2,553,random_trajectory,9,0,0,7,10,-4776,0,413,415,native
ebde781a11596519c7a452de26bae83348e3cb54-dirty,1,1,1,1,2,254,heuristic_trajectory,34,0,1,2,2,-1590,0,1538,1540,native
ebde781a11596519c7a452de26bae83348e3cb54-dirty,1,1,1,1,2,554,random_trajectory,9,0,0,0,0,-228,0,413,415,native
ebde781a11596519c7a452de26bae83348e3cb54-dirty,1,1,1,1,2,255,heuristic_trajectory,17,0,1,0,2,-1486,0,773,775,native
ebde781a11596519c7a452de26bae83348e3cb54-dirty,1,1,1,1,2,555,random_trajectory,17,0,1,1,4,-3612,0,773,775,native
ebde781a11596519c7a452de26bae83348e3cb54-dirty,1,1,1,1,2,256,heuristic_trajectory,17,0,0,6,2,-1134,0,773,775,native
ebde781a11596519c7a452de26bae83348e3cb54-dirty,1,1,1,1,2,556,random_trajectory,17,0,0,1,18,-10524,0,637,639,native
ebde781a11596519c7a452de26bae83348e3cb54-dirty,1,1,1,1,2,257,heuristic_trajectory,34,0,1,2,2,-1590,0,1538,1540,native
ebde781a11596519c7a452de26bae83348e3cb54-dirty,1,1,1,1,2,557,random_trajectory,17,0,1,8,9,-7032,0,773,775,native
ebde781a11596519c7a452de26bae83348e3cb54-dirty,1,1,1,1,2,258,heuristic_trajectory,17,0,1,2,2,-1980,0,773,775,native
ebde781a11596519c7a452de26bae83348e3cb54-dirty,1,1,1,1,2,558,random_trajectory,17,0,0,1,18,-10524,0,637,639,native
ebde781a11596519c7a452de26bae83348e3cb54-dirty,1,1,1,1,2,259,heuristic_trajectory,9,0,0,5,2,-1902,0,413,415,native
ebde781a11596519c7a452de26bae83348e3cb54-dirty,1,1,1,1,2,559,random_trajectory,34,0,2,1,18,-12780,0,416,418,native
ebde781a11596519c7a452de26bae83348e3cb54-dirty,1,1,1,1,2,260,heuristic_trajectory,34,0,3,7,1,-1318,0,1538,1540,native
ebde781a11596519c7a452de26bae83348e3cb54-dirty,1,1,1,1,2,560,random_trajectory,17,0,1,2,0,-1932,0,773,775,native
ebde781a11596519c7a452de26bae83348e3cb54-dirty,1,1,1,1,2,261,heuristic_trajectory,17,0,0,4,4,-2490,0,773,775,native
ebde781a11596519c7a452de26bae83348e3cb54-dirty,1,1,1,1,2,561,random_trajectory,34,0,3,8,9,-8406,0,1538,1540,native
ebde781a11596519c7a452de26bae83348e3cb54-dirty,1,1,1,1,2,262,heuristic_trajectory,17,0,1,9,0,-1554,0,773,775,native
ebde781a11596519c7a452de26bae83348e3cb54-dirty,1,1,1,1,2,562,random_trajectory,34,0,3,3,5,-4344,0,1538,1540,native
ebde781a11596519c7a452de26bae83348e3cb54-dirty,1,1,1,1,2,263,heuristic_trajectory,34,0,3,4,3,-1978,0,1538,1540,native
ebde781a11596519c7a452de26bae83348e3cb54-dirty,1,1,1,1,2,563,random_trajectory,9,0,0,7,10,-4776,0,413,415,native
ebde781a11596519c7a452de26bae83348e3cb54-dirty,1,1,1,1,2,264,heuristic_trajectory,34,0,0,3,0,-456,0,1538,1540,native
ebde781a11596519c7a452de26bae83348e3cb54-dirty,1,1,1,1,2,564,random_trajectory,9,0,0,7,10,-4776,0,413,415,native
ebde781a11596519c7a452de26bae83348e3cb54-dirty,1,1,1,1,2,265,heuristic_trajectory,9,0,0,4,0,-666,0,413,415,native
ebde781a11596519c7a452de26bae83348e3cb54-dirty,1,1,1,1,2,565,random_trajectory,9,0,0,8,10,-8790,0,413,415,native
ebde781a11596519c7a452de26bae83348e3cb54-dirty,1,1,1,1,2,266,heuristic_trajectory,17,0,1,5,3,-2446,0,773,775,native
ebde781a11596519c7a452de26bae83348e3cb54-dirty,1,1,1,1,2,566,random_trajectory,17,0,1,8,9,-7032,0,773,775,native
ebde781a11596519c7a452de26bae83348e3cb54-dirty,1,1,1,1,2,267,heuristic_trajectory,34,0,1,0,0,-702,0,1538,1540,native
ebde781a11596519c7a452de26bae83348e3cb54-dirty,1,1,1,1,2,567,random_trajectory,17,0,1,5,7,-11112,0,535,537,native
ebde781a11596519c7a452de26bae83348e3cb54-dirty,1,1,1,1,2,268,heuristic_trajectory,17,0,0,5,2,-1342,0,773,775,native
ebde781a11596519c7a452de26bae83348e3cb54-dirty,1,1,1,1,2,568,random_trajectory,34,0,2,4,17,-12300,0,688,690,native
ebde781a11596519c7a452de26bae83348e3cb54-dirty,1,1,1,1,2,269,heuristic_trajectory,34,0,2,0,2,-1666,0,1538,1540,native
ebde781a11596519c7a452de26bae83348e3cb54-dirty,1,1,1,1,2,569,random_trajectory,17,0,1,6,0,-6588,0,773,775,native
ebde781a11596519c7a452de26bae83348e3cb54-dirty,1,1,1,1,2,270,heuristic_trajectory,17,0,1,4,1,-1602,0,773,775,native
ebde781a11596519c7a452de26bae83348e3cb54-dirty,1,1,1,1,2,570,random_trajectory,34,0,3,8,9,-8406,0,1538,1540,native
ebde781a11596519c7a452de26bae83348e3cb54-dirty,1,1,1,1,2,271,heuristic_trajectory,17,0,1,2,3,-1786,0,773,775,native
ebde781a11596519c7a452de26bae83348e3cb54-dirty,1,1,1,1,2,571,random_trajectory,17,0,1,2,0,-1932,0,773,775,native
ebde781a11596519c7a452de26bae83348e3cb54-dirty,1,1,1,1,2,272,heuristic_trajectory,34,0,3,8,2,-1294,0,1538,1540,native
ebde781a11596519c7a452de26bae83348e3cb54-dirty,1,1,1,1,2,572,random_trajectory,34,0,2,1,18,-12780,0,416,418,native
ebde781a11596519c7a452de26bae83348e3cb54-dirty,1,1,1,1,2,273,heuristic_trajectory,17,0,0,4,1,-1614,0,773,775,native
ebde781a11596519c7a452de26bae83348e3cb54-dirty,1,1,1,1,2,573,random_trajectory,34,0,3,8,9,-10026,0,1300,1302,native
ebde781a11596519c7a452de26bae83348e3cb54-dirty,1,1,1,1,2,274,heuristic_trajectory,9,0,0,0,4,-1878,0,413,415,native
ebde781a11596519c7a452de26bae83348e3cb54-dirty,1,1,1,1,2,574,random_trajectory,17,0,1,8,9,-7032,0,773,775,native
ebde781a11596519c7a452de26bae83348e3cb54-dirty,1,1,1,1,2,275,heuristic_trajectory,34,0,2,0,3,-2056,0,1538,1540,native
ebde781a11596519c7a452de26bae83348e3cb54-dirty,1,1,1,1,2,575,random_trajectory,9,0,0,8,10,-8790,0,413,415,native
ebde781a11596519c7a452de26bae83348e3cb54-dirty,1,1,1,1,2,276,heuristic_trajectory,17,0,0,7,4,-2602,0,773,775,native
ebde781a11596519c7a452de26bae83348e3cb54-dirty,1,1,1,1,2,576,random_trajectory,34,0,2,0,18,-11394,0,994,996,native
ebde781a11596519c7a452de26bae83348e3cb54-dirty,1,1,1,1,2,277,heuristic_trajectory,34,0,1,1,3,-2040,0,1538,1540,native
ebde781a11596519c7a452de26bae83348e3cb54-dirty,1,1,1,1,2,577,random_trajectory,17,0,1,2,0,-1932,0,773,775,native
ebde781a11596519c7a452de26bae83348e3cb54-dirty,1,1,1,1,2,278,heuristic_trajectory,17,0,1,3,1,-850,0,773,775,native
ebde781a11596519c7a452de26bae83348e3cb54-dirty,1,1,1,1,2,578,random_trajectory,17,0,1,2,0,-1932,0,773,775,native
ebde781a11596519c7a452de26bae83348e3cb54-dirty,1,1,1,1,2,279,heuristic_trajectory,34,0,1,6,2,-1486,0,1538,1540,native
ebde781a11596519c7a452de26bae83348e3cb54-dirty,1,1,1,1,2,579,random_trajectory,34,0,3,3,5,-4344,0,1538,1540,native
ebde781a11596519c7a452de26bae83348e3cb54-dirty,1,1,1,1,2,280,heuristic_trajectory,17,0,1,2,2,-2334,0,773,775,native
ebde781a11596519c7a452de26bae83348e3cb54-dirty,1,1,1,1,2,580,random_trajectory,17,0,1,1,4,-3612,0,773,775,native
ebde781a11596519c7a452de26bae83348e3cb54-dirty,1,1,1,1,2,281,heuristic_trajectory,17,0,0,2,4,-2598,0,773,775,native
ebde781a11596519c7a452de26bae83348e3cb54-dirty,1,1,1,1,2,581,random_trajectory,34,0,3,8,9,-8406,0,1538,1540,native
ebde781a11596519c7a452de26bae83348e3cb54-dirty,1,1,1,1,2,282,heuristic_trajectory,34,0,3,7,0,-1710,0,1538,1540,native
ebde781a11596519c7a452de26bae83348e3cb54-dirty,1,1,1,1,2,582,random_trajectory,17,0,0,1,18,-10524,0,637,639,native
ebde781a11596519c7a452de26bae83348e3cb54-dirty,1,1,1,1,2,283,heuristic_trajectory,9,0,0,2,5,-2526,0,413,415,native
ebde781a11596519c7a452de26bae83348e3cb54-dirty,1,1,1,1,2,583,random_trajectory,34,0,2,7,9,-5556,0,1538,1540,native
ebde781a11596519c7a452de26bae83348e3cb54-dirty,1,1,1,1,2,284,heuristic_trajectory,34,0,2,0,3,-2056,0,1538,1540,native
ebde781a11596519c7a452de26bae83348e3cb54-dirty,1,1,1,1,2,584,random_trajectory,34,0,3,8,0,-720,0,1538,1540,native
ebde781a11596519c7a452de26bae83348e3cb54-dirty,1,1,1,1,2,285,heuristic_trajectory,9,0,0,6,4,-2094,0,413,415,native
ebde781a11596519c7a452de26bae83348e3cb54-dirty,1,1,1,1,2,585,random_trajectory,34,0,3,8,0,-720,0,1538,1540,native
ebde781a11596519c7a452de26bae83348e3cb54-dirty,1,1,1,1,2,286,heuristic_trajectory,17,0,1,0,4,-3082,0,773,775,native
ebde781a11596519c7a452de26bae83348e3cb54-dirty,1,1,1,1,2,586,random_trajectory,34,0,3,8,0,-720,0,1538,1540,native
ebde781a11596519c7a452de26bae83348e3cb54-dirty,1,1,1,1,2,287,heuristic_trajectory,34,0,3,2,0,-958,0,1538,1540,native
ebde781a11596519c7a452de26bae83348e3cb54-dirty,1,1,1,1,2,587,random_trajectory,17,0,1,6,0,-1170,0,773,775,native
ebde781a11596519c7a452de26bae83348e3cb54-dirty,1,1,1,1,2,288,heuristic_trajectory,17,0,0,0,5,-2814,0,773,775,native
ebde781a11596519c7a452de26bae83348e3cb54-dirty,1,1,1,1,2,588,random_trajectory,17,0,1,6,0,-6588,0,773,775,native
ebde781a11596519c7a452de26bae83348e3cb54-dirty,1,1,1,1,2,289,heuristic_trajectory,34,0,3,2,0,-958,0,1538,1540,native
ebde781a11596519c7a452de26bae83348e3cb54-dirty,1,1,1,1,2,589,random_trajectory,17,0,1,6,0,-6588,0,773,775,native
ebde781a11596519c7a452de26bae83348e3cb54-dirty,1,1,1,1,2,290,heuristic_trajectory,9,0,0,7,4,-2182,0,413,415,native
ebde781a11596519c7a452de26bae83348e3cb54-dirty,1,1,1,1,2,590,random_trajectory,34,0,2,7,9,-5556,0,1538,1540,native
ebde781a11596519c7a452de26bae83348e3cb54-dirty,1,1,1,1,2,291,heuristic_trajectory,9,0,0,5,4,-2622,0,413,415,native
ebde781a11596519c7a452de26bae83348e3cb54-dirty,1,1,1,1,2,591,random_trajectory,17,0,1,6,0,-1170,0,773,775,native
ebde781a11596519c7a452de26bae83348e3cb54-dirty,1,1,1,1,2,292,heuristic_trajectory,17,0,1,6,5,-3150,0,773,775,native
ebde781a11596519c7a452de26bae83348e3cb54-dirty,1,1,1,1,2,592,random_trajectory,9,0,0,7,10,-4776,0,413,415,native
ebde781a11596519c7a452de26bae83348e3cb54-dirty,1,1,1,1,2,293,heuristic_trajectory,17,0,1,6,6,-3622,0,773,775,native
ebde781a11596519c7a452de26bae83348e3cb54-dirty,1,1,1,1,2,593,random_trajectory,9,0,0,0,0,-228,0,413,415,native
ebde781a11596519c7a452de26bae83348e3cb54-dirty,1,1,1,1,2,294,heuristic_trajectory,34,0,2,1,0,-474,0,1538,1540,native
ebde781a11596519c7a452de26bae83348e3cb54-dirty,1,1,1,1,2,594,random_trajectory,17,0,1,5,7,-11112,0,535,537,native
ebde781a11596519c7a452de26bae83348e3cb54-dirty,1,1,1,1,2,295,heuristic_trajectory,17,0,1,0,2,-1486,0,773,775,native
ebde781a11596519c7a452de26bae83348e3cb54-dirty,1,1,1,1,2,595,random_trajectory,17,0,1,6,0,-1170,0,773,775,native
ebde781a11596519c7a452de26bae83348e3cb54-dirty,1,1,1,1,2,296,heuristic_trajectory,34,0,3,0,3,-2538,0,1538,1540,native
ebde781a11596519c7a452de26bae83348e3cb54-dirty,1,1,1,1,2,596,random_trajectory,17,0,1,2,0,-1932,0,773,775,native
ebde781a11596519c7a452de26bae83348e3cb54-dirty,1,1,1,1,2,297,heuristic_trajectory,34,0,3,0,3,-2538,0,1538,1540,native
ebde781a11596519c7a452de26bae83348e3cb54-dirty,1,1,1,1,2,597,random_trajectory,34,0,2,1,18,-12780,0,416,418,native
ebde781a11596519c7a452de26bae83348e3cb54-dirty,1,1,1,1,2,298,heuristic_trajectory,9,0,0,1,1,-954,0,413,415,native
ebde781a11596519c7a452de26bae83348e3cb54-dirty,1,1,1,1,2,598,random_trajectory,17,0,1,2,0,-1932,0,773,775,native
ebde781a11596519c7a452de26bae83348e3cb54-dirty,1,1,1,1,2,299,heuristic_trajectory,17,0,0,6,3,-1764,0,773,775,native
ebde781a11596519c7a452de26bae83348e3cb54-dirty,1,1,1,1,2,599,random_trajectory,17,0,0,0,0,0,1,195,197,native
