commit,arch,board_repr,lanes,depth,precision,state_id,category,root_candidates,leaf_candidates,rotation,x,y,score,no_move,core_cycles,request_interval_cycles,driver
ebde781a11596519c7a452de26bae83348e3cb54-dirty,1,1,1,1,4,802,blocked_spawn,17,0,1,6,0,-6867,0,603,605,native
ebde781a11596519c7a452de26bae83348e3cb54-dirty,1,1,1,1,4,801,equal_scores,34,0,3,0,6,-2214,0,1538,1540,native
ebde781a11596519c7a452de26bae83348e3cb54-dirty,1,1,1,1,4,0,heuristic_trajectory,17,0,0,5,2,-1689,0,773,775,native
ebde781a11596519c7a452de26bae83348e3cb54-dirty,1,1,1,1,4,600,high_stack_holes,34,0,1,4,16,-9279,0,858,860,native
ebde781a11596519c7a452de26bae83348e3cb54-dirty,1,1,1,1,4,800,last_candidate_winner,17,0,1,9,1,-4419,0,773,775,native
ebde781a11596519c7a452de26bae83348e3cb54-dirty,1,1,1,1,4,839,no_move,34,0,0,0,0,0,1,382,384,native
ebde781a11596519c7a452de26bae83348e3cb54-dirty,1,1,1,1,4,300,random_trajectory,34,0,1,4,14,-5580,0,1538,1540,native
ebde781a11596519c7a452de26bae83348e3cb54-dirty,1,1,1,1,4,845,walls,34,0,0,0,0,-816,0,1538,1540,native
ebde781a11596519c7a452de26bae83348e3cb54-dirty,1,1,1,1,4,817,wells,9,0,0,0,6,-2958,0,413,415,native
ebde781a11596519c7a452de26bae83348e3cb54-dirty,1,1,1,1,4,806,blocked_spawn,34,0,0,0,18,-9093,0,824,826,native
ebde781a11596519c7a452de26bae83348e3cb54-dirty,1,1,1,1,4,805,equal_scores,17,0,0,1,0,-714,0,773,775,native
ebde781a11596519c7a452de26bae83348e3cb54-dirty,1,1,1,1,4,1,heuristic_trajectory,17,0,1,0,3,-2006,0,773,775,native
ebde781a11596519c7a452de26bae83348e3cb54-dirty,1,1,1,1,4,601,high_stack_holes,34,0,3,0,16,-10245,0,790,792,native
ebde781a11596519c7a452de26bae83348e3cb54-dirty,1,1,1,1,4,803,last_candidate_winner,9,0,0,5,9,-4893,0,413,415,native
ebde781a11596519c7a452de26bae83348e3cb54-dirty,1,1,1,1,4,882,no_move,17,0,0,0,0,0,1,195,197,native
ebde781a11596519c7a452de26bae83348e3cb54-dirty,1,1,1,1,4,301,random_trajectory,34,0,1,7,4,-4680,0,1538,1540,native
ebde781a11596519c7a452de26bae83348e3cb54-dirty,1,1,1,1,4,851,walls,34,0,0,0,2,-816,0,1538,1540,native
ebde781a11596519c7a452de26bae83348e3cb54-dirty,1,1,1,1,4,827,wells,17,0,1,3,5,-2943,0,773,775,native
ebde781a11596519c7a452de26bae83348e3cb54-dirty,1,1,1,1,4,808,blocked_spawn,17,0,1,1,0,-8154,0,501,503,native
ebde781a11596519c7a452de26bae83348e3cb54-dirty,1,1,1,1,4,809,equal_scores,9,0,0,2,2,-1311,0,413,415,native
ebde781a11596519c7a452de26bae83348e3cb54-dirty,1,1,1,1,4,2,heuristic_trajectory,17,0,0,5,2,-1424,0,773,775,native
ebde781a11596519c7a452de26bae83348e3cb54-dirty,1,1,1,1,4,602,high_stack_holes,34,0,1,5,14,-8664,0,1538,1540,native
ebde781a11596519c7a452de26bae83348e3cb54-dirty,1,1,1,1,4,804,last_candidate_winner,17,0,1,2,7,-2550,0,773,775,native
ebde781a11596519c7a452de26bae83348e3cb54-dirty,1,1,1,1,4,888,no_move,34,0,0,0,0,0,1,382,384,native
ebde781a11596519c7a452de26bae83348e3cb54-dirty,1,1,1,1,4,302,random_trajectory,34,0,1,7,4,-4680,0,1538,1540,native
ebde781a11596519c7a452de26bae83348e3cb54-dirty,1,1,1,1,4,898,walls,9,0,0,0,2,-816,0,413,415,native
ebde781a11596519c7a452de26bae83348e3cb54-dirty,1,1,1,1,4,832,wells,17,0,1,2,5,-2807,0,773,775,native
ebde781a11596519c7a452de26bae83348e3cb54-dirty,1,1,1,1,4,811,blocked_spawn,17,0,0,0,0,-4332,0,671,673,native
ebde781a11596519c7a452de26bae83348e3cb54-dirty,1,1,1,1,4,821,equal_scores,34,0,1,2,3,-2607,0,1538,1540,native
ebde781a11596519c7a452de26bae83348e3cb54-dirty,1,1,1,1,4,3,heuristic_trajectory,34,0,1,6,0,-725,0,1538,1540,native
ebde781a11596519c7a452de26bae83348e3cb54-dirty,1,1,1,1,4,603,high_stack_holes,34,0,1,6,14,-9105,0,1232,1234,native
ebde781a11596519c7a452de26bae83348e3cb54-dirty,1,1,1,1,4,807,last_candidate_winner,17,0,1,8,2,-1643,0,773,775,native
ebde781a11596519c7a452de26bae83348e3cb54-dirty,1,1,1,1,4,942,no_move,17,0,0,0,0,0,1,195,197,native
ebde781a11596519c7a452de26bae83348e3cb54-dirty,1,1,1,1,4,303,random_trajectory,17,0,1,0,8,-11391,0,263,265,native
ebde781a11596519c7a452de26bae83348e3cb54-dirty,1,1,1,1,4,911,walls,17,0,0,0,0,-903,0,773,775,native
ebde781a11596519c7a452de26bae83348e3cb54-dirty,1,1,1,1,4,846,wells,9,0,0,0,6,-3030,0,413,415,native
ebde781a11596519c7a452de26bae83348e3cb54-dirty,1,1,1,1,4,813,blocked_spawn,17,0,0,0,0,-7353,0,399,401,native
ebde781a11596519c7a452de26bae83348e3cb54-dirty,1,1,1,1,4,822,equal_scores,34,0,0,1,3,-1719,0,1538,1540,native
ebde781a11596519c7a452de26bae83348e3cb54-dirty,1,1,1,1,4,4,heuristic_trajectory,34,0,0,6,6,-2913,0,1538,1540,native
ebde781a11596519c7a452de26bae83348e3cb54-dirty,1,1,1,1,4,604,high_stack_holes,34,0,3,3,16,-12624,0,586,588,native
ebde781a11596519c7a452de26bae83348e3cb54-dirty,1,1,1,1,4,810,last_candidate_winner,17,0,1,5,4,-1530,0,773,775,native
ebde781a11596519c7a452de26bae83348e3cb54-dirty,1,1,1,1,4,969,no_move,9,0,0,0,0,0,1,107,109,native
ebde781a11596519c7a452de26bae83348e3cb54-dirty,1,1,1,1,4,304,random_trajectory,17,0,1,0,2,-4476,0,773,775,native
ebde781a11596519c7a452de26bae83348e3cb54-dirty,1,1,1,1,4,914,walls,17,0,0,0,0,-903,0,773,775,native
ebde781a11596519c7a452de26bae83348e3cb54-dirty,1,1,1,1,4,848,wells,17,0,1,3,5,-2943,0,773,775,native
ebde781a11596519c7a452de26bae83348e3cb54-dirty,1,1,1,1,4,814,blocked_spawn,17,0,0,7,0,-7251,0,331,333,native
ebde781a11596519c7a452de26bae83348e3cb54-dirty,1,1,1,1,4,830,equal_scores,17,0,1,2,3,-1734,0,773,775,native
ebde781a11596519c7a452de26bae83348e3cb54-dirty,1,1,1,1,4,5,heuristic_trajectory,9,0,0,3,4,-1806,0,413,415,native
ebde781a11596519c7a452de26bae83348e3cb54-dirty,1,1,1,1,4,605,high_stack_holes,34,0,3,6,3,-2339,0,1538,1540,native
ebde781a11596519c7a452de26bae83348e3cb54-dirty,1,1,1,1,4,812,last_candidate_winner,17,0,1,0,3,-1806,0,773,775,native
ebde781a11596519c7a452de26bae83348e3cb54-dirty,1,1,1,1,4,976,no_move,17,0,0,0,0,0,1,195,197,native
ebde781a11596519c7a452de26bae83348e3cb54-dirty,1,1,1,1,4,305,random_trajectory,17,0,1,3,16,-7119,0,773,775,native
ebde781a11596519c7a452de26bae83348e3cb54-dirty,1,1,1,1,4,922,walls,34,0,0,0,0,-816,0,1538,1540,native
ebde781a11596519c7a452de26bae83348e3cb54-dirty,1,1,1,1,4,858,wells,34,0,3,6,4,-2741,0,1538,1540,native
ebde781a11596519c7a452de26bae83348e3cb54-dirty,1,1,1,1,4,815,blocked_spawn,34,0,1,3,0,-8991,0,552,554,native
ebde781a11596519c7a452de26bae83348e3cb54-dirty,1,1,1,1,4,831,equal_scores,17,0,0,4,1,-918,0,773,775,native
ebde781a11596519c7a452de26bae83348e3cb54-dirty,1,1,1,1,4,6,heuristic_trajectory,17,0,1,0,4,-2327,0,773,775,native
ebde781a11596519c7a452de26bae83348e3cb54-dirty,1,1,1,1,4,606,high_stack_holes,17,0,1,2,15,-9930,0,603,605,native
ebde781a11596519c7a452de26bae83348e3cb54-dirty,1,1,1,1,4,816,last_candidate_winner,34,0,3,8,2,-1424,0,1538,1540,native
ebde781a11596519c7a452de26bae83348e3cb54-dirty,1,1,1,1,4,986,no_move,9,0,0,0,0,0,1,107,109,native
ebde781a11596519c7a452de26bae83348e3cb54-dirty,1,1,1,1,4,306,random_trajectory,9,0,0,0,0,-1164,0,413,415,native
ebde781a11596519c7a452de26bae83348e3cb54-dirty,1,1,1,1,4,941,walls,17,0,0,0,2,-903,0,773,775,native
ebde781a11596519c7a452de26bae83348e3cb54-dirty,1,1,1,1,4,867,wells,34,0,1,7,5,-2807,0,1538,1540,native
ebde781a11596519c7a452de26bae83348e3cb54-dirty,1,1,1,1,4,818,blocked_spawn,9,0,0,5,0,-7527,0,209,211,native
ebde781a11596519c7a452de26bae83348e3cb54-dirty,1,1,1,1,4,836,equal_scores,34,0,1,4,4,-1806,0,1538,1540,native
ebde781a11596519c7a452de26bae83348e3cb54-dirty,1,1,1,1,4,7,heuristic_trajectory,9,0,0,2,3,-1500,0,413,415,native
ebde781a11596519c7a452de26bae83348e3cb54-dirty,1,1,1,1,4,607,high_stack_holes,34,0,1,7,16,-11391,0,1334,1336,native
ebde781a11596519c7a452de26bae83348e3cb54-dirty,1,1,1,1,4,819,last_candidate_winner,17,0,1,9,0,-1246,0,773,775,native
ebde781a11596519c7a452de26bae83348e3cb54-dirty,1,1,1,1,4,307,random_trajectory,17,0,1,0,17,-12525,0,263,265,native
ebde781a11596519c7a452de26bae83348e3cb54-dirty,1,1,1,1,4,961,walls,17,0,0,0,2,-903,0,773,775,native
ebde781a11596519c7a452de26bae83348e3cb54-dirty,1,1,1,1,4,868,wells,9,0,0,0,6,-2943,0,413,415,native
ebde781a11596519c7a452de26bae83348e3cb54-dirty,1,1,1,1,4,820,blocked_spawn,34,0,0,1,0,-5814,0,1096,1098,native
ebde781a11596519c7a452de26bae83348e3cb54-dirty,1,1,1,1,4,837,equal_scores,9,0,0,0,1,-1107,0,413,415,native
ebde781a11596519c7a452de26bae83348e3cb54-dirty,1,1,1,1,4,8,heuristic_trajectory,17,0,0,2,7,-2913,0,773,775,native
ebde781a11596519c7a452de26bae83348e3cb54-dirty,1,1,1,1,4,608,high_stack_holes,17,0,1,0,16,-9255,0,773,775,native
ebde781a11596519c7a452de26bae83348e3cb54-dirty,1,1,1,1,4,824,last_candidate_winner,17,0,1,3,2,-1122,0,773,775,native
ebde781a11596519c7a452de26bae83348e3cb54-dirty,1,1,1,1,4,308,random_trajectory,9,0,0,2,17,-8193,0,413,415,native
ebde781a11596519c7a452de26bae83348e3cb54-dirty,1,1,1,1,4,977,walls,17,0,0,6,0,-230,0,773,775,native
ebde781a11596519c7a452de26bae83348e3cb54-dirty,1,1,1,1,4,890,wells,9,0,0,1,6,-2958,0,413,415,native
ebde781a11596519c7a452de26bae83348e3cb54-dirty,1,1,1,1,4,823,blocked_spawn,34,0,1,7,16,-10239,0,688,690,native
ebde781a11596519c7a452de26bae83348e3cb54-dirty,1,1,1,1,4,849,equal_scores,9,0,0,4,4,-2418,0,413,415,native
ebde781a11596519c7a452de26bae83348e3cb54-dirty,1,1,1,1,4,9,heuristic_trajectory,17,0,1,0,4,-2592,0,773,775,native
ebde781a11596519c7a452de26bae83348e3cb54-dirty,1,1,1,1,4,609,high_stack_holes,34,0,1,0,17,-9396,0,1266,1268,native
ebde781a11596519c7a452de26bae83348e3cb54-dirty,1,1,1,1,4,825,last_candidate_winner,17,0,1,9,0,-128,0,773,775,native
ebde781a11596519c7a452de26bae83348e3cb54-dirty,1,1,1,1,4,309,random_trajectory,17,0,1,2,5,-1950,0,773,775,native
ebde781a11596519c7a452de26bae83348e3cb54-dirty,1,1,1,1,4,980,walls,34,0,0,0,2,-816,0,1538,1540,native
ebde781a11596519c7a452de26bae83348e3cb54-dirty,1,1,1,1,4,894,wells,34,0,1,4,4,-2170,0,1538,1540,native
ebde781a11596519c7a452de26bae83348e3cb54-dirty,1,1,1,1,4,828,blocked_spawn,17,0,1,8,0,-9135,0,331,333,native
ebde781a11596519c7a452de26bae83348e3cb54-dirty,1,1,1,1,4,853,equal_scores,9,0,0,0,1,-918,0,413,415,native
ebde781a11596519c7a452de26bae83348e3cb54-dirty,1,1,1,1,4,10,heuristic_trajectory,17,0,0,3,1,-536,0,773,775,native
ebde781a11596519c7a452de26bae83348e3cb54-dirty,1,1,1,1,4,610,high_stack_holes,34,0,3,8,17,-10647,0,1062,1064,native
ebde781a11596519c7a452de26bae83348e3cb54-dirty,1,1,1,1,4,826,last_candidate_winner,17,0,1,9,3,-2225,0,773,775,native
ebde781a11596519c7a452de26bae83348e3cb54-dirty,1,1,1,1,4,310,random_trajectory,17,0,1,0,5,-10140,0,365,367,native
ebde781a11596519c7a452de26bae83348e3cb54-dirty,1,1,1,1,4,993,walls,34,0,0,0,2,-816,0,1538,1540,native
ebde781a11596519c7a452de26bae83348e3cb54-dirty,1,1,1,1,4,895,wells,17,0,1,9,0,-563,0,773,775,native
ebde781a11596519c7a452de26bae83348e3cb54-dirty,1,1,1,1,4,834,blocked_spawn,34,0,0,4,0,-5568,0,1300,1302,native
ebde781a11596519c7a452de26bae83348e3cb54-dirty,1,1,1,1,4,863,equal_scores,9,0,0,1,0,-612,0,413,415,native
ebde781a11596519c7a452de26bae83348e3cb54-dirty,1,1,1,1,4,11,heuristic_trajectory,34,0,2,5,2,-1246,0,1538,1540,native
ebde781a11596519c7a452de26bae83348e3cb54-dirty,1,1,1,1,4,611,high_stack_holes,17,0,1,0,7,-5259,0,773,775,native
ebde781a11596519c7a452de26bae83348e3cb54-dirty,1,1,1,1,4,829,last_candidate_winner,34,0,3,1,3,-1326,0,1538,1540,native
ebde781a11596519c7a452de26bae83348e3cb54-dirty,1,1,1,1,4,311,random_trajectory,17,0,0,0,0,-204,0,773,775,native
ebde781a11596519c7a452de26bae83348e3cb54-dirty,1,1,1,1,4,907,wells,34,0,3,8,5,-2843,0,1538,1540,native
ebde781a11596519c7a452de26bae83348e3cb54-dirty,1,1,1,1,4,835,blocked_spawn,34,0,0,6,0,-4242,0,790,792,native
ebde781a11596519c7a452de26bae83348e3cb54-dirty,1,1,1,1,4,870,equal_scores,17,0,0,2,2,-1602,0,773,775,native
ebde781a11596519c7a452de26bae83348e3cb54-dirty,1,1,1,1,4,12,heuristic_trajectory,17,0,1,8,5,-3302,0,773,775,native
ebde781a11596519c7a452de26bae83348e3cb54-dirty,1,1,1,1,4,612,high_stack_holes,17,0,1,1,13,-9453,0,433,435,native
ebde781a11596519c7a452de26bae83348e3cb54-dirty,1,1,1,1,4,833,last_candidate_winner,34,0,3,8,1,-929,0,1538,1540,native
ebde781a11596519c7a452de26bae83348e3cb54-dirty,1,1,1,1,4,312,random_trajectory,9,0,0,7,4,-4011,0,413,415,native
ebde781a11596519c7a452de26bae83348e3cb54-dirty,1,1,1,1,4,908,wells,34,0,3,1,4,-2032,0,1538,1540,native
ebde781a11596519c7a452de26bae83348e3cb54-dirty,1,1,1,1,4,838,blocked_spawn,17,0,1,2,0,-7467,0,433,435,native
ebde781a11596519c7a452de26bae83348e3cb54-dirty,1,1,1,1,4,878,equal_scores,9,0,0,4,3,-2286,0,413,415,native
ebde781a11596519c7a452de26bae83348e3cb54-dirty,1,1,1,1,4,13,heuristic_trajectory,34,0,1,1,0,-623,0,1538,1540,native
ebde781a11596519c7a452de26bae83348e3cb54-dirty,1,1,1,1,4,613,high_stack_holes,34,0,1,4,15,-13314,0,586,588,native
ebde781a11596519c7a452de26bae83348e3cb54-dirty,1,1,1,1,4,841,last_candidate_winner,17,0,0,2,0,-612,0,773,775,native
ebde781a11596519c7a452de26bae83348e3cb54-dirty,1,1,1,1,4,313,random_trajectory,34,0,1,5,15,-9762,0,756,758,native
ebde781a11596519c7a452de26bae83348e3cb54-dirty,1,1,1,1,4,929,wells,34,0,1,0,5,-2807,0,1538,1540,native
ebde781a11596519c7a452de26bae83348e3cb54-dirty,1,1,1,1,4,840,blocked_spawn,34,0,0,6,0,-6957,0,790,792,native
ebde781a11596519c7a452de26bae83348e3cb54-dirty,1,1,1,1,4,880,equal_scores,9,0,0,0,3,-2010,0,413,415,native
ebde781a11596519c7a452de26bae83348e3cb54-dirty,1,1,1,1,4,14,heuristic_trajectory,17,0,0,5,2,-1617,0,773,775,native
ebde781a11596519c7a452de26bae83348e3cb54-dirty,1,1,1,1,4,614,high_stack_holes,17,0,0,0,0,-561,0,773,775,native
ebde781a11596519c7a452de26bae83348e3cb54-dirty,1,1,1,1,4,847,last_candidate_winner,34,0,3,8,1,-929,0,1538,1540,native
ebde781a11596519c7a452de26bae83348e3cb54-dirty,1,1,1,1,4,314,random_trajectory,9,0,0,0,0,-1164,0,413,415,native
ebde781a11596519c7a452de26bae83348e3cb54-dirty,1,1,1,1,4,937,wells,34,0,0,3,6,-3051,0,1538,1540,native
ebde781a11596519c7a452de26bae83348e3cb54-dirty,1,1,1,1,4,842,blocked_spawn,17,0,0,4,0,-3108,0,569,571,native
ebde781a11596519c7a452de26bae83348e3cb54-dirty,1,1,1,1,4,886,equal_scores,17,0,0,2,0,-1428,0,773,775,native
ebde781a11596519c7a452de26bae83348e3cb54-dirty,1,1,1,1,4,15,heuristic_trajectory,17,0,1,0,5,-2214,0,773,775,native
ebde781a11596519c7a452de26bae83348e3cb54-dirty,1,1,1,1,4,615,high_stack_holes,17,0,0,6,12,-8676,0,535,537,native
ebde781a11596519c7a452de26bae83348e3cb54-dirty,1,1,1,1,4,850,last_candidate_winner,17,0,1,5,2,-1326,0,773,775,native
ebde781a11596519c7a452de26bae83348e3cb54-dirty,1,1,1,1,4,315,random_trajectory,9,0,0,0,6,-11100,0,175,177,native
ebde781a11596519c7a452de26bae83348e3cb54-dirty,1,1,1,1,4,943,wells,17,0,1,0,5,-2843,0,773,775,native
ebde781a11596519c7a452de26bae83348e3cb54-dirty,1,1,1,1,4,843,blocked_spawn,34,0,1,6,0,-9540,0,552,554,native
ebde781a11596519c7a452de26bae83348e3cb54-dirty,1,1,1,1,4,887,equal_scores,17,0,0,2,4,-2112,0,773,775,native
ebde781a11596519c7a452de26bae83348e3cb54-dirty,1,1,1,1,4,16,heuristic_trajectory,34,0,1,8,0,-332,0,1538,1540,native
ebde781a11596519c7a452de26bae83348e3cb54-dirty,1,1,1,1,4,616,high_stack_holes,34,0,1,0,17,-11790,0,790,792,native
ebde781a11596519c7a452de26bae83348e3cb54-dirty,1,1,1,1,4,857,last_candidate_winner,34,0,3,8,0,-842,0,1538,1540,native
ebde781a11596519c7a452de26bae83348e3cb54-dirty,1,1,1,1,4,316,random_trajectory,34,0,1,5,0,-1368,0,1538,1540,native
ebde781a11596519c7a452de26bae83348e3cb54-dirty,1,1,1,1,4,945,wells,34,0,2,7,5,-2843,0,1538,1540,native
ebde781a11596519c7a452de26bae83348e3cb54-dirty,1,1,1,1,4,844,blocked_spawn,9,0,0,1,0,-3987,0,379,381,native
ebde781a11596519c7a452de26bae83348e3cb54-dirty,1,1,1,1,4,896,equal_scores,17,0,1,0,6,-3393,0,773,775,native
ebde781a11596519c7a452de26bae83348e3cb54-dirty,1,1,1,1,4,17,heuristic_trajectory,17,0,0,6,2,-816,0,773,775,native
ebde781a11596519c7a452de26bae83348e3cb54-dirty,1,1,1,1,4,617,high_stack_holes,34,0,1,7,13,-10071,0,1538,1540,native
ebde781a11596519c7a452de26bae83348e3cb54-dirty,1,1,1,1,4,859,last_candidate_winner,34,0,1,2,2,-1632,0,1538,1540,native
ebde781a11596519c7a452de26bae83348e3cb54-dirty,1,1,1,1,4,317,random_trajectory,17,0,1,0,5,-10140,0,365,367,native
ebde781a11596519c7a452de26bae83348e3cb54-dirty,1,1,1,1,4,948,wells,17,0,0,1,6,-3045,0,773,775,native
ebde781a11596519c7a452de26bae83348e3cb54-dirty,1,1,1,1,4,852,blocked_spawn,34,0,2,1,17,-11661,0,722,724,native
ebde781a11596519c7a452de26bae83348e3cb54-dirty,1,1,1,1,4,897,equal_scores,9,0,0,1,0,-714,0,413,415,native
ebde781a11596519c7a452de26bae83348e3cb54-dirty,1,1,1,1,4,18,heuristic_trajectory,34,0,3,2,2,-1322,0,1538,1540,native
ebde781a11596519c7a452de26bae83348e3cb54-dirty,1,1,1,1,4,618,high_stack_holes,9,0,0,1,18,-8613,0,311,313,native
ebde781a11596519c7a452de26bae83348e3cb54-dirty,1,1,1,1,4,865,last_candidate_winner,34,0,3,8,0,-521,0,1538,1540,native
ebde781a11596519c7a452de26bae83348e3cb54-dirty,1,1,1,1,4,318,random_trajectory,17,0,1,3,16,-7119,0,773,775,native
ebde781a11596519c7a452de26bae83348e3cb54-dirty,1,1,1,1,4,957,wells,17,0,1,1,5,-2843,0,773,775,native
ebde781a11596519c7a452de26bae83348e3cb54-dirty,1,1,1,1,4,854,blocked_spawn,17,0,1,3,0,-8715,0,535,537,native
ebde781a11596519c7a452de26bae83348e3cb54-dirty,1,1,1,1,4,899,equal_scores,17,0,0,4,0,-612,0,773,775,native
ebde781a11596519c7a452de26bae83348e3cb54-dirty,1,1,1,1,4,19,heuristic_trajectory,34,0,0,5,4,-2010,0,1538,1540,native
ebde781a11596519c7a452de26bae83348e3cb54-dirty,1,1,1,1,4,619,high_stack_holes,9,0,0,3,17,-11442,0,277,279,native
ebde781a11596519c7a452de26bae83348e3cb54-dirty,1,1,1,1,4,869,last_candidate_winner,17,0,1,9,2,-3705,0,773,775,native
ebde781a11596519c7a452de26bae83348e3cb54-dirty,1,1,1,1,4,319,random_trajectory,9,0,0,0,6,-11100,0,175,177,native
ebde781a11596519c7a452de26bae83348e3cb54-dirty,1,1,1,1,4,962,wells,17,0,1,0,0,-1236,0,773,775,native
ebde781a11596519c7a452de26bae83348e3cb54-dirty,1,1,1,1,4,855,blocked_spawn,17,0,0,3,0,-5928,0,705,707,native
ebde781a11596519c7a452de26bae83348e3cb54-dirty,1,1,1,1,4,905,equal_scores,17,0,1,0,0,-918,0,773,775,native
ebde781a11596519c7a452de26bae83348e3cb54-dirty,1,1,1,1,4,20,heuristic_trajectory,34,0,1,0,3,-918,0,1538,1540,native
ebde781a11596519c7a452de26bae83348e3cb54-dirty,1,1,1,1,4,620,high_stack_holes,9,0,0,0,0,0,1,107,109,native
ebde781a11596519c7a452de26bae83348e3cb54-dirty,1,1,1,1,4,876,last_candidate_winner,34,0,3,8,3,-3143,0,1538,1540,native
ebde781a11596519c7a452de26bae83348e3cb54-dirty,1,1,1,1,4,320,random_trajectory,34,0,1,0,2,-2502,0,1538,1540,native
ebde781a11596519c7a452de26bae83348e3cb54-dirty,1,1,1,1,4,967,wells,17,0,1,7,5,-2843,0,773,775,native
ebde781a11596519c7a452de26bae83348e3cb54-dirty,1,1,1,1,4,856,blocked_spawn,34,0,0,0,0,-5490,0,1198,1200,native
ebde781a11596519c7a452de26bae83348e3cb54-dirty,1,1,1,1,4,909,equal_scores,9,0,0,1,4,-1791,0,413,415,native
ebde781a11596519c7a452de26bae83348e3cb54-dirty,1,1,1,1,4,21,heuristic_trajectory,34,0,0,7,5,-2996,0,1538,1540,native
ebde781a11596519c7a452de26bae83348e3cb54-dirty,1,1,1,1,4,621,high_stack_holes,17,0,1,0,16,-9483,0,433,435,native
ebde781a11596519c7a452de26bae83348e3cb54-dirty,1,1,1,1,4,877,last_candidate_winner,17,0,1,8,0,-434,0,773,775,native
ebde781a11596519c7a452de26bae83348e3cb54-dirty,1,1,1,1,4,321,random_trajectory,9,0,0,0,0,-1164,0,413,415,native
ebde781a11596519c7a452de26bae83348e3cb54-dirty,1,1,1,1,4,984,wells,17,0,0,1,6,-3030,0,773,775,native
ebde781a11596519c7a452de26bae83348e3cb54-dirty,1,1,1,1,4,860,blocked_spawn,17,0,0,1,0,-5880,0,501,503,native
ebde781a11596519c7a452de26bae83348e3cb54-dirty,1,1,1,1,4,910,equal_scores,17,0,0,3,3,-1530,0,773,775,native
ebde781a11596519c7a452de26bae83348e3cb54-dirty,1,1,1,1,4,22,heuristic_trajectory,34,0,3,8,2,-1730,0,1538,1540,native
ebde781a11596519c7a452de26bae83348e3cb54-dirty,1,1,1,1,4,622,high_stack_holes,17,0,1,1,15,-9072,0,569,571,native
ebde781a11596519c7a452de26bae83348e3cb54-dirty,1,1,1,1,4,883,last_candidate_winner,34,0,3,8,7,-4802,0,1538,1540,native
ebde781a11596519c7a452de26bae83348e3cb54-dirty,1,1,1,1,4,322,random_trajectory,34,0,3,0,11,-11682,0,484,486,native
ebde781a11596519c7a452de26bae83348e3cb54-dirty,1,1,1,1,4,990,wells,34,0,3,3,4,-2170,0,1538,1540,native
ebde781a11596519c7a452de26bae83348e3cb54-dirty,1,1,1,1,4,861,blocked_spawn,17,0,1,1,0,-5526,0,603,605,native
ebde781a11596519c7a452de26bae83348e3cb54-dirty,1,1,1,1,4,912,equal_scores,34,0,1,0,4,-1938,0,1538,1540,native
ebde781a11596519c7a452de26bae83348e3cb54-dirty,1,1,1,1,4,23,heuristic_trajectory,34,0,2,2,8,-3117,0,1538,1540,native
ebde781a11596519c7a452de26bae83348e3cb54-dirty,1,1,1,1,4,623,high_stack_holes,17,0,0,5,5,-3822,0,773,775,native
ebde781a11596519c7a452de26bae83348e3cb54-dirty,1,1,1,1,4,893,last_candidate_winner,34,0,3,8,3,-1934,0,1538,1540,native
ebde781a11596519c7a452de26bae83348e3cb54-dirty,1,1,1,1,4,323,random_trajectory,17,0,1,0,17,-12525,0,263,265,native
ebde781a11596519c7a452de26bae83348e3cb54-dirty,1,1,1,1,4,994,wells,34,0,1,0,4,-2206,0,1538,1540,native
ebde781a11596519c7a452de26bae83348e3cb54-dirty,1,1,1,1,4,862,blocked_spawn,17,0,1,6,17,-10818,0,399,401,native
ebde781a11596519c7a452de26bae83348e3cb54-dirty,1,1,1,1,4,917,equal_scores,17,0,0,0,2,-1704,0,773,775,native
ebde781a11596519c7a452de26bae83348e3cb54-dirty,1,1,1,1,4,24,heuristic_trajectory,17,0,0,4,4,-2388,0,773,775,native
ebde781a11596519c7a452de26bae83348e3cb54-dirty,1,1,1,1,4,624,high_stack_holes,17,0,1,5,13,-9945,0,467,469,native
ebde781a11596519c7a452de26bae83348e3cb54-dirty,1,1,1,1,4,900,last_candidate_winner,17,0,1,9,2,-1730,0,773,775,native
ebde781a11596519c7a452de26bae83348e3cb54-dirty,1,1,1,1,4,324,random_trajectory,34,0,1,0,2,-8775,0,1062,1064,native
ebde781a11596519c7a452de26bae83348e3cb54-dirty,1,1,1,1,4,864,blocked_spawn,17,0,1,1,0,-10479,0,297,299,native
ebde781a11596519c7a452de26bae83348e3cb54-dirty,1,1,1,1,4,919,equal_scores,17,0,0,3,0,-612,0,773,775,native
ebde781a11596519c7a452de26bae83348e3cb54-dirty,1,1,1,1,4,25,heuristic_trajectory,17,0,1,0,3,-1311,0,773,775,native
ebde781a11596519c7a452de26bae83348e3cb54-dirty,1,1,1,1,4,625,high_stack_holes,9,0,0,0,15,-11025,0,243,245,native
ebde781a11596519c7a452de26bae83348e3cb54-dirty,1,1,1,1,4,904,last_candidate_winner,34,0,3,8,1,-1083,0,1538,1540,native
ebde781a11596519c7a452de26bae83348e3cb54-dirty,1,1,1,1,4,325,random_trajectory,17,0,1,0,4,-10722,0,297,299,native
ebde781a11596519c7a452de26bae83348e3cb54-dirty,1,1,1,1,4,866,blocked_spawn,34,0,1,8,0,-8631,0,552,554,native
ebde781a11596519c7a452de26bae83348e3cb54-dirty,1,1,1,1,4,920,equal_scores,34,0,0,0,0,-408,0,1538,1540,native
ebde781a11596519c7a452de26bae83348e3cb54-dirty,1,1,1,1,4,26,heuristic_trajectory,9,0,0,0,8,-3408,0,413,415,native
ebde781a11596519c7a452de26bae83348e3cb54-dirty,1,1,1,1,4,626,high_stack_holes,17,0,0,1,11,-6573,0,773,775,native
ebde781a11596519c7a452de26bae83348e3cb54-dirty,1,1,1,1,4,915,last_candidate_winner,34,0,0,1,3,-1413,0,1538,1540,native
ebde781a11596519c7a452de26bae83348e3cb54-dirty,1,1,1,1,4,326,random_trajectory,34,0,1,5,15,-9762,0,756,758,native
ebde781a11596519c7a452de26bae83348e3cb54-dirty,1,1,1,1,4,871,blocked_spawn,9,0,0,0,0,-3873,0,345,347,native
ebde781a11596519c7a452de26bae83348e3cb54-dirty,1,1,1,1,4,924,equal_scores,34,0,0,6,4,-2010,0,1538,1540,native
ebde781a11596519c7a452de26bae83348e3cb54-dirty,1,1,1,1,4,27,heuristic_trajectory,34,0,0,4,3,-1791,0,1538,1540,native
ebde781a11596519c7a452de26bae83348e3cb54-dirty,1,1,1,1,4,627,high_stack_holes,17,0,1,0,13,-8508,0,467,469,native
ebde781a11596519c7a452de26bae83348e3cb54-dirty,1,1,1,1,4,918,last_candidate_winner,17,0,1,0,1,-1413,0,773,775,native
ebde781a11596519c7a452de26bae83348e3cb54-dirty,1,1,1,1,4,327,random_trajectory,34,0,1,2,17,-8397,0,1538,1540,native
ebde781a11596519c7a452de26bae83348e3cb54-dirty,1,1,1,1,4,872,blocked_spawn,34,0,1,3,17,-9519,0,722,724,native
ebde781a11596519c7a452de26bae83348e3cb54-dirty,1,1,1,1,4,925,equal_scores,34,0,0,3,5,-2607,0,1538,1540,native
ebde781a11596519c7a452de26bae83348e3cb54-dirty,1,1,1,1,4,28,heuristic_trajectory,9,0,0,1,4,-2112,0,413,415,native
ebde781a11596519c7a452de26bae83348e3cb54-dirty,1,1,1,1,4,628,high_stack_holes,17,0,1,1,1,-12441,0,331,333,native
ebde781a11596519c7a452de26bae83348e3cb54-dirty,1,1,1,1,4,921,last_candidate_winner,34,0,0,5,1,-612,0,1538,1540,native
ebde781a11596519c7a452de26bae83348e3cb54-dirty,1,1,1,1,4,328,random_trajectory,17,0,1,0,14,-12060,0,297,299,native
ebde781a11596519c7a452de26bae83348e3cb54-dirty,1,1,1,1,4,873,blocked_spawn,34,0,2,7,18,-12090,0,416,418,native
ebde781a11596519c7a452de26bae83348e3cb54-dirty,1,1,1,1,4,928,equal_scores,34,0,1,0,3,-1413,0,1538,1540,native
ebde781a11596519c7a452de26bae83348e3cb54-dirty,1,1,1,1,4,29,heuristic_trajectory,17,0,1,6,0,-536,0,773,775,native
ebde781a11596519c7a452de26bae83348e3cb54-dirty,1,1,1,1,4,629,high_stack_holes,17,0,0,4,0,-1845,0,773,775,native
ebde781a11596519c7a452de26bae83348e3cb54-dirty,1,1,1,1,4,932,last_candidate_winner,17,0,1,9,2,-1526,0,773,775,native
ebde781a11596519c7a452de26bae83348e3cb54-dirty,1,1,1,1,4,329,random_trajectory,34,0,0,0,0,-786,0,1538,1540,native
ebde781a11596519c7a452de26bae83348e3cb54-dirty,1,1,1,1,4,874,blocked_spawn,34,0,1,7,0,-10059,0,790,792,native
ebde781a11596519c7a452de26bae83348e3cb54-dirty,1,1,1,1,4,930,equal_scores,34,0,1,8,0,-816,0,1538,1540,native
ebde781a11596519c7a452de26bae83348e3cb54-dirty,1,1,1,1,4,30,heuristic_trajectory,34,0,2,6,2,-1526,0,1538,1540,native
ebde781a11596519c7a452de26bae83348e3cb54-dirty,1,1,1,1,4,630,high_stack_holes,34,0,1,3,14,-8103,0,1164,1166,native
ebde781a11596519c7a452de26bae83348e3cb54-dirty,1,1,1,1,4,935,last_candidate_winner,34,0,3,8,3,-2633,0,1538,1540,native
ebde781a11596519c7a452de26bae83348e3cb54-dirty,1,1,1,1,4,330,random_trajectory,9,0,0,0,0,-1164,0,413,415,native
ebde781a11596519c7a452de26bae83348e3cb54-dirty,1,1,1,1,4,875,blocked_spawn,17,0,1,4,17,-9699,0,297,299,native
ebde781a11596519c7a452de26bae83348e3cb54-dirty,1,1,1,1,4,934,equal_scores,34,0,0,1,2,-1020,0,1538,1540,native
ebde781a11596519c7a452de26bae83348e3cb54-dirty,1,1,1,1,4,31,heuristic_trajectory,9,0,0,2,1,-1107,0,413,415,native
ebde781a11596519c7a452de26bae83348e3cb54-dirty,1,1,1,1,4,631,high_stack_holes,34,0,3,0,17,-11175,0,790,792,native
ebde781a11596519c7a452de26bae83348e3cb54-dirty,1,1,1,1,4,946,last_candidate_winner,17,0,1,8,2,-1322,0,773,775,native
ebde781a11596519c7a452de26bae83348e3cb54-dirty,1,1,1,1,4,331,random_trajectory,34,0,1,7,4,-4680,0,1538,1540,native
ebde781a11596519c7a452de26bae83348e3cb54-dirty,1,1,1,1,4,879,blocked_spawn,17,0,0,2,19,-11478,0,331,333,native
ebde781a11596519c7a452de26bae83348e3cb54-dirty,1,1,1,1,4,936,equal_scores,34,0,0,0,0,-495,0,1538,1540,native
ebde781a11596519c7a452de26bae83348e3cb54-dirty,1,1,1,1,4,32,heuristic_trajectory,34,0,1,0,5,-2010,0,1538,1540,native
ebde781a11596519c7a452de26bae83348e3cb54-dirty,1,1,1,1,4,632,high_stack_holes,34,0,0,1,4,-2622,0,1538,1540,native
ebde781a11596519c7a452de26bae83348e3cb54-dirty,1,1,1,1,4,947,last_candidate_winner,17,0,1,9,1,-1235,0,773,775,native
ebde781a11596519c7a452de26bae83348e3cb54-dirty,1,1,1,1,4,332,random_trajectory,17,0,0,4,18,-10518,0,297,299,native
ebde781a11596519c7a452de26bae83348e3cb54-dirty,1,1,1,1,4,881,blocked_spawn,17,0,1,0,0,-7881,0,399,401,native
ebde781a11596519c7a452de26bae83348e3cb54-dirty,1,1,1,1,4,944,equal_scores,17,0,0,6,1,-714,0,773,775,native
ebde781a11596519c7a452de26bae83348e3cb54-dirty,1,1,1,1,4,33,heuristic_trajectory,9,0,0,0,8,-3408,0,413,415,native
ebde781a11596519c7a452de26bae83348e3cb54-dirty,1,1,1,1,4,633,high_stack_holes,17,0,1,0,16,-9633,0,501,503,native
ebde781a11596519c7a452de26bae83348e3cb54-dirty,1,1,1,1,4,949,last_candidate_winner,17,0,1,9,1,-1118,0,773,775,native
ebde781a11596519c7a452de26bae83348e3cb54-dirty,1,1,1,1,4,333,random_trajectory,34,0,1,5,0,-1368,0,1538,1540,native
ebde781a11596519c7a452de26bae83348e3cb54-dirty,1,1,1,1,4,884,blocked_spawn,9,0,0,1,0,-5964,0,345,347,native
ebde781a11596519c7a452de26bae83348e3cb54-dirty,1,1,1,1,4,950,equal_scores,34,0,1,2,4,-1806,0,1538,1540,native
ebde781a11596519c7a452de26bae83348e3cb54-dirty,1,1,1,1,4,34,heuristic_trajectory,17,0,0,4,1,-1209,0,773,775,native
ebde781a11596519c7a452de26bae83348e3cb54-dirty,1,1,1,1,4,634,high_stack_holes,17,0,1,8,17,-12201,0,365,367,native
ebde781a11596519c7a452de26bae83348e3cb54-dirty,1,1,1,1,4,951,last_candidate_winner,9,0,0,1,4,-2301,0,413,415,native
ebde781a11596519c7a452de26bae83348e3cb54-dirty,1,1,1,1,4,334,random_trajectory,17,0,1,0,14,-12060,0,297,299,native
ebde781a11596519c7a452de26bae83348e3cb54-dirty,1,1,1,1,4,885,blocked_spawn,34,0,0,3,0,-7257,0,1198,1200,native
ebde781a11596519c7a452de26bae83348e3cb54-dirty,1,1,1,1,4,952,equal_scores,9,0,0,2,0,-714,0,413,415,native
ebde781a11596519c7a452de26bae83348e3cb54-dirty,1,1,1,1,4,35,heuristic_trajectory,34,0,3,3,2,-2108,0,1538,1540,native
ebde781a11596519c7a452de26bae83348e3cb54-dirty,1,1,1,1,4,635,high_stack_holes,34,0,1,4,6,-3927,0,1538,1540,native
ebde781a11596519c7a452de26bae83348e3cb54-dirty,1,1,1,1,4,953,last_candidate_winner,9,0,0,3,4,-2403,0,413,415,native
ebde781a11596519c7a452de26bae83348e3cb54-dirty,1,1,1,1,4,335,random_trajectory,34,0,0,0,0,-786,0,1538,1540,native
ebde781a11596519c7a452de26bae83348e3cb54-dirty,1,1,1,1,4,889,blocked_spawn,17,0,0,1,0,-3150,0,705,707,native
ebde781a11596519c7a452de26bae83348e3cb54-dirty,1,1,1,1,4,954,equal_scores,17,0,1,0,2,-816,0,773,775,native
ebde781a11596519c7a452de26bae83348e3cb54-dirty,1,1,1,1,4,36,heuristic_trajectory,17,0,1,0,4,-2327,0,773,775,native
ebde781a11596519c7a452de26bae83348e3cb54-dirty,1,1,1,1,4,636,high_stack_holes,34,0,1,2,12,-9048,0,722,724,native
ebde781a11596519c7a452de26bae83348e3cb54-dirty,1,1,1,1,4,971,last_candidate_winner,17,0,1,8,3,-1975,0,773,775,native
ebde781a11596519c7a452de26bae83348e3cb54-dirty,1,1,1,1,4,336,random_trajectory,17,0,0,0,0,-204,0,773,775,native
ebde781a11596519c7a452de26bae83348e3cb54-dirty,1,1,1,1,4,891,blocked_spawn,17,0,0,4,0,-8379,0,331,333,native
ebde781a11596519c7a452de26bae83348e3cb54-dirty,1,1,1,1,4,956,equal_scores,9,0,0,0,4,-2403,0,413,415,native
ebde781a11596519c7a452de26bae83348e3cb54-dirty,1,1,1,1,4,37,heuristic_trajectory,17,0,1,0,8,-3582,0,773,775,native
ebde781a11596519c7a452de26bae83348e3cb54-dirty,1,1,1,1,4,637,high_stack_holes,34,0,3,7,14,-12927,0,586,588,native
ebde781a11596519c7a452de26bae83348e3cb54-dirty,1,1,1,1,4,972,last_candidate_winner,17,0,1,9,0,-434,0,773,775,native
ebde781a11596519c7a452de26bae83348e3cb54-dirty,1,1,1,1,4,337,random_trajectory,34,0,1,0,2,-2502,0,1538,1540,native
ebde781a11596519c7a452de26bae83348e3cb54-dirty,1,1,1,1,4,892,blocked_spawn,34,0,0,0,0,-4572,0,960,962,native
ebde781a11596519c7a452de26bae83348e3cb54-dirty,1,1,1,1,4,958,equal_scores,9,0,0,1,4,-2112,0,413,415,native
ebde781a11596519c7a452de26bae83348e3cb54-dirty,1,1,1,1,4,38,heuristic_trajectory,17,0,1,6,3,-1908,0,773,775,native
ebde781a11596519c7a452de26bae83348e3cb54-dirty,1,1,1,1,4,638,high_stack_holes,17,0,1,1,11,-7488,0,773,775,native
ebde781a11596519c7a452de26bae83348e3cb54-dirty,1,1,1,1,4,979,last_candidate_winner,9,0,0,4,4,-1719,0,413,415,native
ebde781a11596519c7a452de26bae83348e3cb54-dirty,1,1,1,1,4,338,random_trajectory,34,0,1,0,2,-2502,0,1538,1540,native
ebde781a11596519c7a452de26bae83348e3cb54-dirty,1,1,1,1,4,901,blocked_spawn,34,0,1,0,0,-5238,0,1096,1098,native
ebde781a11596519c7a452de26bae83348e3cb54-dirty,1,1,1,1,4,959,equal_scores,17,0,0,3,0,-510,0,773,775,native
ebde781a11596519c7a452de26bae83348e3cb54-dirty,1,1,1,1,4,39,heuristic_trajectory,34,0,1,6,0,-725,0,1538,1540,native
ebde781a11596519c7a452de26bae83348e3cb54-dirty,1,1,1,1,4,639,high_stack_holes,34,0,1,1,16,-9087,0,1538,1540,native
ebde781a11596519c7a452de26bae83348e3cb54-dirty,1,1,1,1,4,988,last_candidate_winner,9,0,0,0,8,-4893,0,413,415,native
ebde781a11596519c7a452de26bae83348e3cb54-dirty,1,1,1,1,4,339,random_trajectory,34,0,1,7,4,-4680,0,1538,1540,native
ebde781a11596519c7a452de26bae83348e3cb54-dirty,1,1,1,1,4,902,blocked_spawn,17,0,1,3,0,-10029,0,433,435,native
ebde781a11596519c7a452de26bae83348e3cb54-dirty,1,1,1,1,4,963,equal_scores,17,0,0,1,1,-612,0,773,775,native
ebde781a11596519c7a452de26bae83348e3cb54-dirty,1,1,1,1,4,40,heuristic_trajectory,34,0,0,5,1,-842,0,1538,1540,native
ebde781a11596519c7a452de26bae83348e3cb54-dirty,1,1,1,1,4,640,high_stack_holes,17,0,1,2,7,-10896,0,603,605,native
ebde781a11596519c7a452de26bae83348e3cb54-dirty,1,1,1,1,4,989,last_candidate_winner,17,0,1,9,2,-3683,0,773,775,native
ebde781a11596519c7a452de26bae83348e3cb54-dirty,1,1,1,1,4,340,random_trajectory,17,0,0,0,0,-204,0,773,775,native
ebde781a11596519c7a452de26bae83348e3cb54-dirty,1,1,1,1,4,903,blocked_spawn,17,0,0,6,0,-2955,0,569,571,native
ebde781a11596519c7a452de26bae83348e3cb54-dirty,1,1,1,1,4,964,equal_scores,17,0,0,1,0,-612,0,773,775,native
ebde781a11596519c7a452de26bae83348e3cb54-dirty,1,1,1,1,4,41,heuristic_trajectory,17,0,0,1,1,-903,0,773,775,native
ebde781a11596519c7a452de26bae83348e3cb54-dirty,1,1,1,1,4,641,high_stack_holes,17,0,0,0,0,0,1,195,197,native
ebde781a11596519c7a452de26bae83348e3cb54-dirty,1,1,1,1,4,998,last_candidate_winner,17,0,1,0,0,-1617,0,773,775,native
ebde781a11596519c7a452de26bae83348e3cb54-dirty,1,1,1,1,4,341,random_trajectory,17,0,1,0,14,-12060,0,297,299,native
ebde781a11596519c7a452de26bae83348e3cb54-dirty,1,1,1,1,4,906,blocked_spawn,9,0,0,0,0,-5685,0,277,279,native
ebde781a11596519c7a452de26bae83348e3cb54-dirty,1,1,1,1,4,968,equal_scores,34,0,0,6,3,-2199,0,1538,1540,native
ebde781a11596519c7a452de26bae83348e3cb54-dirty,1,1,1,1,4,42,heuristic_trajectory,9,0,0,0,6,-2592,0,413,415,native
ebde781a11596519c7a452de26bae83348e3cb54-dirty,1,1,1,1,4,642,high_stack_holes,17,0,1,3,13,-8310,0,739,741,native
ebde781a11596519c7a452de26bae83348e3cb54-dirty,1,1,1,1,4,999,last_candidate_winner,17,0,1,9,0,-230,0,773,775,native
ebde781a11596519c7a452de26bae83348e3cb54-dirty,1,1,1,1,4,342,random_trajectory,9,0,0,2,17,-8193,0,413,415,native
ebde781a11596519c7a452de26bae83348e3cb54-dirty,1,1,1,1,4,913,blocked_spawn,17,0,1,1,0,-6060,0,433,435,native
ebde781a11596519c7a452de26bae83348e3cb54-dirty,1,1,1,1,4,970,equal_scores,17,0,1,0,3,-1122,0,773,775,native
ebde781a11596519c7a452de26bae83348e3cb54-dirty,1,1,1,1,4,43,heuristic_trajectory,17,0,1,2,2,-1893,0,773,775,native
ebde781a11596519c7a452de26bae83348e3cb54-dirty,1,1,1,1,4,643,high_stack_holes,9,0,0,1,18,-9096,0,277,279,native
ebde781a11596519c7a452de26bae83348e3cb54-dirty,1,1,1,1,4,343,random_trajectory,34,0,1,0,2,-8775,0,1062,1064,native
ebde781a11596519c7a452de26bae83348e3cb54-dirty,1,1,1,1,4,916,blocked_spawn,17,0,1,7,0,-11496,0,365,367,native
ebde781a11596519c7a452de26bae83348e3cb54-dirty,1,1,1,1,4,982,equal_scores,34,0,0,3,3,-2010,0,1538,1540,native
ebde781a11596519c7a452de26bae83348e3cb54-dirty,1,1,1,1,4,44,heuristic_trajectory,17,0,1,8,0,-638,0,773,775,native
ebde781a11596519c7a452de26bae83348e3cb54-dirty,1,1,1,1,4,644,high_stack_holes,17,0,0,6,2,-1818,0,773,775,native
ebde781a11596519c7a452de26bae83348e3cb54-dirty,1,1,1,1,4,344,random_trajectory,17,0,1,0,14,-12060,0,297,299,native
ebde781a11596519c7a452de26bae83348e3cb54-dirty,1,1,1,1,4,923,blocked_spawn,34,0,0,0,17,-10845,0,1062,1064,native
ebde781a11596519c7a452de26bae83348e3cb54-dirty,1,1,1,1,4,985,equal_scores,17,0,0,3,3,-2214,0,773,775,native
ebde781a11596519c7a452de26bae83348e3cb54-dirty,1,1,1,1,4,45,heuristic_trajectory,17,0,1,9,1,-853,0,773,775,native
ebde781a11596519c7a452de26bae83348e3cb54-dirty,1,1,1,1,4,645,high_stack_holes,9,0,0,1,15,-8610,0,345,347,native
ebde781a11596519c7a452de26bae83348e3cb54-dirty,1,1,1,1,4,345,random_trajectory,34,0,1,5,0,-1368,0,1538,1540,native
ebde781a11596519c7a452de26bae83348e3cb54-dirty,1,1,1,1,4,926,blocked_spawn,9,0,0,2,18,-10149,0,141,143,native
ebde781a11596519c7a452de26bae83348e3cb54-dirty,1,1,1,1,4,987,equal_scores,34,0,0,1,2,-1398,0,1538,1540,native
ebde781a11596519c7a452de26bae83348e3cb54-dirty,1,1,1,1,4,46,heuristic_trajectory,9,0,0,1,1,-816,0,413,415,native
ebde781a11596519c7a452de26bae83348e3cb54-dirty,1,1,1,1,4,646,high_stack_holes,17,0,1,3,3,-11490,0,331,333,native
ebde781a11596519c7a452de26bae83348e3cb54-dirty,1,1,1,1,4,346,random_trajectory,34,0,1,2,17,-8397,0,1538,1540,native
ebde781a11596519c7a452de26bae83348e3cb54-dirty,1,1,1,1,4,927,blocked_spawn,17,0,1,0,17,-11094,0,263,265,native
ebde781a11596519c7a452de26bae83348e3cb54-dirty,1,1,1,1,4,992,equal_scores,34,0,0,0,0,-408,0,1538,1540,native
ebde781a11596519c7a452de26bae83348e3cb54-dirty,1,1,1,1,4,47,heuristic_trajectory,34,0,1,6,0,-725,0,1538,1540,native
ebde781a11596519c7a452de26bae83348e3cb54-dirty,1,1,1,1,4,647,high_stack_holes,17,0,1,0,3,-2019,0,773,775,native
ebde781a11596519c7a452de26bae83348e3cb54-dirty,1,1,1,1,4,347,random_trajectory,34,0,1,0,2,-8775,0,1062,1064,native
ebde781a11596519c7a452de26bae83348e3cb54-dirty,1,1,1,1,4,931,blocked_spawn,17,0,1,5,17,-7086,0,399,401,native
ebde781a11596519c7a452de26bae83348e3cb54-dirty,1,1,1,1,4,48,heuristic_trajectory,17,0,0,6,5,-3684,0,773,775,native
ebde781a11596519c7a452de26bae83348e3cb54-dirty,1,1,1,1,4,648,high_stack_holes,9,0,0,2,17,-9453,0,243,245,native
ebde781a11596519c7a452de26bae83348e3cb54-dirty,1,1,1,1,4,348,random_trajectory,9,0,0,0,6,-11100,0,175,177,native
ebde781a11596519c7a452de26bae83348e3cb54-dirty,1,1,1,1,4,933,blocked_spawn,34,0,3,5,17,-6039,0,1130,1132,native
ebde781a11596519c7a452de26bae83348e3cb54-dirty,1,1,1,1,4,49,heuristic_trajectory,9,0,0,0,8,-2505,0,413,415,native
ebde781a11596519c7a452de26bae83348e3cb54-dirty,1,1,1,1,4,649,high_stack_holes,34,0,3,8,16,-11115,0,756,758,native
ebde781a11596519c7a452de26bae83348e3cb54-dirty,1,1,1,1,4,349,random_trajectory,9,0,0,2,17,-8193,0,413,415,native
ebde781a11596519c7a452de26bae83348e3cb54-dirty,1,1,1,1,4,938,blocked_spawn,17,0,1,8,0,-6363,0,671,673,native
ebde781a11596519c7a452de26bae83348e3cb54-dirty,1,1,1,1,4,50,heuristic_trajectory,17,0,1,3,2,-1908,0,773,775,native
ebde781a11596519c7a452de26bae83348e3cb54-dirty,1,1,1,1,4,650,high_stack_holes,17,0,0,2,10,-7530,0,773,775,native
ebde781a11596519c7a452de26bae83348e3cb54-dirty,1,1,1,1,4,350,random_trajectory,17,0,1,0,0,-3051,0,773,775,native
ebde781a11596519c7a452de26bae83348e3cb54-dirty,1,1,1,1,4,939,blocked_spawn,17,0,1,2,0,-7326,0,263,265,native
ebde781a11596519c7a452de26bae83348e3cb54-dirty,1,1,1,1,4,51,heuristic_trajectory,17,0,1,0,0,-714,0,773,775,native
ebde781a11596519c7a452de26bae83348e3cb54-dirty,1,1,1,1,4,651,high_stack_holes,17,0,1,1,16,-9111,0,501,503,native
ebde781a11596519c7a452de26bae83348e3cb54-dirty,1,1,1,1,4,351,random_trajectory,17,0,1,0,0,-3051,0,773,775,native
ebde781a11596519c7a452de26bae83348e3cb54-dirty,1,1,1,1,4,940,blocked_spawn,34,0,0,0,0,-4152,0,1436,1438,native
ebde781a11596519c7a452de26bae83348e3cb54-dirty,1,1,1,1,4,52,heuristic_trajectory,9,0,0,2,4,-1821,0,413,415,native
ebde781a11596519c7a452de26bae83348e3cb54-dirty,1,1,1,1,4,652,high_stack_holes,34,0,1,2,15,-10533,0,926,928,native
ebde781a11596519c7a452de26bae83348e3cb54-dirty,1,1,1,1,4,352,random_trajectory,17,0,0,2,11,-4299,0,773,775,native
ebde781a11596519c7a452de26bae83348e3cb54-dirty,1,1,1,1,4,955,blocked_spawn,17,0,0,6,0,-4716,0,671,673,native
ebde781a11596519c7a452de26bae83348e3cb54-dirty,1,1,1,1,4,53,heuristic_trajectory,34,0,0,6,6,-3117,0,1538,1540,native
ebde781a11596519c7a452de26bae83348e3cb54-dirty,1,1,1,1,4,653,high_stack_holes,9,0,0,0,0,-204,0,413,415,native
ebde781a11596519c7a452de26bae83348e3cb54-dirty,1,1,1,1,4,353,random_trajectory,17,0,0,7,18,-11697,0,229,231,native
ebde781a11596519c7a452de26bae83348e3cb54-dirty,1,1,1,1,4,960,blocked_spawn,17,0,0,4,0,-5664,0,535,537,native
ebde781a11596519c7a452de26bae83348e3cb54-dirty,1,1,1,1,4,54,heuristic_trajectory,17,0,1,6,5,-3200,0,773,775,native
ebde781a11596519c7a452de26bae83348e3cb54-dirty,1,1,1,1,4,654,high_stack_holes,9,0,0,4,13,-9453,0,209,211,native
ebde781a11596519c7a452de26bae83348e3cb54-dirty,1,1,1,1,4,354,random_trajectory,17,0,0,0,0,-1716,0,773,775,native
ebde781a11596519c7a452de26bae83348e3cb54-dirty,1,1,1,1,4,965,blocked_spawn,34,0,0,0,0,-3945,0,1300,1302,native
ebde781a11596519c7a452de26bae83348e3cb54-dirty,1,1,1,1,4,55,heuristic_trajectory,17,0,0,1,2,-1107,0,773,775,native
ebde781a11596519c7a452de26bae83348e3cb54-dirty,1,1,1,1,4,655,high_stack_holes,17,0,1,8,16,-10704,0,365,367,native
ebde781a11596519c7a452de26bae83348e3cb54-dirty,1,1,1,1,4,355,random_trajectory,17,0,0,0,0,-1716,0,773,775,native
ebde781a11596519c7a452de26bae83348e3cb54-dirty,1,1,1,1,4,966,blocked_spawn,34,0,1,2,0,-8895,0,960,962,native
ebde781a11596519c7a452de26bae83348e3cb54-dirty,1,1,1,1,4,56,heuristic_trajectory,9,0,0,0,3,-1515,0,413,415,native
ebde781a11596519c7a452de26bae83348e3cb54-dirty,1,1,1,1,4,656,high_stack_holes,17,0,1,0,11,-6825,0,773,775,native
ebde781a11596519c7a452de26bae83348e3cb54-dirty,1,1,1,1,4,356,random_trajectory,34,0,0,0,0,-204,0,1538,1540,native
ebde781a11596519c7a452de26bae83348e3cb54-dirty,1,1,1,1,4,973,blocked_spawn,17,0,0,0,0,-4506,0,637,639,native
ebde781a11596519c7a452de26bae83348e3cb54-dirty,1,1,1,1,4,57,heuristic_trajectory,34,0,0,7,2,-1730,0,1538,1540,native
ebde781a11596519c7a452de26bae83348e3cb54-dirty,1,1,1,1,4,657,high_stack_holes,17,0,1,2,15,-8718,0,365,367,native
ebde781a11596519c7a452de26bae83348e3cb54-dirty,1,1,1,1,4,357,random_trajectory,17,0,0,7,18,-11697,0,229,231,native
ebde781a11596519c7a452de26bae83348e3cb54-dirty,1,1,1,1,4,974,blocked_spawn,9,0,0,0,0,-5907,0,345,347,native
ebde781a11596519c7a452de26bae83348e3cb54-dirty,1,1,1,1,4,58,heuristic_trajectory,34,0,1,0,0,-740,0,1538,1540,native
ebde781a11596519c7a452de26bae83348e3cb54-dirty,1,1,1,1,4,658,high_stack_holes,17,0,1,1,16,-13077,0,331,333,native
ebde781a11596519c7a452de26bae83348e3cb54-dirty,1,1,1,1,4,358,random_trajectory,17,0,1,0,0,-3051,0,773,775,native
ebde781a11596519c7a452de26bae83348e3cb54-dirty,1,1,1,1,4,975,blocked_spawn,17,0,0,5,0,-5526,0,569,571,native
ebde781a11596519c7a452de26bae83348e3cb54-dirty,1,1,1,1,4,59,heuristic_trajectory,34,0,3,8,3,-2123,0,1538,1540,native
ebde781a11596519c7a452de26bae83348e3cb54-dirty,1,1,1,1,4,659,high_stack_holes,17,0,0,5,15,-9624,0,773,775,native
ebde781a11596519c7a452de26bae83348e3cb54-dirty,1,1,1,1,4,359,random_trajectory,9,0,0,1,13,-7668,0,413,415,native
ebde781a11596519c7a452de26bae83348e3cb54-dirty,1,1,1,1,4,978,blocked_spawn,9,0,0,7,0,-7179,0,209,211,native
ebde781a11596519c7a452de26bae83348e3cb54-dirty,1,1,1,1,4,60,heuristic_trajectory,34,0,3,8,3,-2006,0,1538,1540,native
ebde781a11596519c7a452de26bae83348e3cb54-dirty,1,1,1,1,4,660,high_stack_holes,17,0,1,5,15,-8376,0,535,537,native
ebde781a11596519c7a452de26bae83348e3cb54-dirty,1,1,1,1,4,360,random_trajectory,17,0,0,0,0,-1716,0,773,775,native
ebde781a11596519c7a452de26bae83348e3cb54-dirty,1,1,1,1,4,981,blocked_spawn,34,0,0,6,0,-5655,0,1028,1030,native
ebde781a11596519c7a452de26bae83348e3cb54-dirty,1,1,1,1,4,61,heuristic_trajectory,34,0,0,6,2,-1413,0,1538,1540,native
ebde781a11596519c7a452de26bae83348e3cb54-dirty,1,1,1,1,4,661,high_stack_holes,34,0,3,5,9,-9669,0,926,928,native
ebde781a11596519c7a452de26bae83348e3cb54-dirty,1,1,1,1,4,361,random_trajectory,34,0,3,2,16,-10632,0,892,894,native
ebde781a11596519c7a452de26bae83348e3cb54-dirty,1,1,1,1,4,983,blocked_spawn,34,0,1,3,15,-12369,0,586,588,native
ebde781a11596519c7a452de26bae83348e3cb54-dirty,1,1,1,1,4,62,heuristic_trajectory,34,0,1,1,3,-1020,0,1538,1540,native
ebde781a11596519c7a452de26bae83348e3cb54-dirty,1,1,1,1,4,662,high_stack_holes,34,0,0,0,0,-204,0,1538,1540,native
ebde781a11596519c7a452de26bae83348e3cb54-dirty,1,1,1,1,4,362,random_trajectory,17,0,1,0,0,-3051,0,773,775,native
ebde781a11596519c7a452de26bae83348e3cb54-dirty,1,1,1,1,4,991,blocked_spawn,34,0,1,8,0,-10095,0,824,826,native
ebde781a11596519c7a452de26bae83348e3cb54-dirty,1,1,1,1,4,63,heuristic_trajectory,34,0,2,7,0,-664,0,1538,1540,native
ebde781a11596519c7a452de26bae83348e3cb54-dirty,1,1,1,1,4,663,high_stack_holes,34,0,1,4,16,-10020,0,756,758,native
ebde781a11596519c7a452de26bae83348e3cb54-dirty,1,1,1,1,4,363,random_trajectory,17,0,0,3,12,-5925,0,773,775,native
ebde781a11596519c7a452de26bae83348e3cb54-dirty,1,1,1,1,4,995,blocked_spawn,17,0,1,1,0,-7320,0,603,605,native
ebde781a11596519c7a452de26bae83348e3cb54-dirty,1,1,1,1,4,64,heuristic_trajectory,17,0,1,0,0,-1337,0,773,775,native
ebde781a11596519c7a452de26bae83348e3cb54-dirty,1,1,1,1,4,664,high_stack_holes,9,0,0,2,17,-12630,0,243,245,native
ebde781a11596519c7a452de26bae83348e3cb54-dirty,1,1,1,1,4,364,random_trajectory,9,0,0,0,0,0,1,107,109,native
ebde781a11596519c7a452de26bae83348e3cb54-dirty,1,1,1,1,4,996,blocked_spawn,34,0,1,8,17,-5727,0,1096,1098,native
ebde781a11596519c7a452de26bae83348e3cb54-dirty,1,1,1,1,4,65,heuristic_trajectory,34,0,3,0,3,-1817,0,1538,1540,native
ebde781a11596519c7a452de26bae83348e3cb54-dirty,1,1,1,1,4,665,high_stack_holes,17,0,0,5,13,-8376,0,773,775,native
ebde781a11596519c7a452de26bae83348e3cb54-dirty,1,1,1,1,4,365,random_trajectory,17,0,0,3,12,-5925,0,773,775,native
ebde781a11596519c7a452de26bae83348e3cb54-dirty,1,1,1,1,4,997,blocked_spawn,17,0,1,0,0,-6747,0,467,469,native
ebde781a11596519c7a452de26bae83348e3cb54-dirty,1,1,1,1,4,66,heuristic_trajectory,34,0,0,5,2,-1587,0,1538,1540,native
ebde781a11596519c7a452de26bae83348e3cb54-dirty,1,1,1,1,4,666,high_stack_holes,9,0,0,1,15,-8268,0,345,347,native
ebde781a11596519c7a452de26bae83348e3cb54-dirty,1,1,1,1,4,366,random_trajectory,17,0,0,2,11,-4299,0,773,775,native
ebde781a11596519c7a452de26bae83348e3cb54-dirty,1,1,1,1,4,67,heuristic_trajectory,17,0,0,7,2,-1704,0,773,775,native
ebde781a11596519c7a452de26bae83348e3cb54-dirty,1,1,1,1,4,667,high_stack_holes,34,0,1,0,17,-12540,0,722,724,native
ebde781a11596519c7a452de26bae83348e3cb54-dirty,1,1,1,1,4,367,random_trajectory,34,0,1,8,11,-12174,0,484,486,native
ebde781a11596519c7a452de26bae83348e3cb54-dirty,1,1,1,1,4,68,heuristic_trajectory,34,0,0,1,4,-1908,0,1538,1540,native
ebde781a11596519c7a452de26bae83348e3cb54-dirty,1,1,1,1,4,668,high_stack_holes,34,0,0,0,15,-10281,0,1538,1540,native
ebde781a11596519c7a452de26bae83348e3cb54-dirty,1,1,1,1,4,368,random_trajectory,9,0,0,1,13,-7668,0,413,415,native
ebde781a11596519c7a452de26bae83348e3cb54-dirty,1,1,1,1,4,69,heuristic_trajectory,17,0,0,6,0,-230,0,773,775,native
ebde781a11596519c7a452de26bae83348e3cb54-dirty,1,1,1,1,4,669,high_stack_holes,9,0,0,1,15,-9114,0,379,381,native
ebde781a11596519c7a452de26bae83348e3cb54-dirty,1,1,1,1,4,369,random_trajectory,17,0,0,7,18,-11697,0,229,231,native
ebde781a11596519c7a452de26bae83348e3cb54-dirty,1,1,1,1,4,70,heuristic_trajectory,17,0,1,8,2,-1704,0,773,775,native
ebde781a11596519c7a452de26bae83348e3cb54-dirty,1,1,1,1,4,670,high_stack_holes,34,0,1,1,15,-11358,0,858,860,native
ebde781a11596519c7a452de26bae83348e3cb54-dirty,1,1,1,1,4,370,random_trajectory,34,0,1,0,17,-11883,0,484,486,native
ebde781a11596519c7a452de26bae83348e3cb54-dirty,1,1,1,1,4,71,heuristic_trajectory,17,0,1,2,1,-1031,0,773,775,native
ebde781a11596519c7a452de26bae83348e3cb54-dirty,1,1,1,1,4,671,high_stack_holes,9,0,0,0,0,-204,0,413,415,native
ebde781a11596519c7a452de26bae83348e3cb54-dirty,1,1,1,1,4,371,random_trajectory,34,0,0,0,0,-1047,0,1538,1540,native
ebde781a11596519c7a452de26bae83348e3cb54-dirty,1,1,1,1,4,72,heuristic_trajectory,34,0,3,0,3,-1832,0,1538,1540,native
ebde781a11596519c7a452de26bae83348e3cb54-dirty,1,1,1,1,4,672,high_stack_holes,17,0,1,1,17,-8973,0,569,571,native
ebde781a11596519c7a452de26bae83348e3cb54-dirty,1,1,1,1,4,372,random_trajectory,17,0,1,0,0,-11901,0,229,231,native
ebde781a11596519c7a452de26bae83348e3cb54-dirty,1,1,1,1,4,73,heuristic_trajectory,9,0,0,3,3,-1719,0,413,415,native
ebde781a11596519c7a452de26bae83348e3cb54-dirty,1,1,1,1,4,673,high_stack_holes,17,0,1,7,16,-10764,0,535,537,native
ebde781a11596519c7a452de26bae83348e3cb54-dirty,1,1,1,1,4,373,random_trajectory,34,0,0,0,0,-1047,0,1538,1540,native
ebde781a11596519c7a452de26bae83348e3cb54-dirty,1,1,1,1,4,74,heuristic_trajectory,17,0,1,9,4,-2720,0,773,775,native
ebde781a11596519c7a452de26bae83348e3cb54-dirty,1,1,1,1,4,674,high_stack_holes,17,0,1,0,7,-4260,0,773,775,native
ebde781a11596519c7a452de26bae83348e3cb54-dirty,1,1,1,1,4,374,random_trajectory,34,0,0,0,16,-10050,0,1198,1200,native
ebde781a11596519c7a452de26bae83348e3cb54-dirty,1,1,1,1,4,75,heuristic_trajectory,34,0,0,5,3,-1005,0,1538,1540,native
ebde781a11596519c7a452de26bae83348e3cb54-dirty,1,1,1,1,4,675,high_stack_holes,17,0,1,0,13,-9192,0,637,639,native
ebde781a11596519c7a452de26bae83348e3cb54-dirty,1,1,1,1,4,375,random_trajectory,9,0,0,1,13,-7668,0,413,415,native
ebde781a11596519c7a452de26bae83348e3cb54-dirty,1,1,1,1,4,76,heuristic_trajectory,17,0,0,1,1,-903,0,773,775,native
ebde781a11596519c7a452de26bae83348e3cb54-dirty,1,1,1,1,4,676,high_stack_holes,34,0,1,0,16,-10506,0,1062,1064,native
ebde781a11596519c7a452de26bae83348e3cb54-dirty,1,1,1,1,4,376,random_trajectory,17,0,1,0,16,-11214,0,399,401,native
ebde781a11596519c7a452de26bae83348e3cb54-dirty,1,1,1,1,4,77,heuristic_trajectory,9,0,0,0,3,-1602,0,413,415,native
ebde781a11596519c7a452de26bae83348e3cb54-dirty,1,1,1,1,4,677,high_stack_holes,17,0,1,7,16,-9158,0,467,469,native
ebde781a11596519c7a452de26bae83348e3cb54-dirty,1,1,1,1,4,377,random_trajectory,34,0,0,0,0,-582,0,1538,1540,native
ebde781a11596519c7a452de26bae83348e3cb54-dirty,1,1,1,1,4,78,heuristic_trajectory,17,0,0,1,5,-2184,0,773,775,native
ebde781a11596519c7a452de26bae83348e3cb54-dirty,1,1,1,1,4,678,high_stack_holes,34,0,3,8,17,-8610,0,1198,1200,native
ebde781a11596519c7a452de26bae83348e3cb54-dirty,1,1,1,1,4,378,random_trajectory,34,0,1,8,11,-12174,0,484,486,native
ebde781a11596519c7a452de26bae83348e3cb54-dirty,1,1,1,1,4,79,heuristic_trajectory,9,0,0,2,4,-2388,0,413,415,native
ebde781a11596519c7a452de26bae83348e3cb54-dirty,1,1,1,1,4,679,high_stack_holes,9,0,0,1,15,-11034,0,311,313,native
ebde781a11596519c7a452de26bae83348e3cb54-dirty,1,1,1,1,4,379,random_trajectory,34,0,0,1,18,-11232,0,722,724,native
ebde781a11596519c7a452de26bae83348e3cb54-dirty,1,1,1,1,4,80,heuristic_trajectory,17,0,0,3,3,-2097,0,773,775,native
ebde781a11596519c7a452de26bae83348e3cb54-dirty,1,1,1,1,4,680,high_stack_holes,17,0,0,0,7,-4650,0,773,775,native
ebde781a11596519c7a452de26bae83348e3cb54-dirty,1,1,1,1,4,380,random_trajectory,9,0,0,1,13,-7668,0,413,415,native
ebde781a11596519c7a452de26bae83348e3cb54-dirty,1,1,1,1,4,81,heuristic_trajectory,17,0,0,1,1,-903,0,773,775,native
ebde781a11596519c7a452de26bae83348e3cb54-dirty,1,1,1,1,4,681,high_stack_holes,17,0,1,8,15,-8502,0,637,639,native
ebde781a11596519c7a452de26bae83348e3cb54-dirty,1,1,1,1,4,381,random_trajectory,17,0,1,0,0,-11901,0,229,231,native
ebde781a11596519c7a452de26bae83348e3cb54-dirty,1,1,1,1,4,82,heuristic_trajectory,9,0,0,0,3,-1515,0,413,415,native
ebde781a11596519c7a452de26bae83348e3cb54-dirty,1,1,1,1,4,682,high_stack_holes,9,0,0,8,6,-10752,0,209,211,native
ebde781a11596519c7a452de26bae83348e3cb54-dirty,1,1,1,1,4,382,random_trajectory,9,0,0,0,0,0,1,107,109,native
ebde781a11596519c7a452de26bae83348e3cb54-dirty,1,1,1,1,4,83,heuristic_trajectory,17,0,1,8,2,-1832,0,773,775,native
ebde781a11596519c7a452de26bae83348e3cb54-dirty,1,1,1,1,4,683,high_stack_holes,34,0,0,1,16,-10241,0,1538,1540,native
ebde781a11596519c7a452de26bae83348e3cb54-dirty,1,1,1,1,4,383,random_trajectory,34,0,0,0,16,-9468,0,1538,1540,native
ebde781a11596519c7a452de26bae83348e3cb54-dirty,1,1,1,1,4,84,heuristic_trajectory,34,0,0,2,4,-1806,0,1538,1540,native
ebde781a11596519c7a452de26bae83348e3cb54-dirty,1,1,1,1,4,684,high_stack_holes,17,0,1,1,15,-8538,0,739,741,native
ebde781a11596519c7a452de26bae83348e3cb54-dirty,1,1,1,1,4,384,random_trajectory,34,0,0,1,18,-11232,0,722,724,native
ebde781a11596519c7a452de26bae83348e3cb54-dirty,1,1,1,1,4,85,heuristic_trajectory,34,0,1,0,3,-1893,0,1538,1540,native
ebde781a11596519c7a452de26bae83348e3cb54-dirty,1,1,1,1,4,685,high_stack_holes,34,0,1,5,17,-12297,0,416,418,native
ebde781a11596519c7a452de26bae83348e3cb54-dirty,1,1,1,1,4,385,random_trajectory,34,0,0,1,18,-11232,0,722,724,native
ebde781a11596519c7a452de26bae83348e3cb54-dirty,1,1,1,1,4,86,heuristic_trajectory,9,0,0,0,3,-1893,0,413,415,native
ebde781a11596519c7a452de26bae83348e3cb54-dirty,1,1,1,1,4,686,high_stack_holes,17,0,1,1,3,-2064,0,773,775,native
ebde781a11596519c7a452de26bae83348e3cb54-dirty,1,1,1,1,4,386,random_trajectory,9,0,0,8,14,-10661,0,141,143,native
ebde781a11596519c7a452de26bae83348e3cb54-dirty,1,1,1,1,4,87,heuristic_trajectory,34,0,0,6,2,-918,0,1538,1540,native
ebde781a11596519c7a452de26bae83348e3cb54-dirty,1,1,1,1,4,687,high_stack_holes,17,0,1,7,17,-9744,0,433,435,native
ebde781a11596519c7a452de26bae83348e3cb54-dirty,1,1,1,1,4,387,random_trajectory,34,0,3,2,16,-10632,0,892,894,native
ebde781a11596519c7a452de26bae83348e3cb54-dirty,1,1,1,1,4,88,heuristic_trajectory,17,0,1,0,1,-816,0,773,775,native
ebde781a11596519c7a452de26bae83348e3cb54-dirty,1,1,1,1,4,688,high_stack_holes,34,0,1,2,16,-11280,0,994,996,native
ebde781a11596519c7a452de26bae83348e3cb54-dirty,1,1,1,1,4,388,random_trajectory,34,0,0,0,16,-10050,0,1198,1200,native
ebde781a11596519c7a452de26bae83348e3cb54-dirty,1,1,1,1,4,89,heuristic_trajectory,17,0,0,6,3,-2097,0,773,775,native
ebde781a11596519c7a452de26bae83348e3cb54-dirty,1,1,1,1,4,689,high_stack_holes,17,0,1,2,6,-3333,0,773,775,native
ebde781a11596519c7a452de26bae83348e3cb54-dirty,1,1,1,1,4,389,random_trajectory,17,0,0,4,16,-9759,0,739,741,native
ebde781a11596519c7a452de26bae83348e3cb54-dirty,1,1,1,1,4,90,heuristic_trajectory,17,0,0,1,2,-918,0,773,775,native
ebde781a11596519c7a452de26bae83348e3cb54-dirty,1,1,1,1,4,690,high_stack_holes,17,0,1,6,15,-9198,0,365,367,native
ebde781a11596519c7a452de26bae83348e3cb54-dirty,1,1,1,1,4,390,random_trajectory,34,0,1,0,17,-11883,0,484,486,native
ebde781a11596519c7a452de26bae83348e3cb54-dirty,1,1,1,1,4,91,heuristic_trajectory,9,0,0,2,9,-3423,0,413,415,native
ebde781a11596519c7a452de26bae83348e3cb54-dirty,1,1,1,1,4,691,high_stack_holes,34,0,3,0,1,-9939,0,620,622,native
ebde781a11596519c7a452de26bae83348e3cb54-dirty,1,1,1,1,4,391,random_trajectory,34,0,0,0,0,-204,0,1538,1540,native
ebde781a11596519c7a452de26bae83348e3cb54-dirty,1,1,1,1,4,92,heuristic_trajectory,9,0,0,2,2,-1122,0,413,415,native
ebde781a11596519c7a452de26bae83348e3cb54-dirty,1,1,1,1,4,692,high_stack_holes,34,0,0,0,0,0,1,382,384,native
ebde781a11596519c7a452de26bae83348e3cb54-dirty,1,1,1,1,4,392,random_trajectory,34,0,0,3,14,-7290,0,1538,1540,native
ebde781a11596519c7a452de26bae83348e3cb54-dirty,1,1,1,1,4,93,heuristic_trajectory,9,0,0,2,6,-3102,0,413,415,native
ebde781a11596519c7a452de26bae83348e3cb54-dirty,1,1,1,1,4,693,high_stack_holes,34,0,1,1,16,-9330,0,926,928,native
ebde781a11596519c7a452de26bae83348e3cb54-dirty,1,1,1,1,4,393,random_trajectory,34,0,3,2,11,-6912,0,1538,1540,native
ebde781a11596519c7a452de26bae83348e3cb54-dirty,1,1,1,1,4,94,heuristic_trajectory,34,0,1,5,1,-1704,0,1538,1540,native
ebde781a11596519c7a452de26bae83348e3cb54-dirty,1,1,1,1,4,694,high_stack_holes,17,0,1,5,7,-8616,0,773,775,native
ebde781a11596519c7a452de26bae83348e3cb54-dirty,1,1,1,1,4,394,random_trajectory,17,0,1,0,0,-11901,0,229,231,native
ebde781a11596519c7a452de26bae83348e3cb54-dirty,1,1,1,1,4,95,heuristic_trajectory,34,0,0,0,4,-1224,0,1538,1540,native
ebde781a11596519c7a452de26bae83348e3cb54-dirty,1,1,1,1,4,695,high_stack_holes,34,0,1,0,7,-3791,0,1538,1540,native
ebde781a11596519c7a452de26bae83348e3cb54-dirty,1,1,1,1,4,395,random_trajectory,34,0,1,8,11,-12174,0,484,486,native
ebde781a11596519c7a452de26bae83348e3cb54-dirty,1,1,1,1,4,96,heuristic_trajectory,17,0,0,6,5,-3684,0,773,775,native
ebde781a11596519c7a452de26bae83348e3cb54-dirty,1,1,1,1,4,696,high_stack_holes,9,0,0,1,12,-9009,0,209,211,native
ebde781a11596519c7a452de26bae83348e3cb54-dirty,1,1,1,1,4,396,random_trajectory,17,0,1,0,16,-11214,0,399,401,native
ebde781a11596519c7a452de26bae83348e3cb54-dirty,1,1,1,1,4,97,heuristic_trajectory,34,0,1,0,2,-2021,0,1538,1540,native
ebde781a11596519c7a452de26bae83348e3cb54-dirty,1,1,1,1,4,697,high_stack_holes,17,0,1,2,5,-8163,0,535,537,native
ebde781a11596519c7a452de26bae83348e3cb54-dirty,1,1,1,1,4,397,random_trajectory,34,0,1,0,17,-11883,0,484,486,native
ebde781a11596519c7a452de26bae83348e3cb54-dirty,1,1,1,1,4,98,heuristic_trajectory,34,0,3,8,5,-3302,0,1538,1540,native
ebde781a11596519c7a452de26bae83348e3cb54-dirty,1,1,1,1,4,698,high_stack_holes,17,0,0,3,8,-4911,0,773,775,native
ebde781a11596519c7a452de26bae83348e3cb54-dirty,1,1,1,1,4,398,random_trajectory,17,0,0,2,11,-4299,0,773,775,native
ebde781a11596519c7a452de26bae83348e3cb54-dirty,1,1,1,1,4,99,heuristic_trajectory,34,0,3,8,5,-3302,0,1538,1540,native
ebde781a11596519c7a452de26bae83348e3cb54-dirty,1,1,1,1,4,699,high_stack_holes,17,0,1,0,17,-9903,0,467,469,native
ebde781a11596519c7a452de26bae83348e3cb54-dirty,1,1,1,1,4,399,random_trajectory,9,0,0,3,17,-11010,0,209,211,native
ebde781a11596519c7a452de26bae83348e3cb54-dirty,1,1,1,1,4,100,heuristic_trajectory,17,0,0,1,2,-1908,0,773,775,native
ebde781a11596519c7a452de26bae83348e3cb54-dirty,1,1,1,1,4,700,high_stack_holes,34,0,1,0,16,-10470,0,824,826,native
ebde781a11596519c7a452de26bae83348e3cb54-dirty,1,1,1,1,4,400,random_trajectory,34,0,0,0,14,-9471,0,1538,1540,native
ebde781a11596519c7a452de26bae83348e3cb54-dirty,1,1,1,1,4,101,heuristic_trajectory,17,0,0,4,3,-2199,0,773,775,native
ebde781a11596519c7a452de26bae83348e3cb54-dirty,1,1,1,1,4,701,high_stack_holes,34,0,2,3,14,-8051,0,1538,1540,native
ebde781a11596519c7a452de26bae83348e3cb54-dirty,1,1,1,1,4,401,random_trajectory,34,0,0,0,3,-1833,0,1538,1540,native
ebde781a11596519c7a452de26bae83348e3cb54-dirty,1,1,1,1,4,102,heuristic_trajectory,17,0,0,4,3,-2214,0,773,775,native
ebde781a11596519c7a452de26bae83348e3cb54-dirty,1,1,1,1,4,702,high_stack_holes,9,0,0,0,14,-9366,0,311,313,native
ebde781a11596519c7a452de26bae83348e3cb54-dirty,1,1,1,1,4,402,random_trajectory,34,0,0,0,3,-1077,0,1538,1540,native
ebde781a11596519c7a452de26bae83348e3cb54-dirty,1,1,1,1,4,103,heuristic_trajectory,34,0,0,7,1,-714,0,1538,1540,native
ebde781a11596519c7a452de26bae83348e3cb54-dirty,1,1,1,1,4,703,high_stack_holes,17,0,1,0,17,-11223,0,365,367,native
ebde781a11596519c7a452de26bae83348e3cb54-dirty,1,1,1,1,4,403,random_trajectory,9,0,0,1,1,-408,0,413,415,native
ebde781a11596519c7a452de26bae83348e3cb54-dirty,1,1,1,1,4,104,heuristic_trajectory,34,0,0,7,1,-536,0,1538,1540,native
ebde781a11596519c7a452de26bae83348e3cb54-dirty,1,1,1,1,4,704,high_stack_holes,17,0,0,0,0,-291,0,773,775,native
ebde781a11596519c7a452de26bae83348e3cb54-dirty,1,1,1,1,4,404,random_trajectory,34,0,0,0,3,-1833,0,1538,1540,native
ebde781a11596519c7a452de26bae83348e3cb54-dirty,1,1,1,1,4,105,heuristic_trajectory,9,0,0,3,7,-3801,0,413,415,native
ebde781a11596519c7a452de26bae83348e3cb54-dirty,1,1,1,1,4,705,high_stack_holes,9,0,0,3,14,-9621,0,311,313,native
ebde781a11596519c7a452de26bae83348e3cb54-dirty,1,1,1,1,4,405,random_trajectory,17,0,1,0,14,-10227,0,671,673,native
ebde781a11596519c7a452de26bae83348e3cb54-dirty,1,1,1,1,4,106,heuristic_trajectory,34,0,1,6,3,-2592,0,1538,1540,native
ebde781a11596519c7a452de26bae83348e3cb54-dirty,1,1,1,1,4,706,high_stack_holes,17,0,1,2,17,-11436,0,297,299,native
ebde781a11596519c7a452de26bae83348e3cb54-dirty,1,1,1,1,4,406,random_trajectory,34,0,0,0,14,-9471,0,1538,1540,native
ebde781a11596519c7a452de26bae83348e3cb54-dirty,1,1,1,1,4,107,heuristic_trajectory,34,0,3,6,4,-2199,0,1538,1540,native
ebde781a11596519c7a452de26bae83348e3cb54-dirty,1,1,1,1,4,707,high_stack_holes,34,0,0,0,5,-3540,0,1538,1540,native
ebde781a11596519c7a452de26bae83348e3cb54-dirty,1,1,1,1,4,407,random_trajectory,17,0,1,0,14,-10227,0,671,673,native
ebde781a11596519c7a452de26bae83348e3cb54-dirty,1,1,1,1,4,108,heuristic_trajectory,34,0,1,0,7,-3480,0,1538,1540,native
ebde781a11596519c7a452de26bae83348e3cb54-dirty,1,1,1,1,4,708,high_stack_holes,34,0,3,3,12,-7611,0,1266,1268,native
ebde781a11596519c7a452de26bae83348e3cb54-dirty,1,1,1,1,4,408,random_trajectory,34,0,1,4,14,-5031,0,1538,1540,native
ebde781a11596519c7a452de26bae83348e3cb54-dirty,1,1,1,1,4,109,heuristic_trajectory,17,0,1,8,0,-128,0,773,775,native
ebde781a11596519c7a452de26bae83348e3cb54-dirty,1,1,1,1,4,709,high_stack_holes,9,0,0,2,18,-11007,0,311,313,native
ebde781a11596519c7a452de26bae83348e3cb54-dirty,1,1,1,1,4,409,random_trajectory,34,0,0,0,14,-11505,0,1266,1268,native
ebde781a11596519c7a452de26bae83348e3cb54-dirty,1,1,1,1,4,110,heuristic_trajectory,34,0,0,0,2,-1194,0,1538,1540,native
ebde781a11596519c7a452de26bae83348e3cb54-dirty,1,1,1,1,4,710,high_stack_holes,17,0,1,8,13,-8436,0,773,775,native
ebde781a11596519c7a452de26bae83348e3cb54-dirty,1,1,1,1,4,410,random_trajectory,34,0,0,0,14,-6888,0,1538,1540,native
ebde781a11596519c7a452de26bae83348e3cb54-dirty,1,1,1,1,4,111,heuristic_trajectory,34,0,3,8,5,-3098,0,1538,1540,native
ebde781a11596519c7a452de26bae83348e3cb54-dirty,1,1,1,1,4,711,high_stack_holes,17,0,1,3,0,-7106,0,603,605,native
ebde781a11596519c7a452de26bae83348e3cb54-dirty,1,1,1,1,4,411,random_trajectory,34,0,0,0,14,-9471,0,1538,1540,native
ebde781a11596519c7a452de26bae83348e3cb54-dirty,1,1,1,1,4,112,heuristic_trajectory,34,0,0,3,9,-4704,0,1538,1540,native
ebde781a11596519c7a452de26bae83348e3cb54-dirty,1,1,1,1,4,712,high_stack_holes,17,0,1,0,17,-12093,0,501,503,native
ebde781a11596519c7a452de26bae83348e3cb54-dirty,1,1,1,1,4,412,random_trajectory,34,0,0,0,3,-1833,0,1538,1540,native
ebde781a11596519c7a452de26bae83348e3cb54-dirty,1,1,1,1,4,113,heuristic_trajectory,34,0,0,0,2,-1704,0,1538,1540,native
ebde781a11596519c7a452de26bae83348e3cb54-dirty,1,1,1,1,4,713,high_stack_holes,34,0,1,2,7,-10872,0,688,690,native
ebde781a11596519c7a452de26bae83348e3cb54-dirty,1,1,1,1,4,413,random_trajectory,17,0,0,0,0,0,1,195,197,native
ebde781a11596519c7a452de26bae83348e3cb54-dirty,1,1,1,1,4,114,heuristic_trajectory,34,0,2,7,2,-1832,0,1538,1540,native
ebde781a11596519c7a452de26bae83348e3cb54-dirty,1,1,1,1,4,714,high_stack_holes,34,0,1,3,15,-9450,0,824,826,native
ebde781a11596519c7a452de26bae83348e3cb54-dirty,1,1,1,1,4,414,random_trajectory,17,0,1,0,14,-10227,0,671,673,native
ebde781a11596519c7a452de26bae83348e3cb54-dirty,1,1,1,1,4,115,heuristic_trajectory,17,0,1,0,1,-1515,0,773,775,native
ebde781a11596519c7a452de26bae83348e3cb54-dirty,1,1,1,1,4,715,high_stack_holes,17,0,1,1,6,-11253,0,603,605,native
ebde781a11596519c7a452de26bae83348e3cb54-dirty,1,1,1,1,4,415,random_trajectory,17,0,1,0,14,-10227,0,671,673,native
ebde781a11596519c7a452de26bae83348e3cb54-dirty,1,1,1,1,4,116,heuristic_trajectory,34,0,1,0,4,-3699,0,1538,1540,native
ebde781a11596519c7a452de26bae83348e3cb54-dirty,1,1,1,1,4,716,high_stack_holes,34,0,0,5,14,-8838,0,1538,1540,native
ebde781a11596519c7a452de26bae83348e3cb54-dirty,1,1,1,1,4,416,random_trajectory,9,0,0,0,3,-4536,0,413,415,native
ebde781a11596519c7a452de26bae83348e3cb54-dirty,1,1,1,1,4,117,heuristic_trajectory,17,0,1,7,6,-3408,0,773,775,native
ebde781a11596519c7a452de26bae83348e3cb54-dirty,1,1,1,1,4,717,high_stack_holes,17,0,0,6,15,-8712,0,399,401,native
ebde781a11596519c7a452de26bae83348e3cb54-dirty,1,1,1,1,4,417,random_trajectory,34,0,1,4,14,-5031,0,1538,1540,native
ebde781a11596519c7a452de26bae83348e3cb54-dirty,1,1,1,1,4,118,heuristic_trajectory,17,0,0,0,9,-4209,0,773,775,native
ebde781a11596519c7a452de26bae83348e3cb54-dirty,1,1,1,1,4,718,high_stack_holes,17,0,1,3,16,-12999,0,467,469,native
ebde781a11596519c7a452de26bae83348e3cb54-dirty,1,1,1,1,4,418,random_trajectory,17,0,1,6,8,-4740,0,773,775,native
ebde781a11596519c7a452de26bae83348e3cb54-dirty,1,1,1,1,4,119,heuristic_trajectory,9,0,0,1,1,-714,0,413,415,native
ebde781a11596519c7a452de26bae83348e3cb54-dirty,1,1,1,1,4,719,high_stack_holes,34,0,1,1,14,-9825,0,1538,1540,native
ebde781a11596519c7a452de26bae83348e3cb54-dirty,1,1,1,1,4,419,random_trajectory,9,0,0,1,1,-408,0,413,415,native
ebde781a11596519c7a452de26bae83348e3cb54-dirty,1,1,1,1,4,120,heuristic_trajectory,17,0,1,4,7,-3873,0,773,775,native
ebde781a11596519c7a452de26bae83348e3cb54-dirty,1,1,1,1,4,720,high_stack_holes,17,0,1,6,14,-9444,0,331,333,native
ebde781a11596519c7a452de26bae83348e3cb54-dirty,1,1,1,1,4,420,random_trajectory,9,0,0,1,1,-408,0,413,415,native
ebde781a11596519c7a452de26bae83348e3cb54-dirty,1,1,1,1,4,121,heuristic_trajectory,34,0,1,8,2,-2036,0,1538,1540,native
ebde781a11596519c7a452de26bae83348e3cb54-dirty,1,1,1,1,4,721,high_stack_holes,17,0,0,0,0,0,1,195,197,native
ebde781a11596519c7a452de26bae83348e3cb54-dirty,1,1,1,1,4,421,random_trajectory,34,0,0,0,3,-1833,0,1538,1540,native
ebde781a11596519c7a452de26bae83348e3cb54-dirty,1,1,1,1,4,122,heuristic_trajectory,34,0,3,8,2,-1220,0,1538,1540,native
ebde781a11596519c7a452de26bae83348e3cb54-dirty,1,1,1,1,4,722,high_stack_holes,34,0,0,2,0,-306,0,1538,1540,native
ebde781a11596519c7a452de26bae83348e3cb54-dirty,1,1,1,1,4,422,random_trajectory,17,0,0,0,3,-1629,0,773,775,native
ebde781a11596519c7a452de26bae83348e3cb54-dirty,1,1,1,1,4,123,heuristic_trajectory,34,0,0,3,4,-2112,0,1538,1540,native
ebde781a11596519c7a452de26bae83348e3cb54-dirty,1,1,1,1,4,723,high_stack_holes,17,0,1,0,11,-9330,0,399,401,native
ebde781a11596519c7a452de26bae83348e3cb54-dirty,1,1,1,1,4,423,random_trajectory,34,0,0,0,3,-1077,0,1538,1540,native
ebde781a11596519c7a452de26bae83348e3cb54-dirty,1,1,1,1,4,124,heuristic_trajectory,17,0,0,6,0,-332,0,773,775,native
ebde781a11596519c7a452de26bae83348e3cb54-dirty,1,1,1,1,4,724,high_stack_holes,34,0,1,3,17,-12234,0,892,894,native
ebde781a11596519c7a452de26bae83348e3cb54-dirty,1,1,1,1,4,424,random_trajectory,17,0,0,0,14,-12465,0,297,299,native
ebde781a11596519c7a452de26bae83348e3cb54-dirty,1,1,1,1,4,125,heuristic_trajectory,34,0,1,0,3,-2429,0,1538,1540,native
ebde781a11596519c7a452de26bae83348e3cb54-dirty,1,1,1,1,4,725,high_stack_holes,34,0,0,3,7,-4173,0,1538,1540,native
ebde781a11596519c7a452de26bae83348e3cb54-dirty,1,1,1,1,4,425,random_trajectory,17,0,1,6,8,-4740,0,773,775,native
ebde781a11596519c7a452de26bae83348e3cb54-dirty,1,1,1,1,4,126,heuristic_trajectory,17,0,0,0,0,-612,0,773,775,native
ebde781a11596519c7a452de26bae83348e3cb54-dirty,1,1,1,1,4,726,high_stack_holes,17,0,1,6,11,-8546,0,467,469,native
ebde781a11596519c7a452de26bae83348e3cb54-dirty,1,1,1,1,4,426,random_trajectory,17,0,1,4,14,-9762,0,773,775,native
ebde781a11596519c7a452de26bae83348e3cb54-dirty,1,1,1,1,4,127,heuristic_trajectory,17,0,0,6,5,-3011,0,773,775,native
ebde781a11596519c7a452de26bae83348e3cb54-dirty,1,1,1,1,4,727,high_stack_holes,17,0,1,1,12,-11148,0,467,469,native
ebde781a11596519c7a452de26bae83348e3cb54-dirty,1,1,1,1,4,427,random_trajectory,9,0,0,0,14,-11796,0,311,313,native
ebde781a11596519c7a452de26bae83348e3cb54-dirty,1,1,1,1,4,128,heuristic_trajectory,34,0,0,0,1,-918,0,1538,1540,native
ebde781a11596519c7a452de26bae83348e3cb54-dirty,1,1,1,1,4,728,high_stack_holes,17,0,1,8,10,-6825,0,773,775,native
ebde781a11596519c7a452de26bae83348e3cb54-dirty,1,1,1,1,4,428,random_trajectory,34,0,1,1,3,-3576,0,1538,1540,native
ebde781a11596519c7a452de26bae83348e3cb54-dirty,1,1,1,1,4,129,heuristic_trajectory,34,0,0,4,7,-3786,0,1538,1540,native
ebde781a11596519c7a452de26bae83348e3cb54-dirty,1,1,1,1,4,729,high_stack_holes,34,0,1,0,15,-8388,0,1164,1166,native
ebde781a11596519c7a452de26bae83348e3cb54-dirty,1,1,1,1,4,429,random_trajectory,17,0,1,4,4,-2298,0,773,775,native
ebde781a11596519c7a452de26bae83348e3cb54-dirty,1,1,1,1,4,130,heuristic_trajectory,17,0,0,2,6,-2928,0,773,775,native
ebde781a11596519c7a452de26bae83348e3cb54-dirty,1,1,1,1,4,730,high_stack_holes,17,0,1,1,15,-11796,0,535,537,native
ebde781a11596519c7a452de26bae83348e3cb54-dirty,1,1,1,1,4,430,random_trajectory,34,0,0,0,3,-1077,0,1538,1540,native
ebde781a11596519c7a452de26bae83348e3cb54-dirty,1,1,1,1,4,131,heuristic_trajectory,17,0,1,6,0,-918,0,773,775,native
ebde781a11596519c7a452de26bae83348e3cb54-dirty,1,1,1,1,4,731,high_stack_holes,17,0,1,8,12,-6764,0,773,775,native
ebde781a11596519c7a452de26bae83348e3cb54-dirty,1,1,1,1,4,431,random_trajectory,17,0,1,0,16,-13134,0,263,265,native
ebde781a11596519c7a452de26bae83348e3cb54-dirty,1,1,1,1,4,132,heuristic_trajectory,34,0,0,1,6,-3495,0,1538,1540,native
ebde781a11596519c7a452de26bae83348e3cb54-dirty,1,1,1,1,4,732,high_stack_holes,34,0,1,6,15,-8073,0,1164,1166,native
ebde781a11596519c7a452de26bae83348e3cb54-dirty,1,1,1,1,4,432,random_trajectory,34,0,0,0,14,-6888,0,1538,1540,native
ebde781a11596519c7a452de26bae83348e3cb54-dirty,1,1,1,1,4,133,heuristic_trajectory,34,0,0,2,3,-2010,0,1538,1540,native
ebde781a11596519c7a452de26bae83348e3cb54-dirty,1,1,1,1,4,733,high_stack_holes,9,0,0,7,10,-11403,0,277,279,native
ebde781a11596519c7a452de26bae83348e3cb54-dirty,1,1,1,1,4,433,random_trajectory,17,0,0,0,0,0,1,195,197,native
ebde781a11596519c7a452de26bae83348e3cb54-dirty,1,1,1,1,4,134,heuristic_trajectory,17,0,1,0,1,-714,0,773,775,native
ebde781a11596519c7a452de26bae83348e3cb54-dirty,1,1,1,1,4,734,high_stack_holes,17,0,1,5,8,-6378,0,773,775,native
ebde781a11596519c7a452de26bae83348e3cb54-dirty,1,1,1,1,4,434,random_trajectory,34,0,0,0,14,-11505,0,1266,1268,native
ebde781a11596519c7a452de26bae83348e3cb54-dirty,1,1,1,1,4,135,heuristic_trajectory,17,0,1,7,0,-714,0,773,775,native
ebde781a11596519c7a452de26bae83348e3cb54-dirty,1,1,1,1,4,735,high_stack_holes,17,0,1,1,16,-9453,0,501,503,native
ebde781a11596519c7a452de26bae83348e3cb54-dirty,1,1,1,1,4,435,random_trajectory,9,0,0,1,1,-408,0,413,415,native
ebde781a11596519c7a452de26bae83348e3cb54-dirty,1,1,1,1,4,136,heuristic_trajectory,17,0,1,0,1,-1383,0,773,775,native
ebde781a11596519c7a452de26bae83348e3cb54-dirty,1,1,1,1,4,736,high_stack_holes,34,0,1,0,17,-9543,0,1266,1268,native
ebde781a11596519c7a452de26bae83348e3cb54-dirty,1,1,1,1,4,436,random_trajectory,34,0,0,0,3,-1077,0,1538,1540,native
ebde781a11596519c7a452de26bae83348e3cb54-dirty,1,1,1,1,4,137,heuristic_trajectory,34,0,1,2,2,-1791,0,1538,1540,native
ebde781a11596519c7a452de26bae83348e3cb54-dirty,1,1,1,1,4,737,high_stack_holes,34,0,0,7,15,-11850,0,1436,1438,native
ebde781a11596519c7a452de26bae83348e3cb54-dirty,1,1,1,1,4,437,random_trajectory,34,0,0,0,14,-12087,0,824,826,native
ebde781a11596519c7a452de26bae83348e3cb54-dirty,1,1,1,1,4,138,heuristic_trajectory,34,0,2,7,7,-4205,0,1538,1540,native
ebde781a11596519c7a452de26bae83348e3cb54-dirty,1,1,1,1,4,738,high_stack_holes,34,0,1,8,14,-8601,0,1334,1336,native
ebde781a11596519c7a452de26bae83348e3cb54-dirty,1,1,1,1,4,438,random_trajectory,34,0,1,0,17,-12756,0,654,656,native
ebde781a11596519c7a452de26bae83348e3cb54-dirty,1,1,1,1,4,139,heuristic_trajectory,34,0,1,8,0,-521,0,1538,1540,native
ebde781a11596519c7a452de26bae83348e3cb54-dirty,1,1,1,1,4,739,high_stack_holes,17,0,0,0,0,0,1,195,197,native
ebde781a11596519c7a452de26bae83348e3cb54-dirty,1,1,1,1,4,439,random_trajectory,17,0,0,0,14,-12465,0,297,299,native
ebde781a11596519c7a452de26bae83348e3cb54-dirty,1,1,1,1,4,140,heuristic_trajectory,34,0,3,8,5,-3098,0,1538,1540,native
ebde781a11596519c7a452de26bae83348e3cb54-dirty,1,1,1,1,4,740,high_stack_holes,34,0,1,2,16,-11670,0,1300,1302,native
ebde781a11596519c7a452de26bae83348e3cb54-dirty,1,1,1,1,4,440,random_trajectory,34,0,0,0,3,-1833,0,1538,1540,native
ebde781a11596519c7a452de26bae83348e3cb54-dirty,1,1,1,1,4,141,heuristic_trajectory,17,0,1,0,4,-1500,0,773,775,native
ebde781a11596519c7a452de26bae83348e3cb54-dirty,1,1,1,1,4,741,high_stack_holes,34,0,1,7,16,-9141,0,1300,1302,native
ebde781a11596519c7a452de26bae83348e3cb54-dirty,1,1,1,1,4,441,random_trajectory,17,0,1,8,1,-7353,0,773,775,native
ebde781a11596519c7a452de26bae83348e3cb54-dirty,1,1,1,1,4,142,heuristic_trajectory,17,0,1,1,8,-4107,0,773,775,native
ebde781a11596519c7a452de26bae83348e3cb54-dirty,1,1,1,1,4,742,high_stack_holes,17,0,1,1,15,-12453,0,297,299,native
ebde781a11596519c7a452de26bae83348e3cb54-dirty,1,1,1,1,4,442,random_trajectory,34,0,0,0,14,-11505,0,1266,1268,native
ebde781a11596519c7a452de26bae83348e3cb54-dirty,1,1,1,1,4,143,heuristic_trajectory,17,0,0,6,5,-2607,0,773,775,native
ebde781a11596519c7a452de26bae83348e3cb54-dirty,1,1,1,1,4,743,high_stack_holes,34,0,0,1,10,-6225,0,1538,1540,native
ebde781a11596519c7a452de26bae83348e3cb54-dirty,1,1,1,1,4,443,random_trajectory,34,0,0,0,3,-1077,0,1538,1540,native
ebde781a11596519c7a452de26bae83348e3cb54-dirty,1,1,1,1,4,144,heuristic_trajectory,34,0,1,2,1,-1908,0,1538,1540,native
ebde781a11596519c7a452de26bae83348e3cb54-dirty,1,1,1,1,4,744,high_stack_holes,17,0,1,1,12,-8127,0,705,707,native
ebde781a11596519c7a452de26bae83348e3cb54-dirty,1,1,1,1,4,444,random_trajectory,34,0,0,0,3,-1833,0,1538,1540,native
ebde781a11596519c7a452de26bae83348e3cb54-dirty,1,1,1,1,4,145,heuristic_trajectory,17,0,0,0,0,-612,0,773,775,native
ebde781a11596519c7a452de26bae83348e3cb54-dirty,1,1,1,1,4,745,high_stack_holes,9,0,0,3,18,-10098,0,379,381,native
ebde781a11596519c7a452de26bae83348e3cb54-dirty,1,1,1,1,4,445,random_trajectory,9,0,0,0,14,-11301,0,413,415,native
ebde781a11596519c7a452de26bae83348e3cb54-dirty,1,1,1,1,4,146,heuristic_trajectory,34,0,1,3,7,-3597,0,1538,1540,native
ebde781a11596519c7a452de26bae83348e3cb54-dirty,1,1,1,1,4,746,high_stack_holes,34,0,1,0,16,-11919,0,1096,1098,native
ebde781a11596519c7a452de26bae83348e3cb54-dirty,1,1,1,1,4,446,random_trajectory,34,0,0,0,14,-6888,0,1538,1540,native
ebde781a11596519c7a452de26bae83348e3cb54-dirty,1,1,1,1,4,147,heuristic_trajectory,34,0,3,8,2,-1832,0,1538,1540,native
ebde781a11596519c7a452de26bae83348e3cb54-dirty,1,1,1,1,4,747,high_stack_holes,9,0,0,5,15,-8319,0,311,313,native
ebde781a11596519c7a452de26bae83348e3cb54-dirty,1,1,1,1,4,447,random_trajectory,34,0,1,1,3,-3576,0,1538,1540,native
ebde781a11596519c7a452de26bae83348e3cb54-dirty,1,1,1,1,4,148,heuristic_trajectory,34,0,1,0,3,-1704,0,1538,1540,native
ebde781a11596519c7a452de26bae83348e3cb54-dirty,1,1,1,1,4,748,high_stack_holes,17,0,1,4,16,-11445,0,467,469,native
ebde781a11596519c7a452de26bae83348e3cb54-dirty,1,1,1,1,4,448,random_trajectory,17,0,1,0,16,-13134,0,263,265,native
ebde781a11596519c7a452de26bae83348e3cb54-dirty,1,1,1,1,4,149,heuristic_trajectory,9,0,0,1,6,-3597,0,413,415,native
ebde781a11596519c7a452de26bae83348e3cb54-dirty,1,1,1,1,4,749,high_stack_holes,34,0,0,3,7,-4209,0,1538,1540,native
ebde781a11596519c7a452de26bae83348e3cb54-dirty,1,1,1,1,4,449,random_trajectory,9,0,0,0,14,-11796,0,311,313,native
ebde781a11596519c7a452de26bae83348e3cb54-dirty,1,1,1,1,4,150,heuristic_trajectory,34,0,0,7,5,-3113,0,1538,1540,native
ebde781a11596519c7a452de26bae83348e3cb54-dirty,1,1,1,1,4,750,high_stack_holes,17,0,0,5,13,-8085,0,773,775,native
ebde781a11596519c7a452de26bae83348e3cb54-dirty,1,1,1,1,4,450,random_trajectory,17,0,1,8,11,-11832,0,229,231,native
ebde781a11596519c7a452de26bae83348e3cb54-dirty,1,1,1,1,4,151,heuristic_trajectory,17,0,1,6,0,-918,0,773,775,native
ebde781a11596519c7a452de26bae83348e3cb54-dirty,1,1,1,1,4,751,high_stack_holes,34,0,1,5,17,-12504,0,756,758,native
ebde781a11596519c7a452de26bae83348e3cb54-dirty,1,1,1,1,4,451,random_trajectory,34,0,0,0,0,0,1,382,384,native
ebde781a11596519c7a452de26bae83348e3cb54-dirty,1,1,1,1,4,152,heuristic_trajectory,9,0,0,0,3,-1806,0,413,415,native
ebde781a11596519c7a452de26bae83348e3cb54-dirty,1,1,1,1,4,752,high_stack_holes,34,0,1,3,11,-8634,0,1538,1540,native
ebde781a11596519c7a452de26bae83348e3cb54-dirty,1,1,1,1,4,452,random_trajectory,9,0,0,2,18,-10290,0,277,279,native
ebde781a11596519c7a452de26bae83348e3cb54-dirty,1,1,1,1,4,153,heuristic_trajectory,34,0,1,2,1,-914,0,1538,1540,native
ebde781a11596519c7a452de26bae83348e3cb54-dirty,1,1,1,1,4,753,high_stack_holes,34,0,3,2,13,-8658,0,1198,1200,native
ebde781a11596519c7a452de26bae83348e3cb54-dirty,1,1,1,1,4,453,random_trajectory,17,0,1,0,0,-4710,0,773,775,native
ebde781a11596519c7a452de26bae83348e3cb54-dirty,1,1,1,1,4,154,heuristic_trajectory,34,0,0,3,1,-714,0,1538,1540,native
ebde781a11596519c7a452de26bae83348e3cb54-dirty,1,1,1,1,4,754,high_stack_holes,34,0,3,5,16,-12432,0,790,792,native
ebde781a11596519c7a452de26bae83348e3cb54-dirty,1,1,1,1,4,454,random_trajectory,17,0,0,0,0,-1251,0,773,775,native
ebde781a11596519c7a452de26bae83348e3cb54-dirty,1,1,1,1,4,155,heuristic_trajectory,17,0,0,5,7,-3914,0,773,775,native
ebde781a11596519c7a452de26bae83348e3cb54-dirty,1,1,1,1,4,755,high_stack_holes,17,0,1,0,10,-11067,0,705,707,native
ebde781a11596519c7a452de26bae83348e3cb54-dirty,1,1,1,1,4,455,random_trajectory,34,0,1,0,14,-10785,0,518,520,native
ebde781a11596519c7a452de26bae83348e3cb54-dirty,1,1,1,1,4,156,heuristic_trajectory,17,0,0,7,6,-4398,0,773,775,native
ebde781a11596519c7a452de26bae83348e3cb54-dirty,1,1,1,1,4,756,high_stack_holes,17,0,1,9,6,-8162,0,603,605,native
ebde781a11596519c7a452de26bae83348e3cb54-dirty,1,1,1,1,4,456,random_trajectory,17,0,1,0,7,-7761,0,501,503,native
ebde781a11596519c7a452de26bae83348e3cb54-dirty,1,1,1,1,4,157,heuristic_trajectory,34,0,1,3,5,-3132,0,1538,1540,native
ebde781a11596519c7a452de26bae83348e3cb54-dirty,1,1,1,1,4,757,high_stack_holes,17,0,0,0,17,-11361,0,603,605,native
ebde781a11596519c7a452de26bae83348e3cb54-dirty,1,1,1,1,4,457,random_trajectory,17,0,0,0,0,-1251,0,773,775,native
ebde781a11596519c7a452de26bae83348e3cb54-dirty,1,1,1,1,4,158,heuristic_trajectory,17,0,0,6,0,-434,0,773,775,native
ebde781a11596519c7a452de26bae83348e3cb54-dirty,1,1,1,1,4,758,high_stack_holes,34,0,0,2,2,-1644,0,1538,1540,native
ebde781a11596519c7a452de26bae83348e3cb54-dirty,1,1,1,1,4,458,random_trajectory,17,0,1,8,11,-11832,0,229,231,native
ebde781a11596519c7a452de26bae83348e3cb54-dirty,1,1,1,1,4,159,heuristic_trajectory,17,0,1,4,4,-1908,0,773,775,native
ebde781a11596519c7a452de26bae83348e3cb54-dirty,1,1,1,1,4,759,high_stack_holes,34,0,1,4,16,-10122,0,518,520,native
ebde781a11596519c7a452de26bae83348e3cb54-dirty,1,1,1,1,4,459,random_trajectory,17,0,1,0,0,-4710,0,773,775,native
ebde781a11596519c7a452de26bae83348e3cb54-dirty,1,1,1,1,4,160,heuristic_trajectory,17,0,0,4,0,-230,0,773,775,native
ebde781a11596519c7a452de26bae83348e3cb54-dirty,1,1,1,1,4,760,high_stack_holes,34,0,3,2,4,-10173,0,790,792,native
ebde781a11596519c7a452de26bae83348e3cb54-dirty,1,1,1,1,4,460,random_trajectory,17,0,1,1,15,-10989,0,297,299,native
ebde781a11596519c7a452de26bae83348e3cb54-dirty,1,1,1,1,4,161,heuristic_trajectory,34,0,0,0,0,-408,0,1538,1540,native
ebde781a11596519c7a452de26bae83348e3cb54-dirty,1,1,1,1,4,761,high_stack_holes,34,0,1,3,3,-2520,0,1538,1540,native
ebde781a11596519c7a452de26bae83348e3cb54-dirty,1,1,1,1,4,461,random_trajectory,17,0,1,0,7,-8052,0,467,469,native
ebde781a11596519c7a452de26bae83348e3cb54-dirty,1,1,1,1,4,162,heuristic_trajectory,17,0,1,2,7,-4092,0,773,775,native
ebde781a11596519c7a452de26bae83348e3cb54-dirty,1,1,1,1,4,762,high_stack_holes,17,0,1,8,16,-8415,0,501,503,native
ebde781a11596519c7a452de26bae83348e3cb54-dirty,1,1,1,1,4,462,random_trajectory,34,0,0,2,16,-9156,0,926,928,native
ebde781a11596519c7a452de26bae83348e3cb54-dirty,1,1,1,1,4,163,heuristic_trajectory,34,0,1,8,2,-2036,0,1538,1540,native
ebde781a11596519c7a452de26bae83348e3cb54-dirty,1,1,1,1,4,763,high_stack_holes,17,0,1,6,7,-10689,0,331,333,native
ebde781a11596519c7a452de26bae83348e3cb54-dirty,1,1,1,1,4,463,random_trajectory,34,0,0,0,0,-495,0,1538,1540,native
ebde781a11596519c7a452de26bae83348e3cb54-dirty,1,1,1,1,4,164,heuristic_trajectory,34,0,0,2,0,-510,0,1538,1540,native
ebde781a11596519c7a452de26bae83348e3cb54-dirty,1,1,1,1,4,764,high_stack_holes,17,0,0,6,1,-561,0,773,775,native
ebde781a11596519c7a452de26bae83348e3cb54-dirty,1,1,1,1,4,464,random_trajectory,9,0,0,8,14,-12123,0,141,143,native
ebde781a11596519c7a452de26bae83348e3cb54-dirty,1,1,1,1,4,165,heuristic_trajectory,17,0,0,4,6,-3786,0,773,775,native
ebde781a11596519c7a452de26bae83348e3cb54-dirty,1,1,1,1,4,765,high_stack_holes,17,0,1,0,14,-8229,0,637,639,native
ebde781a11596519c7a452de26bae83348e3cb54-dirty,1,1,1,1,4,465,random_trajectory,34,0,0,5,18,-7383,0,1300,1302,native
ebde781a11596519c7a452de26bae83348e3cb54-dirty,1,1,1,1,4,166,heuristic_trajectory,17,0,0,4,5,-3495,0,773,775,native
ebde781a11596519c7a452de26bae83348e3cb54-dirty,1,1,1,1,4,766,high_stack_holes,17,0,1,1,16,-12411,0,467,469,native
ebde781a11596519c7a452de26bae83348e3cb54-dirty,1,1,1,1,4,466,random_trajectory,34,0,0,0,0,-3780,0,1538,1540,native
ebde781a11596519c7a452de26bae83348e3cb54-dirty,1,1,1,1,4,167,heuristic_trajectory,17,0,0,4,5,-3495,0,773,775,native
ebde781a11596519c7a452de26bae83348e3cb54-dirty,1,1,1,1,4,767,high_stack_holes,34,0,1,5,10,-6023,0,1538,1540,native
ebde781a11596519c7a452de26bae83348e3cb54-dirty,1,1,1,1,4,467,random_trajectory,17,0,1,1,6,-7092,0,671,673,native
ebde781a11596519c7a452de26bae83348e3cb54-dirty,1,1,1,1,4,168,heuristic_trajectory,34,0,0,4,3,-2097,0,1538,1540,native
ebde781a11596519c7a452de26bae83348e3cb54-dirty,1,1,1,1,4,768,high_stack_holes,17,0,1,6,11,-7971,0,603,605,native
ebde781a11596519c7a452de26bae83348e3cb54-dirty,1,1,1,1,4,468,random_trajectory,34,0,0,0,0,-2328,0,1538,1540,native
ebde781a11596519c7a452de26bae83348e3cb54-dirty,1,1,1,1,4,169,heuristic_trajectory,17,0,0,3,6,-3684,0,773,775,native
ebde781a11596519c7a452de26bae83348e3cb54-dirty,1,1,1,1,4,769,high_stack_holes,34,0,0,3,18,-11082,0,688,690,native
ebde781a11596519c7a452de26bae83348e3cb54-dirty,1,1,1,1,4,469,random_trajectory,34,0,0,4,16,-6018,0,1538,1540,native
ebde781a11596519c7a452de26bae83348e3cb54-dirty,1,1,1,1,4,170,heuristic_trajectory,34,0,0,1,3,-1791,0,1538,1540,native
ebde781a11596519c7a452de26bae83348e3cb54-dirty,1,1,1,1,4,770,high_stack_holes,34,0,0,6,0,-909,0,1538,1540,native
ebde781a11596519c7a452de26bae83348e3cb54-dirty,1,1,1,1,4,470,random_trajectory,17,0,0,0,0,-291,0,773,775,native
ebde781a11596519c7a452de26bae83348e3cb54-dirty,1,1,1,1,4,171,heuristic_trajectory,17,0,0,3,6,-3684,0,773,775,native
ebde781a11596519c7a452de26bae83348e3cb54-dirty,1,1,1,1,4,771,high_stack_holes,34,0,1,2,11,-8675,0,1062,1064,native
ebde781a11596519c7a452de26bae83348e3cb54-dirty,1,1,1,1,4,471,random_trajectory,34,0,0,0,0,-2037,0,1538,1540,native
ebde781a11596519c7a452de26bae83348e3cb54-dirty,1,1,1,1,4,172,heuristic_trajectory,34,0,0,0,5,-3000,0,1538,1540,native
ebde781a11596519c7a452de26bae83348e3cb54-dirty,1,1,1,1,4,772,high_stack_holes,34,0,3,5,16,-12429,0,960,962,native
ebde781a11596519c7a452de26bae83348e3cb54-dirty,1,1,1,1,4,472,random_trajectory,17,0,0,0,0,-291,0,773,775,native
ebde781a11596519c7a452de26bae83348e3cb54-dirty,1,1,1,1,4,173,heuristic_trajectory,34,0,3,8,2,-1832,0,1538,1540,native
ebde781a11596519c7a452de26bae83348e3cb54-dirty,1,1,1,1,4,773,high_stack_holes,34,0,1,2,16,-10104,0,1538,1540,native
ebde781a11596519c7a452de26bae83348e3cb54-dirty,1,1,1,1,4,473,random_trajectory,17,0,0,0,0,-2706,0,773,775,native
ebde781a11596519c7a452de26bae83348e3cb54-dirty,1,1,1,1,4,174,heuristic_trajectory,34,0,0,0,0,-612,0,1538,1540,native
ebde781a11596519c7a452de26bae83348e3cb54-dirty,1,1,1,1,4,774,high_stack_holes,34,0,1,7,12,-7928,0,1538,1540,native
ebde781a11596519c7a452de26bae83348e3cb54-dirty,1,1,1,1,4,474,random_trajectory,17,0,1,0,9,-9534,0,399,401,native
ebde781a11596519c7a452de26bae83348e3cb54-dirty,1,1,1,1,4,175,heuristic_trajectory,34,0,0,4,6,-3306,0,1538,1540,native
ebde781a11596519c7a452de26bae83348e3cb54-dirty,1,1,1,1,4,775,high_stack_holes,9,0,0,3,16,-10173,0,209,211,native
ebde781a11596519c7a452de26bae83348e3cb54-dirty,1,1,1,1,4,475,random_trajectory,17,0,1,0,0,-4710,0,773,775,native
ebde781a11596519c7a452de26bae83348e3cb54-dirty,1,1,1,1,4,176,heuristic_trajectory,17,0,1,1,0,-714,0,773,775,native
ebde781a11596519c7a452de26bae83348e3cb54-dirty,1,1,1,1,4,776,high_stack_holes,9,0,0,4,9,-5970,0,413,415,native
ebde781a11596519c7a452de26bae83348e3cb54-dirty,1,1,1,1,4,476,random_trajectory,34,0,0,0,0,-2037,0,1538,1540,native
ebde781a11596519c7a452de26bae83348e3cb54-dirty,1,1,1,1,4,177,heuristic_trajectory,17,0,0,2,1,-1296,0,773,775,native
ebde781a11596519c7a452de26bae83348e3cb54-dirty,1,1,1,1,4,777,high_stack_holes,17,0,1,6,14,-8445,0,433,435,native
ebde781a11596519c7a452de26bae83348e3cb54-dirty,1,1,1,1,4,477,random_trajectory,17,0,0,0,0,-1251,0,773,775,native
ebde781a11596519c7a452de26bae83348e3cb54-dirty,1,1,1,1,4,178,heuristic_trajectory,17,0,0,0,7,-3812,0,773,775,native
ebde781a11596519c7a452de26bae83348e3cb54-dirty,1,1,1,1,4,778,high_stack_holes,17,0,1,8,17,-11859,0,467,469,native
ebde781a11596519c7a452de26bae83348e3cb54-dirty,1,1,1,1,4,478,random_trajectory,17,0,1,1,6,-7092,0,671,673,native
ebde781a11596519c7a452de26bae83348e3cb54-dirty,1,1,1,1,4,179,heuristic_trajectory,34,0,2,4,2,-918,0,1538,1540,native
ebde781a11596519c7a452de26bae83348e3cb54-dirty,1,1,1,1,4,779,high_stack_holes,34,0,1,0,12,-7367,0,1538,1540,native
ebde781a11596519c7a452de26bae83348e3cb54-dirty,1,1,1,1,4,479,random_trajectory,34,0,0,4,16,-4914,0,1538,1540,native
ebde781a11596519c7a452de26bae83348e3cb54-dirty,1,1,1,1,4,180,heuristic_trajectory,17,0,0,3,5,-2796,0,773,775,native
ebde781a11596519c7a452de26bae83348e3cb54-dirty,1,1,1,1,4,780,high_stack_holes,9,0,0,2,15,-8316,0,413,415,native
ebde781a11596519c7a452de26bae83348e3cb54-dirty,1,1,1,1,4,480,random_trajectory,17,0,1,0,0,-1833,0,773,775,native
ebde781a11596519c7a452de26bae83348e3cb54-dirty,1,1,1,1,4,181,heuristic_trajectory,9,0,0,3,7,-4296,0,413,415,native
ebde781a11596519c7a452de26bae83348e3cb54-dirty,1,1,1,1,4,781,high_stack_holes,34,0,1,3,16,-11091,0,858,860,native
ebde781a11596519c7a452de26bae83348e3cb54-dirty,1,1,1,1,4,481,random_trajectory,34,0,0,2,16,-9156,0,926,928,native
ebde781a11596519c7a452de26bae83348e3cb54-dirty,1,1,1,1,4,182,heuristic_trajectory,34,0,0,3,6,-3582,0,1538,1540,native
ebde781a11596519c7a452de26bae83348e3cb54-dirty,1,1,1,1,4,782,high_stack_holes,17,0,1,5,6,-4023,0,773,775,native
ebde781a11596519c7a452de26bae83348e3cb54-dirty,1,1,1,1,4,482,random_trajectory,9,0,0,8,14,-12123,0,141,143,native
ebde781a11596519c7a452de26bae83348e3cb54-dirty,1,1,1,1,4,183,heuristic_trajectory,34,0,0,0,2,-1500,0,1538,1540,native
ebde781a11596519c7a452de26bae83348e3cb54-dirty,1,1,1,1,4,783,high_stack_holes,34,0,3,1,13,-9054,0,1096,1098,native
ebde781a11596519c7a452de26bae83348e3cb54-dirty,1,1,1,1,4,483,random_trajectory,34,0,0,0,0,-2328,0,1538,1540,native
ebde781a11596519c7a452de26bae83348e3cb54-dirty,1,1,1,1,4,184,heuristic_trajectory,34,0,0,0,2,-714,0,1538,1540,native
ebde781a11596519c7a452de26bae83348e3cb54-dirty,1,1,1,1,4,784,high_stack_holes,17,0,1,0,16,-9438,0,365,367,native
ebde781a11596519c7a452de26bae83348e3cb54-dirty,1,1,1,1,4,484,random_trajectory,34,0,0,2,16,-9156,0,926,928,native
ebde781a11596519c7a452de26bae83348e3cb54-dirty,1,1,1,1,4,185,heuristic_trajectory,34,0,1,4,2,-1821,0,1538,1540,native
ebde781a11596519c7a452de26bae83348e3cb54-dirty,1,1,1,1,4,785,high_stack_holes,9,0,0,3,12,-8250,0,413,415,native
ebde781a11596519c7a452de26bae83348e3cb54-dirty,1,1,1,1,4,485,random_trajectory,17,0,1,0,9,-9534,0,399,401,native
ebde781a11596519c7a452de26bae83348e3cb54-dirty,1,1,1,1,4,186,heuristic_trajectory,9,0,0,0,3,-2490,0,413,415,native
ebde781a11596519c7a452de26bae83348e3cb54-dirty,1,1,1,1,4,786,high_stack_holes,17,0,1,4,12,-7773,0,637,639,native
ebde781a11596519c7a452de26bae83348e3cb54-dirty,1,1,1,1,4,486,random_trajectory,17,0,1,1,15,-10989,0,297,299,native
ebde781a11596519c7a452de26bae83348e3cb54-dirty,1,1,1,1,4,187,heuristic_trajectory,17,0,0,2,7,-3771,0,773,775,native
ebde781a11596519c7a452de26bae83348e3cb54-dirty,1,1,1,1,4,787,high_stack_holes,17,0,1,5,16,-11823,0,297,299,native
ebde781a11596519c7a452de26bae83348e3cb54-dirty,1,1,1,1,4,487,random_trajectory,34,0,0,0,0,-2037,0,1538,1540,native
ebde781a11596519c7a452de26bae83348e3cb54-dirty,1,1,1,1,4,188,heuristic_trajectory,17,0,1,0,7,-3684,0,773,775,native
ebde781a11596519c7a452de26bae83348e3cb54-dirty,1,1,1,1,4,788,high_stack_holes,34,0,1,6,1,-2058,0,1538,1540,native
ebde781a11596519c7a452de26bae83348e3cb54-dirty,1,1,1,1,4,488,random_trajectory,34,0,0,0,0,-2037,0,1538,1540,native
ebde781a11596519c7a452de26bae83348e3cb54-dirty,1,1,1,1,4,189,heuristic_trajectory,34,0,0,5,7,-3873,0,1538,1540,native
ebde781a11596519c7a452de26bae83348e3cb54-dirty,1,1,1,1,4,789,high_stack_holes,17,0,1,4,12,-8754,0,569,571,native
ebde781a11596519c7a452de26bae83348e3cb54-dirty,1,1,1,1,4,489,random_trajectory,17,0,1,0,9,-9534,0,399,401,native
ebde781a11596519c7a452de26bae83348e3cb54-dirty,1,1,1,1,4,190,heuristic_trajectory,17,0,0,6,4,-3204,0,773,775,native
ebde781a11596519c7a452de26bae83348e3cb54-dirty,1,1,1,1,4,790,high_stack_holes,17,0,1,0,16,-10779,0,399,401,native
ebde781a11596519c7a452de26bae83348e3cb54-dirty,1,1,1,1,4,490,random_trajectory,9,0,0,8,14,-12123,0,141,143,native
ebde781a11596519c7a452de26bae83348e3cb54-dirty,1,1,1,1,4,191,heuristic_trajectory,34,0,3,8,2,-1220,0,1538,1540,native
ebde781a11596519c7a452de26bae83348e3cb54-dirty,1,1,1,1,4,791,high_stack_holes,9,0,0,0,16,-10377,0,413,415,native
ebde781a11596519c7a452de26bae83348e3cb54-dirty,1,1,1,1,4,491,random_trajectory,34,0,0,0,0,-3780,0,1538,1540,native
ebde781a11596519c7a452de26bae83348e3cb54-dirty,1,1,1,1,4,192,heuristic_trajectory,17,0,0,0,2,-1209,0,773,775,native
ebde781a11596519c7a452de26bae83348e3cb54-dirty,1,1,1,1,4,792,high_stack_holes,17,0,0,6,14,-8340,0,501,503,native
ebde781a11596519c7a452de26bae83348e3cb54-dirty,1,1,1,1,4,492,random_trajectory,34,0,1,0,11,-10581,0,518,520,native
ebde781a11596519c7a452de26bae83348e3cb54-dirty,1,1,1,1,4,193,heuristic_trajectory,34,0,3,8,2,-1220,0,1538,1540,native
ebde781a11596519c7a452de26bae83348e3cb54-dirty,1,1,1,1,4,793,high_stack_holes,34,0,3,5,3,-9795,0,960,962,native
ebde781a11596519c7a452de26bae83348e3cb54-dirty,1,1,1,1,4,493,random_trajectory,17,0,1,0,7,-7761,0,501,503,native
ebde781a11596519c7a452de26bae83348e3cb54-dirty,1,1,1,1,4,194,heuristic_trajectory,17,0,0,2,2,-1908,0,773,775,native
ebde781a11596519c7a452de26bae83348e3cb54-dirty,1,1,1,1,4,794,high_stack_holes,17,0,0,4,0,-306,0,773,775,native
ebde781a11596519c7a452de26bae83348e3cb54-dirty,1,1,1,1,4,494,random_trajectory,34,0,0,4,16,-6018,0,1538,1540,native
ebde781a11596519c7a452de26bae83348e3cb54-dirty,1,1,1,1,4,195,heuristic_trajectory,17,0,1,0,4,-2010,0,773,775,native
ebde781a11596519c7a452de26bae83348e3cb54-dirty,1,1,1,1,4,795,high_stack_holes,17,0,1,2,12,-8463,0,705,707,native
ebde781a11596519c7a452de26bae83348e3cb54-dirty,1,1,1,1,4,495,random_trajectory,34,0,0,0,0,-3780,0,1538,1540,native
ebde781a11596519c7a452de26bae83348e3cb54-dirty,1,1,1,1,4,196,heuristic_trajectory,17,0,0,1,4,-2112,0,773,775,native
ebde781a11596519c7a452de26bae83348e3cb54-dirty,1,1,1,1,4,796,high_stack_holes,17,0,1,6,16,-10737,0,569,571,native
ebde781a11596519c7a452de26bae83348e3cb54-dirty,1,1,1,1,4,496,random_trajectory,9,0,0,0,0,-1629,0,413,415,native
ebde781a11596519c7a452de26bae83348e3cb54-dirty,1,1,1,1,4,197,heuristic_trajectory,9,0,0,3,7,-3480,0,413,415,native
ebde781a11596519c7a452de26bae83348e3cb54-dirty,1,1,1,1,4,797,high_stack_holes,34,0,0,0,5,-2868,0,1538,1540,native
ebde781a11596519c7a452de26bae83348e3cb54-dirty,1,1,1,1,4,497,random_trajectory,17,0,1,8,16,-12414,0,229,231,native
ebde781a11596519c7a452de26bae83348e3cb54-dirty,1,1,1,1,4,198,heuristic_trajectory,17,0,1,5,4,-3026,0,773,775,native
ebde781a11596519c7a452de26bae83348e3cb54-dirty,1,1,1,1,4,798,high_stack_holes,17,0,1,5,12,-8826,0,671,673,native
ebde781a11596519c7a452de26bae83348e3cb54-dirty,1,1,1,1,4,498,random_trajectory,17,0,1,1,15,-10989,0,297,299,native
ebde781a11596519c7a452de26bae83348e3cb54-dirty,1,1,1,1,4,199,heuristic_trajectory,34,0,0,1,9,-4602,0,1538,1540,native
ebde781a11596519c7a452de26bae83348e3cb54-dirty,1,1,1,1,4,799,high_stack_holes,17,0,1,1,12,-11952,0,637,639,native
ebde781a11596519c7a452de26bae83348e3cb54-dirty,1,1,1,1,4,499,random_trajectory,17,0,0,2,18,-9825,0,365,367,native
ebde781a11596519c7a452de26bae83348e3cb54-dirty,1,1,1,1,4,200,heuristic_trajectory,17,0,1,2,4,-2301,0,773,775,native
ebde781a11596519c7a452de26bae83348e3cb54-dirty,1,1,1,1,4,500,random_trajectory,34,0,1,0,0,-3489,0,1538,1540,native
ebde781a11596519c7a452de26bae83348e3cb54-dirty,1,1,1,1,4,201,heuristic_trajectory,17,0,0,3,4,-2097,0,773,775,native
ebde781a11596519c7a452de26bae83348e3cb54-dirty,1,1,1,1,4,501,random_trajectory,34,0,0,0,0,-204,0,1538,1540,native
ebde781a11596519c7a452de26bae83348e3cb54-dirty,1,1,1,1,4,202,heuristic_trajectory,17,0,0,3,5,-3000,0,773,775,native
ebde781a11596519c7a452de26bae83348e3cb54-dirty,1,1,1,1,4,502,random_trajectory,34,0,1,1,5,-8340,0,688,690,native
ebde781a11596519c7a452de26bae83348e3cb54-dirty,1,1,1,1,4,203,heuristic_trajectory,9,0,0,6,4,-2010,0,413,415,native
ebde781a11596519c7a452de26bae83348e3cb54-dirty,1,1,1,1,4,503,random_trajectory,17,0,1,0,10,-9561,0,331,333,native
ebde781a11596519c7a452de26bae83348e3cb54-dirty,1,1,1,1,4,204,heuristic_trajectory,34,0,1,6,2,-1526,0,1538,1540,native
ebde781a11596519c7a452de26bae83348e3cb54-dirty,1,1,1,1,4,504,random_trajectory,17,0,1,5,6,-1716,0,773,775,native
ebde781a11596519c7a452de26bae83348e3cb54-dirty,1,1,1,1,4,205,heuristic_trajectory,34,0,2,2,5,-2898,0,1538,1540,native
ebde781a11596519c7a452de26bae83348e3cb54-dirty,1,1,1,1,4,505,random_trajectory,9,0,0,1,5,-8136,0,277,279,native
ebde781a11596519c7a452de26bae83348e3cb54-dirty,1,1,1,1,4,206,heuristic_trajectory,34,0,1,6,0,-521,0,1538,1540,native
ebde781a11596519c7a452de26bae83348e3cb54-dirty,1,1,1,1,4,506,random_trajectory,34,0,1,1,8,-9009,0,688,690,native
ebde781a11596519c7a452de26bae83348e3cb54-dirty,1,1,1,1,4,207,heuristic_trajectory,34,0,2,0,9,-4806,0,1538,1540,native
ebde781a11596519c7a452de26bae83348e3cb54-dirty,1,1,1,1,4,507,random_trajectory,34,0,1,0,15,-10956,0,688,690,native
ebde781a11596519c7a452de26bae83348e3cb54-dirty,1,1,1,1,4,208,heuristic_trajectory,34,0,1,0,4,-3011,0,1538,1540,native
ebde781a11596519c7a452de26bae83348e3cb54-dirty,1,1,1,1,4,508,random_trajectory,17,0,1,5,4,-1047,0,773,775,native
ebde781a11596519c7a452de26bae83348e3cb54-dirty,1,1,1,1,4,209,heuristic_trajectory,17,0,0,3,8,-4500,0,773,775,native
ebde781a11596519c7a452de26bae83348e3cb54-dirty,1,1,1,1,4,509,random_trajectory,34,0,1,5,15,-3693,0,1538,1540,native
ebde781a11596519c7a452de26bae83348e3cb54-dirty,1,1,1,1,4,210,heuristic_trajectory,17,0,1,0,5,-3011,0,773,775,native
ebde781a11596519c7a452de26bae83348e3cb54-dirty,1,1,1,1,4,510,random_trajectory,17,0,1,5,6,-1716,0,773,775,native
ebde781a11596519c7a452de26bae83348e3cb54-dirty,1,1,1,1,4,211,heuristic_trajectory,17,0,1,3,6,-3888,0,773,775,native
ebde781a11596519c7a452de26bae83348e3cb54-dirty,1,1,1,1,4,511,random_trajectory,34,0,1,0,15,-10956,0,688,690,native
ebde781a11596519c7a452de26bae83348e3cb54-dirty,1,1,1,1,4,212,heuristic_trajectory,17,0,0,5,1,-638,0,773,775,native
ebde781a11596519c7a452de26bae83348e3cb54-dirty,1,1,1,1,4,512,random_trajectory,34,0,0,4,17,-6453,0,1198,1200,native
ebde781a11596519c7a452de26bae83348e3cb54-dirty,1,1,1,1,4,213,heuristic_trajectory,17,0,1,0,6,-2607,0,773,775,native
ebde781a11596519c7a452de26bae83348e3cb54-dirty,1,1,1,1,4,513,random_trajectory,34,0,1,3,0,-3984,0,1538,1540,native
ebde781a11596519c7a452de26bae83348e3cb54-dirty,1,1,1,1,4,214,heuristic_trajectory,17,0,1,1,5,-2811,0,773,775,native
ebde781a11596519c7a452de26bae83348e3cb54-dirty,1,1,1,1,4,514,random_trajectory,34,0,0,0,0,-204,0,1538,1540,native
ebde781a11596519c7a452de26bae83348e3cb54-dirty,1,1,1,1,4,215,heuristic_trajectory,34,0,3,1,3,-2312,0,1538,1540,native
ebde781a11596519c7a452de26bae83348e3cb54-dirty,1,1,1,1,4,515,random_trajectory,34,0,1,3,0,-3984,0,1538,1540,native
ebde781a11596519c7a452de26bae83348e3cb54-dirty,1,1,1,1,4,216,heuristic_trajectory,17,0,1,0,2,-1311,0,773,775,native
ebde781a11596519c7a452de26bae83348e3cb54-dirty,1,1,1,1,4,516,random_trajectory,17,0,1,5,6,-1716,0,773,775,native
ebde781a11596519c7a452de26bae83348e3cb54-dirty,1,1,1,1,4,217,heuristic_trajectory,34,0,0,6,3,-2040,0,1538,1540,native
ebde781a11596519c7a452de26bae83348e3cb54-dirty,1,1,1,1,4,517,random_trajectory,17,0,1,5,6,-1716,0,773,775,native
ebde781a11596519c7a452de26bae83348e3cb54-dirty,1,1,1,1,4,218,heuristic_trajectory,17,0,1,0,4,-2199,0,773,775,native
ebde781a11596519c7a452de26bae83348e3cb54-dirty,1,1,1,1,4,518,random_trajectory,17,0,1,5,4,-1047,0,773,775,native
ebde781a11596519c7a452de26bae83348e3cb54-dirty,1,1,1,1,4,219,heuristic_trajectory,34,0,0,4,0,-408,0,1538,1540,native
ebde781a11596519c7a452de26bae83348e3cb54-dirty,1,1,1,1,4,519,random_trajectory,34,0,0,0,0,-495,0,1538,1540,native
ebde781a11596519c7a452de26bae83348e3cb54-dirty,1,1,1,1,4,220,heuristic_trajectory,34,0,0,7,3,-1908,0,1538,1540,native
ebde781a11596519c7a452de26bae83348e3cb54-dirty,1,1,1,1,4,520,random_trajectory,34,0,1,1,5,-8340,0,688,690,native
ebde781a11596519c7a452de26bae83348e3cb54-dirty,1,1,1,1,4,221,heuristic_trajectory,34,0,0,3,4,-2097,0,1538,1540,native
ebde781a11596519c7a452de26bae83348e3cb54-dirty,1,1,1,1,4,521,random_trajectory,34,0,1,0,15,-11829,0,654,656,native
ebde781a11596519c7a452de26bae83348e3cb54-dirty,1,1,1,1,4,222,heuristic_trajectory,17,0,0,3,3,-2388,0,773,775,native
ebde781a11596519c7a452de26bae83348e3cb54-dirty,1,1,1,1,4,522,random_trajectory,17,0,1,0,10,-9561,0,331,333,native
ebde781a11596519c7a452de26bae83348e3cb54-dirty,1,1,1,1,4,223,heuristic_trajectory,17,0,1,2,2,-1235,0,773,775,native
ebde781a11596519c7a452de26bae83348e3cb54-dirty,1,1,1,1,4,523,random_trajectory,34,0,1,1,2,-2298,0,1538,1540,native
ebde781a11596519c7a452de26bae83348e3cb54-dirty,1,1,1,1,4,224,heuristic_trajectory,34,0,2,7,4,-3113,0,1538,1540,native
ebde781a11596519c7a452de26bae83348e3cb54-dirty,1,1,1,1,4,524,random_trajectory,9,0,0,0,18,-12033,0,175,177,native
ebde781a11596519c7a452de26bae83348e3cb54-dirty,1,1,1,1,4,225,heuristic_trajectory,17,0,0,0,5,-2883,0,773,775,native
ebde781a11596519c7a452de26bae83348e3cb54-dirty,1,1,1,1,4,525,random_trajectory,17,0,1,5,6,-1716,0,773,775,native
ebde781a11596519c7a452de26bae83348e3cb54-dirty,1,1,1,1,4,226,heuristic_trajectory,34,0,0,0,2,-1500,0,1538,1540,native
ebde781a11596519c7a452de26bae83348e3cb54-dirty,1,1,1,1,4,526,random_trajectory,17,0,1,0,13,-10752,0,331,333,native
ebde781a11596519c7a452de26bae83348e3cb54-dirty,1,1,1,1,4,227,heuristic_trajectory,34,0,1,7,3,-1832,0,1538,1540,native
ebde781a11596519c7a452de26bae83348e3cb54-dirty,1,1,1,1,4,527,random_trajectory,34,0,1,3,0,-3984,0,1538,1540,native
ebde781a11596519c7a452de26bae83348e3cb54-dirty,1,1,1,1,4,228,heuristic_trajectory,34,0,0,4,1,-612,0,1538,1540,native
ebde781a11596519c7a452de26bae83348e3cb54-dirty,1,1,1,1,4,528,random_trajectory,17,0,1,0,15,-11538,0,399,401,native
ebde781a11596519c7a452de26bae83348e3cb54-dirty,1,1,1,1,4,229,heuristic_trajectory,17,0,0,0,4,-2709,0,773,775,native
ebde781a11596519c7a452de26bae83348e3cb54-dirty,1,1,1,1,4,529,random_trajectory,9,0,0,1,5,-6162,0,345,347,native
ebde781a11596519c7a452de26bae83348e3cb54-dirty,1,1,1,1,4,230,heuristic_trajectory,17,0,0,5,3,-2331,0,773,775,native
ebde781a11596519c7a452de26bae83348e3cb54-dirty,1,1,1,1,4,530,random_trajectory,34,0,1,3,0,-3984,0,1538,1540,native
ebde781a11596519c7a452de26bae83348e3cb54-dirty,1,1,1,1,4,231,heuristic_trajectory,17,0,0,2,3,-1806,0,773,775,native
ebde781a11596519c7a452de26bae83348e3cb54-dirty,1,1,1,1,4,531,random_trajectory,34,0,1,0,15,-11829,0,654,656,native
ebde781a11596519c7a452de26bae83348e3cb54-dirty,1,1,1,1,4,232,heuristic_trajectory,9,0,0,1,5,-3393,0,413,415,native
ebde781a11596519c7a452de26bae83348e3cb54-dirty,1,1,1,1,4,532,random_trajectory,17,0,1,0,13,-10752,0,331,333,native
ebde781a11596519c7a452de26bae83348e3cb54-dirty,1,1,1,1,4,233,heuristic_trajectory,34,0,0,5,0,-918,0,1538,1540,native
ebde781a11596519c7a452de26bae83348e3cb54-dirty,1,1,1,1,4,533,random_trajectory,17,0,1,8,13,-11334,0,365,367,native
ebde781a11596519c7a452de26bae83348e3cb54-dirty,1,1,1,1,4,234,heuristic_trajectory,17,0,0,1,1,-1311,0,773,775,native
ebde781a11596519c7a452de26bae83348e3cb54-dirty,1,1,1,1,4,534,random_trajectory,34,0,0,4,17,-6453,0,1198,1200,native
ebde781a11596519c7a452de26bae83348e3cb54-dirty,1,1,1,1,4,235,heuristic_trajectory,17,0,0,4,5,-3276,0,773,775,native
ebde781a11596519c7a452de26bae83348e3cb54-dirty,1,1,1,1,4,535,random_trajectory,17,0,0,4,17,-5871,0,603,605,native
ebde781a11596519c7a452de26bae83348e3cb54-dirty,1,1,1,1,4,236,heuristic_trajectory,17,0,0,6,2,-1602,0,773,775,native
ebde781a11596519c7a452de26bae83348e3cb54-dirty,1,1,1,1,4,536,random_trajectory,17,0,1,0,4,-8718,0,399,401,native
ebde781a11596519c7a452de26bae83348e3cb54-dirty,1,1,1,1,4,237,heuristic_trajectory,17,0,1,0,1,-1020,0,773,775,native
ebde781a11596519c7a452de26bae83348e3cb54-dirty,1,1,1,1,4,537,random_trajectory,17,0,1,5,6,-1716,0,773,775,native
ebde781a11596519c7a452de26bae83348e3cb54-dirty,1,1,1,1,4,238,heuristic_trajectory,34,0,3,7,0,-1031,0,1538,1540,native
ebde781a11596519c7a452de26bae83348e3cb54-dirty,1,1,1,1,4,538,random_trajectory,17,0,1,0,4,-8718,0,399,401,native
ebde781a11596519c7a452de26bae83348e3cb54-dirty,1,1,1,1,4,239,heuristic_trajectory,34,0,3,7,2,-1220,0,1538,1540,native
ebde781a11596519c7a452de26bae83348e3cb54-dirty,1,1,1,1,4,539,random_trajectory,34,0,0,0,0,-204,0,1538,1540,native
ebde781a11596519c7a452de26bae83348e3cb54-dirty,1,1,1,1,4,240,heuristic_trajectory,17,0,1,0,6,-2607,0,773,775,native
ebde781a11596519c7a452de26bae83348e3cb54-dirty,1,1,1,1,4,540,random_trajectory,34,0,1,1,5,-8340,0,688,690,native
ebde781a11596519c7a452de26bae83348e3cb54-dirty,1,1,1,1,4,241,heuristic_trajectory,34,0,1,4,5,-2909,0,1538,1540,native
ebde781a11596519c7a452de26bae83348e3cb54-dirty,1,1,1,1,4,541,random_trajectory,34,0,0,0,0,0,1,382,384,native
ebde781a11596519c7a452de26bae83348e3cb54-dirty,1,1,1,1,4,242,heuristic_trajectory,34,0,0,3,5,-2811,0,1538,1540,native
ebde781a11596519c7a452de26bae83348e3cb54-dirty,1,1,1,1,4,542,random_trajectory,9,0,0,0,18,-12033,0,175,177,native
ebde781a11596519c7a452de26bae83348e3cb54-dirty,1,1,1,1,4,243,heuristic_trajectory,17,0,0,0,7,-3684,0,773,775,native
ebde781a11596519c7a452de26bae83348e3cb54-dirty,1,1,1,1,4,543,random_trajectory,17,0,1,5,6,-1716,0,773,775,native
ebde781a11596519c7a452de26bae83348e3cb54-dirty,1,1,1,1,4,244,heuristic_trajectory,34,0,0,6,9,-4878,0,1538,1540,native
ebde781a11596519c7a452de26bae83348e3cb54-dirty,1,1,1,1,4,544,random_trajectory,34,0,1,0,15,-11829,0,654,656,native
ebde781a11596519c7a452de26bae83348e3cb54-dirty,1,1,1,1,4,245,heuristic_trajectory,34,0,1,8,1,-1311,0,1538,1540,native
ebde781a11596519c7a452de26bae83348e3cb54-dirty,1,1,1,1,4,545,random_trajectory,17,0,1,0,10,-9561,0,331,333,native
ebde781a11596519c7a452de26bae83348e3cb54-dirty,1,1,1,1,4,246,heuristic_trajectory,34,0,0,3,6,-3990,0,1538,1540,native
ebde781a11596519c7a452de26bae83348e3cb54-dirty,1,1,1,1,4,546,random_trajectory,34,0,1,1,5,-8340,0,688,690,native
ebde781a11596519c7a452de26bae83348e3cb54-dirty,1,1,1,1,4,247,heuristic_trajectory,17,0,1,0,5,-3597,0,773,775,native
ebde781a11596519c7a452de26bae83348e3cb54-dirty,1,1,1,1,4,547,random_trajectory,17,0,0,4,17,-5871,0,603,605,native
ebde781a11596519c7a452de26bae83348e3cb54-dirty,1,1,1,1,4,248,heuristic_trajectory,34,0,1,1,3,-2108,0,1538,1540,native
ebde781a11596519c7a452de26bae83348e3cb54-dirty,1,1,1,1,4,548,random_trajectory,17,0,1,0,4,-8718,0,399,401,native
ebde781a11596519c7a452de26bae83348e3cb54-dirty,1,1,1,1,4,249,heuristic_trajectory,34,0,0,7,2,-1133,0,1538,1540,native
ebde781a11596519c7a452de26bae83348e3cb54-dirty,1,1,1,1,4,549,random_trajectory,17,0,1,0,4,-8718,0,399,401,native
ebde781a11596519c7a452de26bae83348e3cb54-dirty,1,1,1,1,4,250,heuristic_trajectory,17,0,1,1,3,-1995,0,773,775,native
ebde781a11596519c7a452de26bae83348e3cb54-dirty,1,1,1,1,4,550,random_trajectory,34,0,2,0,18,-11331,0,994,996,native
ebde781a11596519c7a452de26bae83348e3cb54-dirty,1,1,1,1,4,251,heuristic_trajectory,17,0,1,0,4,-1413,0,773,775,native
ebde781a11596519c7a452de26bae83348e3cb54-dirty,1,1,1,1,4,551,random_trajectory,34,0,2,0,18,-12666,0,688,690,native
ebde781a11596519c7a452de26bae83348e3cb54-dirty,1,1,1,1,4,252,heuristic_trajectory,34,0,1,5,3,-1791,0,1538,1540,native
ebde781a11596519c7a452de26bae83348e3cb54-dirty,1,1,1,1,4,552,random_trajectory,34,0,2,1,18,-13131,0,416,418,native
ebde781a11596519c7a452de26bae83348e3cb54-dirty,1,1,1,1,4,253,heuristic_trajectory,34,0,1,6,1,-1515,0,1538,1540,native
ebde781a11596519c7a452de26bae83348e3cb54-dirty,1,1,1,1,4,553,random_trajectory,9,0,0,7,10,-4188,0,413,415,native
ebde781a11596519c7a452de26bae83348e3cb54-dirty,1,1,1,1,4,254,heuristic_trajectory,34,0,0,3,3,-1515,0,1538,1540,native
ebde781a11596519c7a452de26bae83348e3cb54-dirty,1,1,1,1,4,554,random_trajectory,9,0,0,0,0,-204,0,413,415,native
ebde781a11596519c7a452de26bae83348e3cb54-dirty,1,1,1,1,4,255,heuristic_trajectory,17,0,1,0,2,-1337,0,773,775,native
ebde781a11596519c7a452de26bae83348e3cb54-dirty,1,1,1,1,4,555,random_trajectory,17,0,1,1,4,-3228,0,773,775,native
ebde781a11596519c7a452de26bae83348e3cb54-dirty,1,1,1,1,4,256,heuristic_trajectory,17,0,0,3,2,-1107,0,773,775,native
ebde781a11596519c7a452de26bae83348e3cb54-dirty,1,1,1,1,4,556,random_trajectory,17,0,0,1,18,-10401,0,637,639,native
ebde781a11596519c7a452de26bae83348e3cb54-dirty,1,1,1,1,4,257,heuristic_trajectory,34,0,0,3,3,-1515,0,1538,1540,native
ebde781a11596519c7a452de26bae83348e3cb54-dirty,1,1,1,1,4,557,random_trajectory,17,0,1,8,9,-6540,0,773,775,native
ebde781a11596519c7a452de26bae83348e3cb54-dirty,1,1,1,1,4,258,heuristic_trajectory,17,0,1,1,3,-1908,0,773,775,native
ebde781a11596519c7a452de26bae83348e3cb54-dirty,1,1,1,1,4,558,random_trajectory,17,0,0,1,18,-10401,0,637,639,native
ebde781a11596519c7a452de26bae83348e3cb54-dirty,1,1,1,1,4,259,heuristic_trajectory,9,0,0,5,2,-1734,0,413,415,native
ebde781a11596519c7a452de26bae83348e3cb54-dirty,1,1,1,1,4,559,random_trajectory,34,0,2,1,18,-13131,0,416,418,native
ebde781a11596519c7a452de26bae83348e3cb54-dirty,1,1,1,1,4,260,heuristic_trajectory,34,0,3,7,1,-1235,0,1538,1540,native
ebde781a11596519c7a452de26bae83348e3cb54-dirty,1,1,1,1,4,560,random_trajectory,17,0,1,8,3,-1572,0,773,775,native
ebde781a11596519c7a452de26bae83348e3cb54-dirty,1,1,1,1,4,261,heuristic_trajectory,17,0,0,4,4,-2505,0,773,775,native
ebde781a11596519c7a452de26bae83348e3cb54-dirty,1,1,1,1,4,561,random_trajectory,34,0,0,2,14,-8049,0,1538,1540,native
ebde781a11596519c7a452de26bae83348e3cb54-dirty,1,1,1,1,4,262,heuristic_trajectory,17,0,1,0,3,-1515,0,773,775,native
ebde781a11596519c7a452de26bae83348e3cb54-dirty,1,1,1,1,4,562,random_trajectory,34,0,1,7,10,-3897,0,1538,1540,native
ebde781a11596519c7a452de26bae83348e3cb54-dirty,1,1,1,1,4,263,heuristic_trajectory,34,0,3,4,3,-2006,0,1538,1540,native
ebde781a11596519c7a452de26bae83348e3cb54-dirty,1,1,1,1,4,563,random_trajectory,9,0,0,7,10,-4188,0,413,415,native
ebde781a11596519c7a452de26bae83348e3cb54-dirty,1,1,1,1,4,264,heuristic_trajectory,34,0,0,3,0,-408,0,1538,1540,native
ebde781a11596519c7a452de26bae83348e3cb54-dirty,1,1,1,1,4,564,random_trajectory,9,0,0,7,10,-4188,0,413,415,native
ebde781a11596519c7a452de26bae83348e3cb54-dirty,1,1,1,1,4,265,heuristic_trajectory,9,0,0,1,2,-612,0,413,415,native
ebde781a11596519c7a452de26bae83348e3cb54-dirty,1,1,1,1,4,565,random_trajectory,9,0,0,3,14,-8340,0,413,415,native
ebde781a11596519c7a452de26bae83348e3cb54-dirty,1,1,1,1,4,266,heuristic_trajectory,17,0,1,5,3,-2429,0,773,775,native
ebde781a11596519c7a452de26bae83348e3cb54-dirty,1,1,1,1,4,566,random_trajectory,17,0,1,8,9,-6540,0,773,775,native
ebde781a11596519c7a452de26bae83348e3cb54-dirty,1,1,1,1,4,267,heuristic_trajectory,34,0,0,4,1,-612,0,1538,1540,native
ebde781a11596519c7a452de26bae83348e3cb54-dirty,1,1,1,1,4,567,random_trajectory,17,0,1,4,14,-11127,0,535,537,native
ebde781a11596519c7a452de26bae83348e3cb54-dirty,1,1,1,1,4,268,heuristic_trajectory,17,0,0,5,2,-1337,0,773,775,native
ebde781a11596519c7a452de26bae83348e3cb54-dirty,1,1,1,1,4,568,random_trajectory,34,0,2,0,18,-12666,0,688,690,native
ebde781a11596519c7a452de26bae83348e3cb54-dirty,1,1,1,1,4,269,heuristic_trajectory,34,0,0,0,3,-1715,0,1538,1540,native
ebde781a11596519c7a452de26bae83348e3cb54-dirty,1,1,1,1,4,569,random_trajectory,17,0,1,0,1,-6336,0,773,775,native
ebde781a11596519c7a452de26bae83348e3cb54-dirty,1,1,1,1,4,270,heuristic_trajectory,17,0,0,6,2,-1602,0,773,775,native
ebde781a11596519c7a452de26bae83348e3cb54-dirty,1,1,1,1,4,570,random_trajectory,34,0,0,2,14,-8049,0,1538,1540,native
ebde781a11596519c7a452de26bae83348e3cb54-dirty,1,1,1,1,4,271,heuristic_trajectory,17,0,1,2,3,-1730,0,773,775,native
ebde781a11596519c7a452de26bae83348e3cb54-dirty,1,1,1,1,4,571,random_trajectory,17,0,1,8,3,-1572,0,773,775,native
ebde781a11596519c7a452de26bae83348e3cb54-dirty,1,1,1,1,4,272,heuristic_trajectory,34,0,3,8,2,-1322,0,1538,1540,native
ebde781a11596519c7a452de26bae83348e3cb54-dirty,1,1,1,1,4,572,random_trajectory,34,0,2,1,18,-13131,0,416,418,native
ebde781a11596519c7a452de26bae83348e3cb54-dirty,1,1,1,1,4,273,heuristic_trajectory,17,0,0,4,1,-1617,0,773,775,native
ebde781a11596519c7a452de26bae83348e3cb54-dirty,1,1,1,1,4,573,random_trajectory,34,0,3,2,14,-9936,0,1300,1302,native
ebde781a11596519c7a452de26bae83348e3cb54-dirty,1,1,1,1,4,274,heuristic_trajectory,9,0,0,0,4,-1893,0,413,415,native
ebde781a11596519c7a452de26bae83348e3cb54-dirty,1,1,1,1,4,574,random_trajectory,17,0,1,8,9,-6540,0,773,775,native
ebde781a11596519c7a452de26bae83348e3cb54-dirty,1,1,1,1,4,275,heuristic_trajectory,34,0,1,1,3,-2108,0,1538,1540,native
ebde781a11596519c7a452de26bae83348e3cb54-dirty,1,1,1,1,4,575,random_trajectory,9,0,0,3,14,-8340,0,413,415,native
ebde781a11596519c7a452de26bae83348e3cb54-dirty,1,1,1,1,4,276,heuristic_trajectory,17,0,0,7,4,-2633,0,773,775,native
ebde781a11596519c7a452de26bae83348e3cb54-dirty,1,1,1,1,4,576,random_trajectory,34,0,2,0,18,-11331,0,994,996,native
ebde781a11596519c7a452de26bae83348e3cb54-dirty,1,1,1,1,4,277,heuristic_trajectory,34,0,1,1,3,-2010,0,1538,1540,native
ebde781a11596519c7a452de26bae83348e3cb54-dirty,1,1,1,1,4,577,random_trajectory,17,0,1,8,3,-1572,0,773,775,native
ebde781a11596519c7a452de26bae83348e3cb54-dirty,1,1,1,1,4,278,heuristic_trajectory,17,0,1,3,1,-740,0,773,775,native
ebde781a11596519c7a452de26bae83348e3cb54-dirty,1,1,1,1,4,578,random_trajectory,17,0,1,8,3,-1572,0,773,775,native
ebde781a11596519c7a452de26bae83348e3cb54-dirty,1,1,1,1,4,279,heuristic_trajectory,34,0,1,6,2,-1526,0,1538,1540,native
ebde781a11596519c7a452de26bae83348e3cb54-dirty,1,1,1,1,4,579,random_trajectory,34,0,1,7,10,-3897,0,1538,1540,native
ebde781a11596519c7a452de26bae83348e3cb54-dirty,1,1,1,1,4,280,heuristic_trajectory,17,0,0,0,2,-2301,0,773,775,native
ebde781a11596519c7a452de26bae83348e3cb54-dirty,1,1,1,1,4,580,random_trajectory,17,0,1,1,4,-3228,0,773,775,native
ebde781a11596519c7a452de26bae83348e3cb54-dirty,1,1,1,1,4,281,heuristic_trajectory,17,0,0,2,4,-2622,0,773,775,native
ebde781a11596519c7a452de26bae83348e3cb54-dirty,1,1,1,1,4,581,random_trajectory,34,0,0,2,14,-8049,0,1538,1540,native
ebde781a11596519c7a452de26bae83348e3cb54-dirty,1,1,1,1,4,282,heuristic_trajectory,34,0,3,2,6,-1530,0,1538,1540,native
ebde781a11596519c7a452de26bae83348e3cb54-dirty,1,1,1,1,4,582,random_trajectory,17,0,0,1,18,-10401,0,637,639,native
ebde781a11596519c7a452de26bae83348e3cb54-dirty,1,1,1,1,4,283,heuristic_trajectory,9,0,0,2,5,-2505,0,413,415,native
ebde781a11596519c7a452de26bae83348e3cb54-dirty,1,1,1,1,4,583,random_trajectory,34,0,2,7,9,-5001,0,1538,1540,native
ebde781a11596519c7a452de26bae83348e3cb54-dirty,1,1,1,1,4,284,heuristic_trajectory,34,0,1,1,3,-2108,0,1538,1540,native
ebde781a11596519c7a452de26bae83348e3cb54-dirty,1,1,1,1,4,584,random_trajectory,34,0,0,2,0,-612,0,1538,1540,native
ebde781a11596519c7a452de26bae83348e3cb54-dirty,1,1,1,1,4,285,heuristic_trajectory,9,0,0,6,4,-2010,0,413,415,native
ebde781a11596519c7a452de26bae83348e3cb54-dirty,1,1,1,1,4,585,random_trajectory,34,0,0,2,0,-612,0,1538,1540,native
ebde781a11596519c7a452de26bae83348e3cb54-dirty,1,1,1,1,4,286,heuristic_trajectory,17,0,1,0,4,-3215,0,773,775,native
ebde781a11596519c7a452de26bae83348e3cb54-dirty,1,1,1,1,4,586,random_trajectory,34,0,0,2,0,-612,0,1538,1540,native
ebde781a11596519c7a452de26bae83348e3cb54-dirty,1,1,1,1,4,287,heuristic_trajectory,34,0,1,2,0,-929,0,1538,1540,native
ebde781a11596519c7a452de26bae83348e3cb54-dirty,1,1,1,1,4,587,random_trajectory,17,0,1,0,1,-990,0,773,775,native
ebde781a11596519c7a452de26bae83348e3cb54-dirty,1,1,1,1,4,288,heuristic_trajectory,17,0,0,0,5,-2883,0,773,775,native
ebde781a11596519c7a452de26bae83348e3cb54-dirty,1,1,1,1,4,588,random_trajectory,17,0,1,0,1,-6336,0,773,775,native
ebde781a11596519c7a452de26bae83348e3cb54-dirty,1,1,1,1,4,289,heuristic_trajectory,34,0,1,2,0,-929,0,1538,1540,native
ebde781a11596519c7a452de26bae83348e3cb54-dirty,1,1,1,1,4,589,random_trajectory,17,0,1,0,1,-6336,0,773,775,native
ebde781a11596519c7a452de26bae83348e3cb54-dirty,1,1,1,1,4,290,heuristic_trajectory,9,0,0,7,4,-2225,0,413,415,native
ebde781a11596519c7a452de26bae83348e3cb54-dirty,1,1,1,1,4,590,random_trajectory,34,0,2,7,9,-5001,0,1538,1540,native
ebde781a11596519c7a452de26bae83348e3cb54-dirty,1,1,1,1,4,291,heuristic_trajectory,9,0,0,5,4,-2607,0,413,415,native
ebde781a11596519c7a452de26bae83348e3cb54-dirty,1,1,1,1,4,591,random_trajectory,17,0,1,0,1,-990,0,773,775,native
ebde781a11596519c7a452de26bae83348e3cb54-dirty,1,1,1,1,4,292,heuristic_trajectory,17,0,1,6,5,-3204,0,773,775,native
ebde781a11596519c7a452de26bae83348e3cb54-dirty,1,1,1,1,4,592,random_trajectory,9,0,0,7,10,-4188,0,413,415,native
ebde781a11596519c7a452de26bae83348e3cb54-dirty,1,1,1,1,4,293,heuristic_trajectory,17,0,1,6,6,-3710,0,773,775,native
ebde781a11596519c7a452de26bae83348e3cb54-dirty,1,1,1,1,4,593,random_trajectory,9,0,0,0,0,-204,0,413,415,native
ebde781a11596519c7a452de26bae83348e3cb54-dirty,1,1,1,1,4,294,heuristic_trajectory,34,0,0,4,0,-408,0,1538,1540,native
ebde781a11596519c7a452de26bae83348e3cb54-dirty,1,1,1,1,4,594,random_trajectory,17,0,1,4,14,-11127,0,535,537,native
ebde781a11596519c7a452de26bae83348e3cb54-dirty,1,1,1,1,4,295,heuristic_trajectory,17,0,1,0,2,-1337,0,773,775,native
ebde781a11596519c7a452de26bae83348e3cb54-dirty,1,1,1,1,4,595,random_trajectory,17,0,1,0,1,-990,0,773,775,native
ebde781a11596519c7a452de26bae83348e3cb54-dirty,1,1,1,1,4,296,heuristic_trajectory,34,0,0,2,5,-2592,0,1538,1540,native
ebde781a11596519c7a452de26bae83348e3cb54-dirty,1,1,1,1,4,596,random_trajectory,17,0,1,8,3,-1572,0,773,775,native
ebde781a11596519c7a452de26bae83348e3cb54-dirty,1,1,1,1,4,297,heuristic_trajectory,34,0,0,2,5,-2592,0,1538,1540,native
ebde781a11596519c7a452de26bae83348e3cb54-dirty,1,1,1,1,4,597,random_trajectory,34,0,2,1,18,-13131,0,416,418,native
ebde781a11596519c7a452de26bae83348e3cb54-dirty,1,1,1,1,4,298,heuristic_trajectory,9,0,0,1,1,-918,0,413,415,native
ebde781a11596519c7a452de26bae83348e3cb54-dirty,1,1,1,1,4,598,random_trajectory,17,0,1,8,3,-1572,0,773,775,native
ebde781a11596519c7a452de26bae83348e3cb54-dirty,1,1,1,1,4,299,heuristic_trajectory,17,0,1,0,4,-1704,0,773,775,native
ebde781a11596519c7a452de26bae83348e3cb54-dirty,1,1,1,1,4,599,random_trajectory,17,0,0,0,0,0,1,195,197,native
