commit,arch,board_repr,lanes,depth,precision,state_id,category,root_candidates,leaf_candidates,rotation,x,y,score,no_move,core_cycles,request_interval_cycles,driver
ebde781a11596519c7a452de26bae83348e3cb54-dirty,1,1,2,1,0,802,blocked_spawn,17,0,1,6,0,-9045,0,346,348,native
ebde781a11596519c7a452de26bae83348e3cb54-dirty,1,1,2,1,0,801,equal_scores,34,0,1,4,2,-2427,0,774,776,native
ebde781a11596519c7a452de26bae83348e3cb54-dirty,1,1,2,1,0,0,heuristic_trajectory,17,0,0,5,2,-1815,0,414,416,native
ebde781a11596519c7a452de26bae83348e3cb54-dirty,1,1,2,1,0,600,high_stack_holes,34,0,1,4,16,-9873,0,468,470,native
ebde781a11596519c7a452de26bae83348e3cb54-dirty,1,1,2,1,0,800,last_candidate_winner,17,0,1,9,1,-4671,0,414,416,native
ebde781a11596519c7a452de26bae83348e3cb54-dirty,1,1,2,1,0,839,no_move,34,0,0,0,0,0,1,196,198,native
ebde781a11596519c7a452de26bae83348e3cb54-dirty,1,1,2,1,0,300,random_trajectory,34,0,2,7,5,-6045,0,774,776,native
ebde781a11596519c7a452de26bae83348e3cb54-dirty,1,1,2,1,0,845,walls,34,0,0,1,0,-888,0,774,776,native
ebde781a11596519c7a452de26bae83348e3cb54-dirty,1,1,2,1,0,817,wells,9,0,0,0,6,-3210,0,234,236,native
ebde781a11596519c7a452de26bae83348e3cb54-dirty,1,1,2,1,0,806,blocked_spawn,34,0,1,8,0,-10191,0,434,436,native
ebde781a11596519c7a452de26bae83348e3cb54-dirty,1,1,2,1,0,805,equal_scores,17,0,0,1,0,-894,0,414,416,native
ebde781a11596519c7a452de26bae83348e3cb54-dirty,1,1,2,1,0,1,heuristic_trajectory,17,0,1,0,3,-2150,0,414,416,native
ebde781a11596519c7a452de26bae83348e3cb54-dirty,1,1,2,1,0,601,high_stack_holes,34,0,3,0,16,-11721,0,400,402,native
ebde781a11596519c7a452de26bae83348e3cb54-dirty,1,1,2,1,0,803,last_candidate_winner,9,0,0,8,8,-5073,0,234,236,native
ebde781a11596519c7a452de26bae83348e3cb54-dirty,1,1,2,1,0,882,no_move,17,0,0,0,0,0,1,108,110,native
ebde781a11596519c7a452de26bae83348e3cb54-dirty,1,1,2,1,0,301,random_trajectory,34,0,1,7,4,-5004,0,774,776,native
ebde781a11596519c7a452de26bae83348e3cb54-dirty,1,1,2,1,0,851,walls,34,0,0,6,0,-888,0,774,776,native
ebde781a11596519c7a452de26bae83348e3cb54-dirty,1,1,2,1,0,827,wells,17,0,1,3,5,-3123,0,414,416,native
ebde781a11596519c7a452de26bae83348e3cb54-dirty,1,1,2,1,0,808,blocked_spawn,17,0,1,1,0,-10080,0,301,303,native
ebde781a11596519c7a452de26bae83348e3cb54-dirty,1,1,2,1,0,809,equal_scores,9,0,0,2,2,-1419,0,234,236,native
ebde781a11596519c7a452de26bae83348e3cb54-dirty,1,1,2,1,0,2,heuristic_trajectory,17,0,0,5,2,-1514,0,414,416,native
ebde781a11596519c7a452de26bae83348e3cb54-dirty,1,1,2,1,0,602,high_stack_holes,34,0,3,3,12,-9633,0,774,776,native
ebde781a11596519c7a452de26bae83348e3cb54-dirty,1,1,2,1,0,804,last_candidate_winner,17,0,1,8,2,-2907,0,414,416,native
ebde781a11596519c7a452de26bae83348e3cb54-dirty,1,1,2,1,0,888,no_move,34,0,0,0,0,0,1,196,198,native
ebde781a11596519c7a452de26bae83348e3cb54-dirty,1,1,2,1,0,302,random_trajectory,34,0,1,7,4,-5004,0,774,776,native
ebde781a11596519c7a452de26bae83348e3cb54-dirty,1,1,2,1,0,898,walls,9,0,0,6,0,-852,0,234,236,native
ebde781a11596519c7a452de26bae83348e3cb54-dirty,1,1,2,1,0,832,wells,17,0,1,2,5,-2879,0,414,416,native
ebde781a11596519c7a452de26bae83348e3cb54-dirty,1,1,2,1,0,811,blocked_spawn,17,0,1,8,0,-5736,0,346,348,native
ebde781a11596519c7a452de26bae83348e3cb54-dirty,1,1,2,1,0,821,equal_scores,34,0,2,1,3,-2769,0,774,776,native
ebde781a11596519c7a452de26bae83348e3cb54-dirty,1,1,2,1,0,3,heuristic_trajectory,34,0,1,6,0,-887,0,774,776,native
ebde781a11596519c7a452de26bae83348e3cb54-dirty,1,1,2,1,0,603,high_stack_holes,34,0,1,6,14,-9429,0,672,674,native
ebde781a11596519c7a452de26bae83348e3cb54-dirty,1,1,2,1,0,807,last_candidate_winner,17,0,1,8,2,-1841,0,414,416,native
ebde781a11596519c7a452de26bae83348e3cb54-dirty,1,1,2,1,0,942,no_move,17,0,0,0,0,0,1,108,110,native
ebde781a11596519c7a452de26bae83348e3cb54-dirty,1,1,2,1,0,303,random_trajectory,17,0,1,0,8,-11769,0,176,178,native
ebde781a11596519c7a452de26bae83348e3cb54-dirty,1,1,2,1,0,911,walls,17,0,0,0,0,-975,0,414,416,native
ebde781a11596519c7a452de26bae83348e3cb54-dirty,1,1,2,1,0,846,wells,9,0,0,0,6,-3174,0,234,236,native
ebde781a11596519c7a452de26bae83348e3cb54-dirty,1,1,2,1,0,813,blocked_spawn,17,0,0,0,0,-8775,0,210,212,native
ebde781a11596519c7a452de26bae83348e3cb54-dirty,1,1,2,1,0,822,equal_scores,34,0,0,1,3,-1935,0,774,776,native
ebde781a11596519c7a452de26bae83348e3cb54-dirty,1,1,2,1,0,4,heuristic_trajectory,34,0,3,3,4,-3093,0,774,776,native
ebde781a11596519c7a452de26bae83348e3cb54-dirty,1,1,2,1,0,604,high_stack_holes,34,0,3,3,16,-13146,0,332,334,native
ebde781a11596519c7a452de26bae83348e3cb54-dirty,1,1,2,1,0,810,last_candidate_winner,17,0,1,8,1,-1710,0,414,416,native
ebde781a11596519c7a452de26bae83348e3cb54-dirty,1,1,2,1,0,969,no_move,9,0,0,0,0,0,1,64,66,native
ebde781a11596519c7a452de26bae83348e3cb54-dirty,1,1,2,1,0,304,random_trajectory,17,0,1,7,4,-4692,0,414,416,native
ebde781a11596519c7a452de26bae83348e3cb54-dirty,1,1,2,1,0,914,walls,17,0,0,1,0,-939,0,414,416,native
ebde781a11596519c7a452de26bae83348e3cb54-dirty,1,1,2,1,0,848,wells,17,0,1,3,5,-3123,0,414,416,native
ebde781a11596519c7a452de26bae83348e3cb54-dirty,1,1,2,1,0,814,blocked_spawn,17,0,1,4,0,-8349,0,176,178,native
ebde781a11596519c7a452de26bae83348e3cb54-dirty,1,1,2,1,0,830,equal_scores,17,0,1,5,2,-1914,0,414,416,native
ebde781a11596519c7a452de26bae83348e3cb54-dirty,1,1,2,1,0,5,heuristic_trajectory,9,0,0,6,2,-1896,0,234,236,native
ebde781a11596519c7a452de26bae83348e3cb54-dirty,1,1,2,1,0,605,high_stack_holes,34,0,3,6,3,-2393,0,774,776,native
ebde781a11596519c7a452de26bae83348e3cb54-dirty,1,1,2,1,0,812,last_candidate_winner,17,0,1,9,2,-1932,0,414,416,native
ebde781a11596519c7a452de26bae83348e3cb54-dirty,1,1,2,1,0,976,no_move,17,0,0,0,0,0,1,108,110,native
ebde781a11596519c7a452de26bae83348e3cb54-dirty,1,1,2,1,0,305,random_trajectory,17,0,1,4,15,-7695,0,414,416,native
ebde781a11596519c7a452de26bae83348e3cb54-dirty,1,1,2,1,0,922,walls,34,0,0,0,0,-888,0,774,776,native
ebde781a11596519c7a452de26bae83348e3cb54-dirty,1,1,2,1,0,858,wells,34,0,3,6,4,-2813,0,774,776,native
ebde781a11596519c7a452de26bae83348e3cb54-dirty,1,1,2,1,0,815,blocked_spawn,34,0,1,3,0,-11079,0,298,300,native
ebde781a11596519c7a452de26bae83348e3cb54-dirty,1,1,2,1,0,831,equal_scores,17,0,0,4,1,-1062,0,414,416,native
ebde781a11596519c7a452de26bae83348e3cb54-dirty,1,1,2,1,0,6,heuristic_trajectory,17,0,1,0,4,-2489,0,414,416,native
ebde781a11596519c7a452de26bae83348e3cb54-dirty,1,1,2,1,0,606,high_stack_holes,17,0,1,2,15,-10236,0,312,314,native
ebde781a11596519c7a452de26bae83348e3cb54-dirty,1,1,2,1,0,816,last_candidate_winner,34,0,3,8,2,-1496,0,774,776,native
ebde781a11596519c7a452de26bae83348e3cb54-dirty,1,1,2,1,0,986,no_move,9,0,0,0,0,0,1,64,66,native
ebde781a11596519c7a452de26bae83348e3cb54-dirty,1,1,2,1,0,306,random_trajectory,9,0,0,0,0,-1326,0,234,236,native
ebde781a11596519c7a452de26bae83348e3cb54-dirty,1,1,2,1,0,941,walls,17,0,0,6,0,-975,0,414,416,native
ebde781a11596519c7a452de26bae83348e3cb54-dirty,1,1,2,1,0,867,wells,34,0,2,6,5,-2843,0,774,776,native
ebde781a11596519c7a452de26bae83348e3cb54-dirty,1,1,2,1,0,818,blocked_spawn,9,0,0,5,0,-9615,0,132,134,native
ebde781a11596519c7a452de26bae83348e3cb54-dirty,1,1,2,1,0,836,equal_scores,34,0,1,7,2,-2004,0,774,776,native
ebde781a11596519c7a452de26bae83348e3cb54-dirty,1,1,2,1,0,7,heuristic_trajectory,9,0,0,8,3,-1644,0,234,236,native
ebde781a11596519c7a452de26bae83348e3cb54-dirty,1,1,2,1,0,607,high_stack_holes,34,0,1,7,16,-12111,0,706,708,native
ebde781a11596519c7a452de26bae83348e3cb54-dirty,1,1,2,1,0,819,last_candidate_winner,17,0,1,9,0,-1408,0,414,416,native
ebde781a11596519c7a452de26bae83348e3cb54-dirty,1,1,2,1,0,307,random_trajectory,17,0,1,0,17,-12723,0,142,144,native
ebde781a11596519c7a452de26bae83348e3cb54-dirty,1,1,2,1,0,961,walls,17,0,0,6,0,-939,0,414,416,native
ebde781a11596519c7a452de26bae83348e3cb54-dirty,1,1,2,1,0,868,wells,9,0,0,0,6,-3231,0,234,236,native
ebde781a11596519c7a452de26bae83348e3cb54-dirty,1,1,2,1,0,820,blocked_spawn,34,0,0,1,0,-7164,0,570,572,native
ebde781a11596519c7a452de26bae83348e3cb54-dirty,1,1,2,1,0,837,equal_scores,9,0,0,0,1,-1215,0,234,236,native
ebde781a11596519c7a452de26bae83348e3cb54-dirty,1,1,2,1,0,8,heuristic_trajectory,17,0,0,2,7,-3111,0,414,416,native
ebde781a11596519c7a452de26bae83348e3cb54-dirty,1,1,2,1,0,608,high_stack_holes,17,0,0,6,16,-9432,0,414,416,native
ebde781a11596519c7a452de26bae83348e3cb54-dirty,1,1,2,1,0,824,last_candidate_winner,17,0,1,8,0,-1248,0,414,416,native
ebde781a11596519c7a452de26bae83348e3cb54-dirty,1,1,2,1,0,308,random_trajectory,9,0,0,8,6,-8697,0,234,236,native
ebde781a11596519c7a452de26bae83348e3cb54-dirty,1,1,2,1,0,977,walls,17,0,0,6,0,-248,0,414,416,native
ebde781a11596519c7a452de26bae83348e3cb54-dirty,1,1,2,1,0,890,wells,9,0,0,8,6,-3102,0,234,236,native
ebde781a11596519c7a452de26bae83348e3cb54-dirty,1,1,2,1,0,823,blocked_spawn,34,0,1,7,16,-12003,0,366,368,native
ebde781a11596519c7a452de26bae83348e3cb54-dirty,1,1,2,1,0,849,equal_scores,9,0,0,4,4,-2598,0,234,236,native
ebde781a11596519c7a452de26bae83348e3cb54-dirty,1,1,2,1,0,9,heuristic_trajectory,17,0,1,0,4,-2754,0,414,416,native
ebde781a11596519c7a452de26bae83348e3cb54-dirty,1,1,2,1,0,609,high_stack_holes,34,0,1,2,14,-9735,0,638,640,native
ebde781a11596519c7a452de26bae83348e3cb54-dirty,1,1,2,1,0,825,last_candidate_winner,17,0,1,9,0,-182,0,414,416,native
ebde781a11596519c7a452de26bae83348e3cb54-dirty,1,1,2,1,0,309,random_trajectory,17,0,1,3,4,-2292,0,414,416,native
ebde781a11596519c7a452de26bae83348e3cb54-dirty,1,1,2,1,0,980,walls,34,0,0,6,0,-888,0,774,776,native
ebde781a11596519c7a452de26bae83348e3cb54-dirty,1,1,2,1,0,894,wells,34,0,1,4,4,-2206,0,774,776,native
ebde781a11596519c7a452de26bae83348e3cb54-dirty,1,1,2,1,0,828,blocked_spawn,17,0,1,8,0,-10881,0,176,178,native
ebde781a11596519c7a452de26bae83348e3cb54-dirty,1,1,2,1,0,853,equal_scores,9,0,0,0,1,-1026,0,234,236,native
ebde781a11596519c7a452de26bae83348e3cb54-dirty,1,1,2,1,0,10,heuristic_trajectory,17,0,0,3,1,-590,0,414,416,native
ebde781a11596519c7a452de26bae83348e3cb54-dirty,1,1,2,1,0,610,high_stack_holes,34,0,3,8,17,-11943,0,570,572,native
ebde781a11596519c7a452de26bae83348e3cb54-dirty,1,1,2,1,0,826,last_candidate_winner,17,0,1,9,3,-2333,0,414,416,native
ebde781a11596519c7a452de26bae83348e3cb54-dirty,1,1,2,1,0,310,random_trajectory,17,0,1,0,5,-10734,0,210,212,native
ebde781a11596519c7a452de26bae83348e3cb54-dirty,1,1,2,1,0,993,walls,34,0,0,6,0,-852,0,774,776,native
ebde781a11596519c7a452de26bae83348e3cb54-dirty,1,1,2,1,0,895,wells,17,0,1,9,0,-635,0,414,416,native
ebde781a11596519c7a452de26bae83348e3cb54-dirty,1,1,2,1,0,834,blocked_spawn,34,0,0,4,0,-7764,0,672,674,native
ebde781a11596519c7a452de26bae83348e3cb54-dirty,1,1,2,1,0,863,equal_scores,9,0,0,1,0,-720,0,234,236,native
ebde781a11596519c7a452de26bae83348e3cb54-dirty,1,1,2,1,0,11,heuristic_trajectory,34,0,2,5,2,-1282,0,774,776,native
ebde781a11596519c7a452de26bae83348e3cb54-dirty,1,1,2,1,0,611,high_stack_holes,17,0,1,0,7,-5439,0,414,416,native
ebde781a11596519c7a452de26bae83348e3cb54-dirty,1,1,2,1,0,829,last_candidate_winner,34,0,3,8,1,-1506,0,774,776,native
ebde781a11596519c7a452de26bae83348e3cb54-dirty,1,1,2,1,0,311,random_trajectory,17,0,0,0,0,-222,0,414,416,native
ebde781a11596519c7a452de26bae83348e3cb54-dirty,1,1,2,1,0,907,wells,34,0,3,8,5,-2879,0,774,776,native
ebde781a11596519c7a452de26bae83348e3cb54-dirty,1,1,2,1,0,835,blocked_spawn,34,0,3,0,0,-5664,0,400,402,native
ebde781a11596519c7a452de26bae83348e3cb54-dirty,1,1,2,1,0,870,equal_scores,17,0,0,2,2,-1728,0,414,416,native
ebde781a11596519c7a452de26bae83348e3cb54-dirty,1,1,2,1,0,12,heuristic_trajectory,17,0,1,8,5,-3428,0,414,416,native
ebde781a11596519c7a452de26bae83348e3cb54-dirty,1,1,2,1,0,612,high_stack_holes,17,0,1,1,13,-9921,0,267,269,native
ebde781a11596519c7a452de26bae83348e3cb54-dirty,1,1,2,1,0,833,last_candidate_winner,34,0,3,8,1,-1091,0,774,776,native
ebde781a11596519c7a452de26bae83348e3cb54-dirty,1,1,2,1,0,312,random_trajectory,9,0,0,7,4,-4317,0,234,236,native
ebde781a11596519c7a452de26bae83348e3cb54-dirty,1,1,2,1,0,908,wells,34,0,3,1,4,-2140,0,774,776,native
ebde781a11596519c7a452de26bae83348e3cb54-dirty,1,1,2,1,0,838,blocked_spawn,17,0,1,2,0,-9483,0,233,235,native
ebde781a11596519c7a452de26bae83348e3cb54-dirty,1,1,2,1,0,878,equal_scores,9,0,0,4,3,-2502,0,234,236,native
ebde781a11596519c7a452de26bae83348e3cb54-dirty,1,1,2,1,0,13,heuristic_trajectory,34,0,1,1,0,-749,0,774,776,native
ebde781a11596519c7a452de26bae83348e3cb54-dirty,1,1,2,1,0,613,high_stack_holes,34,0,1,4,15,-13692,0,298,300,native
ebde781a11596519c7a452de26bae83348e3cb54-dirty,1,1,2,1,0,841,last_candidate_winner,17,0,1,8,0,-774,0,414,416,native
ebde781a11596519c7a452de26bae83348e3cb54-dirty,1,1,2,1,0,313,random_trajectory,34,0,1,5,15,-10410,0,400,402,native
ebde781a11596519c7a452de26bae83348e3cb54-dirty,1,1,2,1,0,929,wells,34,0,1,0,5,-2843,0,774,776,native
ebde781a11596519c7a452de26bae83348e3cb54-dirty,1,1,2,1,0,840,blocked_spawn,34,0,0,6,0,-7713,0,434,436,native
ebde781a11596519c7a452de26bae83348e3cb54-dirty,1,1,2,1,0,880,equal_scores,9,0,0,0,3,-2226,0,234,236,native
ebde781a11596519c7a452de26bae83348e3cb54-dirty,1,1,2,1,0,14,heuristic_trajectory,17,0,0,5,2,-1743,0,414,416,native
ebde781a11596519c7a452de26bae83348e3cb54-dirty,1,1,2,1,0,614,high_stack_holes,17,0,0,0,0,-633,0,414,416,native
ebde781a11596519c7a452de26bae83348e3cb54-dirty,1,1,2,1,0,847,last_candidate_winner,34,0,3,8,1,-1073,0,774,776,native
ebde781a11596519c7a452de26bae83348e3cb54-dirty,1,1,2,1,0,314,random_trajectory,9,0,0,0,0,-1326,0,234,236,native
ebde781a11596519c7a452de26bae83348e3cb54-dirty,1,1,2,1,0,937,wells,34,0,2,2,5,-3195,0,774,776,native
ebde781a11596519c7a452de26bae83348e3cb54-dirty,1,1,2,1,0,842,blocked_spawn,17,0,1,1,0,-4098,0,312,314,native
ebde781a11596519c7a452de26bae83348e3cb54-dirty,1,1,2,1,0,886,equal_scores,17,0,0,2,0,-1662,0,414,416,native
ebde781a11596519c7a452de26bae83348e3cb54-dirty,1,1,2,1,0,15,heuristic_trajectory,17,0,1,0,5,-2412,0,414,416,native
ebde781a11596519c7a452de26bae83348e3cb54-dirty,1,1,2,1,0,615,high_stack_holes,17,0,0,6,12,-9180,0,301,303,native
ebde781a11596519c7a452de26bae83348e3cb54-dirty,1,1,2,1,0,850,last_candidate_winner,17,0,1,8,0,-1524,0,414,416,native
ebde781a11596519c7a452de26bae83348e3cb54-dirty,1,1,2,1,0,315,random_trajectory,9,0,0,0,6,-11496,0,132,134,native
ebde781a11596519c7a452de26bae83348e3cb54-dirty,1,1,2,1,0,943,wells,17,0,1,0,5,-2897,0,414,416,native
ebde781a11596519c7a452de26bae83348e3cb54-dirty,1,1,2,1,0,843,blocked_spawn,34,0,1,6,0,-11250,0,298,300,native
ebde781a11596519c7a452de26bae83348e3cb54-dirty,1,1,2,1,0,887,equal_scores,17,0,0,2,4,-2238,0,414,416,native
ebde781a11596519c7a452de26bae83348e3cb54-dirty,1,1,2,1,0,16,heuristic_trajectory,34,0,1,8,0,-530,0,774,776,native
ebde781a11596519c7a452de26bae83348e3cb54-dirty,1,1,2,1,0,616,high_stack_holes,34,0,1,0,17,-12330,0,434,436,native
ebde781a11596519c7a452de26bae83348e3cb54-dirty,1,1,2,1,0,857,last_candidate_winner,34,0,3,8,0,-932,0,774,776,native
ebde781a11596519c7a452de26bae83348e3cb54-dirty,1,1,2,1,0,316,random_trajectory,34,0,1,5,0,-1566,0,774,776,native
ebde781a11596519c7a452de26bae83348e3cb54-dirty,1,1,2,1,0,945,wells,34,0,2,7,5,-2861,0,774,776,native
ebde781a11596519c7a452de26bae83348e3cb54-dirty,1,1,2,1,0,844,blocked_spawn,9,0,0,1,0,-4869,0,200,202,native
ebde781a11596519c7a452de26bae83348e3cb54-dirty,1,1,2,1,0,896,equal_scores,17,0,1,0,6,-3537,0,414,416,native
ebde781a11596519c7a452de26bae83348e3cb54-dirty,1,1,2,1,0,17,heuristic_trajectory,17,0,0,6,2,-942,0,414,416,native
ebde781a11596519c7a452de26bae83348e3cb54-dirty,1,1,2,1,0,617,high_stack_holes,34,0,2,5,13,-10233,0,774,776,native
ebde781a11596519c7a452de26bae83348e3cb54-dirty,1,1,2,1,0,859,last_candidate_winner,34,0,3,8,3,-1848,0,774,776,native
ebde781a11596519c7a452de26bae83348e3cb54-dirty,1,1,2,1,0,317,random_trajectory,17,0,1,0,5,-10734,0,210,212,native
ebde781a11596519c7a452de26bae83348e3cb54-dirty,1,1,2,1,0,948,wells,17,0,0,7,6,-3189,0,414,416,native
ebde781a11596519c7a452de26bae83348e3cb54-dirty,1,1,2,1,0,852,blocked_spawn,34,0,2,1,17,-12777,0,366,368,native
ebde781a11596519c7a452de26bae83348e3cb54-dirty,1,1,2,1,0,897,equal_scores,9,0,0,1,0,-840,0,234,236,native
ebde781a11596519c7a452de26bae83348e3cb54-dirty,1,1,2,1,0,18,heuristic_trajectory,34,0,3,2,2,-1430,0,774,776,native
ebde781a11596519c7a452de26bae83348e3cb54-dirty,1,1,2,1,0,618,high_stack_holes,9,0,0,1,18,-9333,0,166,168,native
ebde781a11596519c7a452de26bae83348e3cb54-dirty,1,1,2,1,0,865,last_candidate_winner,34,0,3,8,0,-629,0,774,776,native
ebde781a11596519c7a452de26bae83348e3cb54-dirty,1,1,2,1,0,318,random_trajectory,17,0,1,4,15,-7695,0,414,416,native
ebde781a11596519c7a452de26bae83348e3cb54-dirty,1,1,2,1,0,957,wells,17,0,1,1,5,-2915,0,414,416,native
ebde781a11596519c7a452de26bae83348e3cb54-dirty,1,1,2,1,0,854,blocked_spawn,17,0,1,3,0,-10335,0,312,314,native
ebde781a11596519c7a452de26bae83348e3cb54-dirty,1,1,2,1,0,899,equal_scores,17,0,0,4,0,-702,0,414,416,native
ebde781a11596519c7a452de26bae83348e3cb54-dirty,1,1,2,1,0,19,heuristic_trajectory,34,0,1,2,2,-2118,0,774,776,native
ebde781a11596519c7a452de26bae83348e3cb54-dirty,1,1,2,1,0,619,high_stack_holes,9,0,0,3,17,-12324,0,166,168,native
ebde781a11596519c7a452de26bae83348e3cb54-dirty,1,1,2,1,0,869,last_candidate_winner,17,0,1,9,2,-3885,0,414,416,native
ebde781a11596519c7a452de26bae83348e3cb54-dirty,1,1,2,1,0,319,random_trajectory,9,0,0,0,6,-11496,0,132,134,native
ebde781a11596519c7a452de26bae83348e3cb54-dirty,1,1,2,1,0,962,wells,17,0,1,0,0,-1272,0,414,416,native
ebde781a11596519c7a452de26bae83348e3cb54-dirty,1,1,2,1,0,855,blocked_spawn,17,0,0,4,0,-7836,0,380,382,native
ebde781a11596519c7a452de26bae83348e3cb54-dirty,1,1,2,1,0,905,equal_scores,17,0,1,3,0,-1116,0,414,416,native
ebde781a11596519c7a452de26bae83348e3cb54-dirty,1,1,2,1,0,20,heuristic_trajectory,34,0,2,3,0,-1008,0,774,776,native
ebde781a11596519c7a452de26bae83348e3cb54-dirty,1,1,2,1,0,620,high_stack_holes,9,0,0,0,0,0,1,64,66,native
ebde781a11596519c7a452de26bae83348e3cb54-dirty,1,1,2,1,0,876,last_candidate_winner,34,0,3,8,3,-3377,0,774,776,native
ebde781a11596519c7a452de26bae83348e3cb54-dirty,1,1,2,1,0,320,random_trajectory,34,0,1,5,0,-2808,0,774,776,native
ebde781a11596519c7a452de26bae83348e3cb54-dirty,1,1,2,1,0,967,wells,17,0,1,7,5,-2915,0,414,416,native
ebde781a11596519c7a452de26bae83348e3cb54-dirty,1,1,2,1,0,856,blocked_spawn,34,0,1,6,0,-7074,0,604,606,native
ebde781a11596519c7a452de26bae83348e3cb54-dirty,1,1,2,1,0,909,equal_scores,9,0,0,1,4,-1971,0,234,236,native
ebde781a11596519c7a452de26bae83348e3cb54-dirty,1,1,2,1,0,21,heuristic_trajectory,34,0,0,7,5,-3086,0,774,776,native
ebde781a11596519c7a452de26bae83348e3cb54-dirty,1,1,2,1,0,621,high_stack_holes,17,0,1,2,13,-9933,0,233,235,native
ebde781a11596519c7a452de26bae83348e3cb54-dirty,1,1,2,1,0,877,last_candidate_winner,17,0,1,8,0,-578,0,414,416,native
ebde781a11596519c7a452de26bae83348e3cb54-dirty,1,1,2,1,0,321,random_trajectory,9,0,0,0,0,-1326,0,234,236,native
ebde781a11596519c7a452de26bae83348e3cb54-dirty,1,1,2,1,0,984,wells,17,0,0,1,6,-3336,0,414,416,native
ebde781a11596519c7a452de26bae83348e3cb54-dirty,1,1,2,1,0,860,blocked_spawn,17,0,0,1,0,-7212,0,278,280,native
ebde781a11596519c7a452de26bae83348e3cb54-dirty,1,1,2,1,0,910,equal_scores,17,0,0,3,3,-1746,0,414,416,native
ebde781a11596519c7a452de26bae83348e3cb54-dirty,1,1,2,1,0,22,heuristic_trajectory,34,0,3,8,2,-1856,0,774,776,native
ebde781a11596519c7a452de26bae83348e3cb54-dirty,1,1,2,1,0,622,high_stack_holes,17,0,1,1,15,-10368,0,301,303,native
ebde781a11596519c7a452de26bae83348e3cb54-dirty,1,1,2,1,0,883,last_candidate_winner,34,0,3,8,7,-4874,0,774,776,native
ebde781a11596519c7a452de26bae83348e3cb54-dirty,1,1,2,1,0,322,random_trajectory,34,0,3,0,11,-12006,0,264,266,native
ebde781a11596519c7a452de26bae83348e3cb54-dirty,1,1,2,1,0,990,wells,34,0,3,3,4,-2206,0,774,776,native
ebde781a11596519c7a452de26bae83348e3cb54-dirty,1,1,2,1,0,861,blocked_spawn,17,0,1,1,0,-7740,0,335,337,native
ebde781a11596519c7a452de26bae83348e3cb54-dirty,1,1,2,1,0,912,equal_scores,34,0,3,1,2,-2169,0,774,776,native
ebde781a11596519c7a452de26bae83348e3cb54-dirty,1,1,2,1,0,23,heuristic_trajectory,34,0,2,2,8,-3351,0,774,776,native
ebde781a11596519c7a452de26bae83348e3cb54-dirty,1,1,2,1,0,623,high_stack_holes,17,0,0,7,6,-4092,0,414,416,native
ebde781a11596519c7a452de26bae83348e3cb54-dirty,1,1,2,1,0,893,last_candidate_winner,34,0,3,8,3,-2060,0,774,776,native
ebde781a11596519c7a452de26bae83348e3cb54-dirty,1,1,2,1,0,323,random_trajectory,17,0,1,0,17,-12723,0,142,144,native
ebde781a11596519c7a452de26bae83348e3cb54-dirty,1,1,2,1,0,994,wells,34,0,1,0,4,-2224,0,774,776,native
ebde781a11596519c7a452de26bae83348e3cb54-dirty,1,1,2,1,0,862,blocked_spawn,17,0,1,6,17,-11988,0,210,212,native
ebde781a11596519c7a452de26bae83348e3cb54-dirty,1,1,2,1,0,917,equal_scores,17,0,0,4,2,-1830,0,414,416,native
ebde781a11596519c7a452de26bae83348e3cb54-dirty,1,1,2,1,0,24,heuristic_trajectory,17,0,0,4,4,-2568,0,414,416,native
ebde781a11596519c7a452de26bae83348e3cb54-dirty,1,1,2,1,0,624,high_stack_holes,17,0,1,5,13,-10377,0,244,246,native
ebde781a11596519c7a452de26bae83348e3cb54-dirty,1,1,2,1,0,900,last_candidate_winner,17,0,1,9,2,-1910,0,414,416,native
ebde781a11596519c7a452de26bae83348e3cb54-dirty,1,1,2,1,0,324,random_trajectory,34,0,3,4,15,-9351,0,536,538,native
ebde781a11596519c7a452de26bae83348e3cb54-dirty,1,1,2,1,0,864,blocked_spawn,17,0,1,1,0,-11829,0,176,178,native
ebde781a11596519c7a452de26bae83348e3cb54-dirty,1,1,2,1,0,919,equal_scores,17,0,0,3,0,-702,0,414,416,native
ebde781a11596519c7a452de26bae83348e3cb54-dirty,1,1,2,1,0,25,heuristic_trajectory,17,0,1,9,0,-1473,0,414,416,native
ebde781a11596519c7a452de26bae83348e3cb54-dirty,1,1,2,1,0,625,high_stack_holes,9,0,0,7,17,-11961,0,166,168,native
ebde781a11596519c7a452de26bae83348e3cb54-dirty,1,1,2,1,0,904,last_candidate_winner,34,0,3,8,1,-1227,0,774,776,native
ebde781a11596519c7a452de26bae83348e3cb54-dirty,1,1,2,1,0,325,random_trajectory,17,0,1,9,8,-11190,0,176,178,native
ebde781a11596519c7a452de26bae83348e3cb54-dirty,1,1,2,1,0,866,blocked_spawn,34,0,1,8,0,-10341,0,298,300,native
ebde781a11596519c7a452de26bae83348e3cb54-dirty,1,1,2,1,0,920,equal_scores,34,0,0,0,0,-462,0,774,776,native
ebde781a11596519c7a452de26bae83348e3cb54-dirty,1,1,2,1,0,26,heuristic_trajectory,9,0,0,0,8,-3624,0,234,236,native
ebde781a11596519c7a452de26bae83348e3cb54-dirty,1,1,2,1,0,626,high_stack_holes,17,0,0,1,11,-6681,0,414,416,native
ebde781a11596519c7a452de26bae83348e3cb54-dirty,1,1,2,1,0,915,last_candidate_winner,34,0,3,8,1,-1503,0,774,776,native
ebde781a11596519c7a452de26bae83348e3cb54-dirty,1,1,2,1,0,326,random_trajectory,34,0,1,5,15,-10410,0,400,402,native
ebde781a11596519c7a452de26bae83348e3cb54-dirty,1,1,2,1,0,871,blocked_spawn,9,0,0,3,0,-5529,0,200,202,native
ebde781a11596519c7a452de26bae83348e3cb54-dirty,1,1,2,1,0,924,equal_scores,34,0,1,1,2,-2154,0,774,776,native
ebde781a11596519c7a452de26bae83348e3cb54-dirty,1,1,2,1,0,27,heuristic_trajectory,34,0,2,0,2,-1881,0,774,776,native
ebde781a11596519c7a452de26bae83348e3cb54-dirty,1,1,2,1,0,627,high_stack_holes,17,0,1,0,13,-9066,0,278,280,native
ebde781a11596519c7a452de26bae83348e3cb54-dirty,1,1,2,1,0,918,last_candidate_winner,17,0,1,8,1,-1467,0,414,416,native
ebde781a11596519c7a452de26bae83348e3cb54-dirty,1,1,2,1,0,327,random_trajectory,34,0,1,8,8,-8883,0,774,776,native
ebde781a11596519c7a452de26bae83348e3cb54-dirty,1,1,2,1,0,872,blocked_spawn,34,0,1,7,0,-10923,0,366,368,native
ebde781a11596519c7a452de26bae83348e3cb54-dirty,1,1,2,1,0,925,equal_scores,34,0,0,3,5,-2751,0,774,776,native
ebde781a11596519c7a452de26bae83348e3cb54-dirty,1,1,2,1,0,28,heuristic_trajectory,9,0,0,1,4,-2274,0,234,236,native
ebde781a11596519c7a452de26bae83348e3cb54-dirty,1,1,2,1,0,628,high_stack_holes,17,0,1,1,1,-13359,0,199,201,native
ebde781a11596519c7a452de26bae83348e3cb54-dirty,1,1,2,1,0,921,last_candidate_winner,34,0,3,8,0,-702,0,774,776,native
ebde781a11596519c7a452de26bae83348e3cb54-dirty,1,1,2,1,0,328,random_trajectory,17,0,1,9,12,-12276,0,176,178,native
ebde781a11596519c7a452de26bae83348e3cb54-dirty,1,1,2,1,0,873,blocked_spawn,34,0,2,7,18,-13584,0,230,232,native
ebde781a11596519c7a452de26bae83348e3cb54-dirty,1,1,2,1,0,928,equal_scores,34,0,1,3,1,-1608,0,774,776,native
ebde781a11596519c7a452de26bae83348e3cb54-dirty,1,1,2,1,0,29,heuristic_trajectory,17,0,1,6,0,-662,0,414,416,native
ebde781a11596519c7a452de26bae83348e3cb54-dirty,1,1,2,1,0,629,high_stack_holes,17,0,0,5,0,-2277,0,414,416,native
ebde781a11596519c7a452de26bae83348e3cb54-dirty,1,1,2,1,0,932,last_candidate_winner,17,0,1,9,2,-1688,0,414,416,native
ebde781a11596519c7a452de26bae83348e3cb54-dirty,1,1,2,1,0,329,random_trajectory,34,0,0,0,0,-948,0,774,776,native
ebde781a11596519c7a452de26bae83348e3cb54-dirty,1,1,2,1,0,874,blocked_spawn,34,0,3,3,17,-11445,0,400,402,native
ebde781a11596519c7a452de26bae83348e3cb54-dirty,1,1,2,1,0,930,equal_scores,34,0,2,2,0,-942,0,774,776,native
ebde781a11596519c7a452de26bae83348e3cb54-dirty,1,1,2,1,0,30,heuristic_trajectory,34,0,2,6,2,-1616,0,774,776,native
ebde781a11596519c7a452de26bae83348e3cb54-dirty,1,1,2,1,0,630,high_stack_holes,34,0,2,1,14,-8877,0,604,606,native
ebde781a11596519c7a452de26bae83348e3cb54-dirty,1,1,2,1,0,935,last_candidate_winner,34,0,3,8,3,-2759,0,774,776,native
ebde781a11596519c7a452de26bae83348e3cb54-dirty,1,1,2,1,0,330,random_trajectory,9,0,0,0,0,-1326,0,234,236,native
ebde781a11596519c7a452de26bae83348e3cb54-dirty,1,1,2,1,0,875,blocked_spawn,17,0,1,4,17,-11805,0,176,178,native
ebde781a11596519c7a452de26bae83348e3cb54-dirty,1,1,2,1,0,934,equal_scores,34,0,0,7,2,-1128,0,774,776,native
ebde781a11596519c7a452de26bae83348e3cb54-dirty,1,1,2,1,0,31,heuristic_trajectory,9,0,0,2,1,-1251,0,234,236,native
ebde781a11596519c7a452de26bae83348e3cb54-dirty,1,1,2,1,0,631,high_stack_holes,34,0,3,0,17,-12147,0,434,436,native
ebde781a11596519c7a452de26bae83348e3cb54-dirty,1,1,2,1,0,946,last_candidate_winner,17,0,1,8,2,-1448,0,414,416,native
ebde781a11596519c7a452de26bae83348e3cb54-dirty,1,1,2,1,0,331,random_trajectory,34,0,1,7,4,-5004,0,774,776,native
ebde781a11596519c7a452de26bae83348e3cb54-dirty,1,1,2,1,0,879,blocked_spawn,17,0,1,6,0,-12738,0,199,201,native
ebde781a11596519c7a452de26bae83348e3cb54-dirty,1,1,2,1,0,936,equal_scores,34,0,0,4,0,-567,0,774,776,native
ebde781a11596519c7a452de26bae83348e3cb54-dirty,1,1,2,1,0,32,heuristic_trajectory,34,0,3,1,3,-2172,0,774,776,native
ebde781a11596519c7a452de26bae83348e3cb54-dirty,1,1,2,1,0,632,high_stack_holes,34,0,2,0,3,-2820,0,774,776,native
ebde781a11596519c7a452de26bae83348e3cb54-dirty,1,1,2,1,0,947,last_candidate_winner,17,0,1,9,1,-1361,0,414,416,native
ebde781a11596519c7a452de26bae83348e3cb54-dirty,1,1,2,1,0,332,random_trajectory,17,0,0,4,18,-11058,0,210,212,native
ebde781a11596519c7a452de26bae83348e3cb54-dirty,1,1,2,1,0,881,blocked_spawn,17,0,1,0,0,-8637,0,244,246,native
ebde781a11596519c7a452de26bae83348e3cb54-dirty,1,1,2,1,0,944,equal_scores,17,0,0,6,1,-912,0,414,416,native
ebde781a11596519c7a452de26bae83348e3cb54-dirty,1,1,2,1,0,33,heuristic_trajectory,9,0,0,0,8,-3624,0,234,236,native
ebde781a11596519c7a452de26bae83348e3cb54-dirty,1,1,2,1,0,633,high_stack_holes,17,0,1,4,15,-10083,0,267,269,native
ebde781a11596519c7a452de26bae83348e3cb54-dirty,1,1,2,1,0,949,last_candidate_winner,17,0,1,9,1,-1280,0,414,416,native
ebde781a11596519c7a452de26bae83348e3cb54-dirty,1,1,2,1,0,333,random_trajectory,34,0,1,5,0,-1566,0,774,776,native
ebde781a11596519c7a452de26bae83348e3cb54-dirty,1,1,2,1,0,884,blocked_spawn,9,0,0,1,0,-7926,0,200,202,native
ebde781a11596519c7a452de26bae83348e3cb54-dirty,1,1,2,1,0,950,equal_scores,34,0,1,6,2,-1968,0,774,776,native
ebde781a11596519c7a452de26bae83348e3cb54-dirty,1,1,2,1,0,34,heuristic_trajectory,17,0,0,4,1,-1353,0,414,416,native
ebde781a11596519c7a452de26bae83348e3cb54-dirty,1,1,2,1,0,634,high_stack_holes,17,0,1,8,17,-12813,0,199,201,native
ebde781a11596519c7a452de26bae83348e3cb54-dirty,1,1,2,1,0,951,last_candidate_winner,9,0,0,8,4,-2355,0,234,236,native
ebde781a11596519c7a452de26bae83348e3cb54-dirty,1,1,2,1,0,334,random_trajectory,17,0,1,9,12,-12276,0,176,178,native
ebde781a11596519c7a452de26bae83348e3cb54-dirty,1,1,2,1,0,885,blocked_spawn,34,0,0,3,0,-8553,0,604,606,native
ebde781a11596519c7a452de26bae83348e3cb54-dirty,1,1,2,1,0,952,equal_scores,9,0,0,2,0,-858,0,234,236,native
ebde781a11596519c7a452de26bae83348e3cb54-dirty,1,1,2,1,0,35,heuristic_trajectory,34,0,3,3,2,-2234,0,774,776,native
ebde781a11596519c7a452de26bae83348e3cb54-dirty,1,1,2,1,0,635,high_stack_holes,34,0,2,3,6,-4143,0,774,776,native
ebde781a11596519c7a452de26bae83348e3cb54-dirty,1,1,2,1,0,953,last_candidate_winner,9,0,0,8,5,-2601,0,234,236,native
ebde781a11596519c7a452de26bae83348e3cb54-dirty,1,1,2,1,0,335,random_trajectory,34,0,0,0,0,-948,0,774,776,native
ebde781a11596519c7a452de26bae83348e3cb54-dirty,1,1,2,1,0,889,blocked_spawn,17,0,0,1,0,-4122,0,369,371,native
ebde781a11596519c7a452de26bae83348e3cb54-dirty,1,1,2,1,0,954,equal_scores,17,0,1,0,2,-978,0,414,416,native
ebde781a11596519c7a452de26bae83348e3cb54-dirty,1,1,2,1,0,36,heuristic_trajectory,17,0,1,0,4,-2489,0,414,416,native
ebde781a11596519c7a452de26bae83348e3cb54-dirty,1,1,2,1,0,636,high_stack_holes,34,0,1,2,12,-9732,0,366,368,native
ebde781a11596519c7a452de26bae83348e3cb54-dirty,1,1,2,1,0,971,last_candidate_winner,17,0,1,8,3,-2155,0,414,416,native
ebde781a11596519c7a452de26bae83348e3cb54-dirty,1,1,2,1,0,336,random_trajectory,17,0,0,0,0,-222,0,414,416,native
ebde781a11596519c7a452de26bae83348e3cb54-dirty,1,1,2,1,0,891,blocked_spawn,17,0,0,4,0,-9477,0,176,178,native
ebde781a11596519c7a452de26bae83348e3cb54-dirty,1,1,2,1,0,956,equal_scores,9,0,0,0,4,-2529,0,234,236,native
ebde781a11596519c7a452de26bae83348e3cb54-dirty,1,1,2,1,0,37,heuristic_trajectory,17,0,1,0,8,-3744,0,414,416,native
ebde781a11596519c7a452de26bae83348e3cb54-dirty,1,1,2,1,0,637,high_stack_holes,34,0,3,7,14,-13485,0,298,300,native
ebde781a11596519c7a452de26bae83348e3cb54-dirty,1,1,2,1,0,972,last_candidate_winner,17,0,1,9,0,-578,0,414,416,native
ebde781a11596519c7a452de26bae83348e3cb54-dirty,1,1,2,1,0,337,random_trajectory,34,0,1,5,0,-2808,0,774,776,native
ebde781a11596519c7a452de26bae83348e3cb54-dirty,1,1,2,1,0,892,blocked_spawn,34,0,1,5,0,-5955,0,502,504,native
ebde781a11596519c7a452de26bae83348e3cb54-dirty,1,1,2,1,0,958,equal_scores,9,0,0,1,4,-2238,0,234,236,native
ebde781a11596519c7a452de26bae83348e3cb54-dirty,1,1,2,1,0,38,heuristic_trajectory,17,0,1,6,3,-2088,0,414,416,native
ebde781a11596519c7a452de26bae83348e3cb54-dirty,1,1,2,1,0,638,high_stack_holes,17,0,1,1,11,-7596,0,414,416,native
ebde781a11596519c7a452de26bae83348e3cb54-dirty,1,1,2,1,0,979,last_candidate_winner,9,0,0,8,2,-1863,0,234,236,native
ebde781a11596519c7a452de26bae83348e3cb54-dirty,1,1,2,1,0,338,random_trajectory,34,0,1,5,0,-2808,0,774,776,native
ebde781a11596519c7a452de26bae83348e3cb54-dirty,1,1,2,1,0,901,blocked_spawn,34,0,1,3,0,-7452,0,570,572,native
ebde781a11596519c7a452de26bae83348e3cb54-dirty,1,1,2,1,0,959,equal_scores,17,0,0,3,0,-564,0,414,416,native
ebde781a11596519c7a452de26bae83348e3cb54-dirty,1,1,2,1,0,39,heuristic_trajectory,34,0,1,6,0,-887,0,774,776,native
ebde781a11596519c7a452de26bae83348e3cb54-dirty,1,1,2,1,0,639,high_stack_holes,34,0,3,4,14,-9300,0,774,776,native
ebde781a11596519c7a452de26bae83348e3cb54-dirty,1,1,2,1,0,988,last_candidate_winner,9,0,0,8,8,-5001,0,234,236,native
ebde781a11596519c7a452de26bae83348e3cb54-dirty,1,1,2,1,0,339,random_trajectory,34,0,1,7,4,-5004,0,774,776,native
ebde781a11596519c7a452de26bae83348e3cb54-dirty,1,1,2,1,0,902,blocked_spawn,17,0,1,3,0,-11055,0,244,246,native
ebde781a11596519c7a452de26bae83348e3cb54-dirty,1,1,2,1,0,963,equal_scores,17,0,0,1,1,-702,0,414,416,native
ebde781a11596519c7a452de26bae83348e3cb54-dirty,1,1,2,1,0,40,heuristic_trajectory,34,0,0,5,1,-1004,0,774,776,native
ebde781a11596519c7a452de26bae83348e3cb54-dirty,1,1,2,1,0,640,high_stack_holes,17,0,1,6,7,-11598,0,312,314,native
ebde781a11596519c7a452de26bae83348e3cb54-dirty,1,1,2,1,0,989,last_candidate_winner,17,0,1,9,2,-3917,0,414,416,native
ebde781a11596519c7a452de26bae83348e3cb54-dirty,1,1,2,1,0,340,random_trajectory,17,0,0,0,0,-222,0,414,416,native
ebde781a11596519c7a452de26bae83348e3cb54-dirty,1,1,2,1,0,903,blocked_spawn,17,0,1,0,0,-4215,0,301,303,native
ebde781a11596519c7a452de26bae83348e3cb54-dirty,1,1,2,1,0,964,equal_scores,17,0,0,1,0,-702,0,414,416,native
ebde781a11596519c7a452de26bae83348e3cb54-dirty,1,1,2,1,0,41,heuristic_trajectory,17,0,1,8,1,-993,0,414,416,native
ebde781a11596519c7a452de26bae83348e3cb54-dirty,1,1,2,1,0,641,high_stack_holes,17,0,0,0,0,0,1,108,110,native
ebde781a11596519c7a452de26bae83348e3cb54-dirty,1,1,2,1,0,998,last_candidate_winner,17,0,1,9,0,-1761,0,414,416,native
ebde781a11596519c7a452de26bae83348e3cb54-dirty,1,1,2,1,0,341,random_trajectory,17,0,1,9,12,-12276,0,176,178,native
ebde781a11596519c7a452de26bae83348e3cb54-dirty,1,1,2,1,0,906,blocked_spawn,9,0,0,0,0,-7737,0,166,168,native
ebde781a11596519c7a452de26bae83348e3cb54-dirty,1,1,2,1,0,968,equal_scores,34,0,0,6,3,-2307,0,774,776,native
ebde781a11596519c7a452de26bae83348e3cb54-dirty,1,1,2,1,0,42,heuristic_trajectory,9,0,0,0,6,-2682,0,234,236,native
ebde781a11596519c7a452de26bae83348e3cb54-dirty,1,1,2,1,0,642,high_stack_holes,17,0,1,3,13,-8832,0,414,416,native
ebde781a11596519c7a452de26bae83348e3cb54-dirty,1,1,2,1,0,999,last_candidate_winner,17,0,1,9,0,-356,0,414,416,native
ebde781a11596519c7a452de26bae83348e3cb54-dirty,1,1,2,1,0,342,random_trajectory,9,0,0,8,6,-8697,0,234,236,native
ebde781a11596519c7a452de26bae83348e3cb54-dirty,1,1,2,1,0,913,blocked_spawn,17,0,1,1,0,-8364,0,244,246,native
ebde781a11596519c7a452de26bae83348e3cb54-dirty,1,1,2,1,0,970,equal_scores,17,0,1,0,3,-1284,0,414,416,native
ebde781a11596519c7a452de26bae83348e3cb54-dirty,1,1,2,1,0,43,heuristic_trajectory,17,0,1,7,2,-1983,0,414,416,native
ebde781a11596519c7a452de26bae83348e3cb54-dirty,1,1,2,1,0,643,high_stack_holes,9,0,0,2,15,-10212,0,166,168,native
ebde781a11596519c7a452de26bae83348e3cb54-dirty,1,1,2,1,0,343,random_trajectory,34,0,3,4,15,-9351,0,536,538,native
ebde781a11596519c7a452de26bae83348e3cb54-dirty,1,1,2,1,0,916,blocked_spawn,17,0,1,7,0,-12486,0,244,246,native
ebde781a11596519c7a452de26bae83348e3cb54-dirty,1,1,2,1,0,982,equal_scores,34,0,0,4,3,-2172,0,774,776,native
ebde781a11596519c7a452de26bae83348e3cb54-dirty,1,1,2,1,0,44,heuristic_trajectory,17,0,1,8,0,-836,0,414,416,native
ebde781a11596519c7a452de26bae83348e3cb54-dirty,1,1,2,1,0,644,high_stack_holes,17,0,0,6,2,-1926,0,414,416,native
ebde781a11596519c7a452de26bae83348e3cb54-dirty,1,1,2,1,0,344,random_trajectory,17,0,1,9,12,-12276,0,176,178,native
ebde781a11596519c7a452de26bae83348e3cb54-dirty,1,1,2,1,0,923,blocked_spawn,34,0,0,0,17,-12213,0,570,572,native
ebde781a11596519c7a452de26bae83348e3cb54-dirty,1,1,2,1,0,985,equal_scores,17,0,0,3,3,-2466,0,414,416,native
ebde781a11596519c7a452de26bae83348e3cb54-dirty,1,1,2,1,0,45,heuristic_trajectory,17,0,1,9,1,-943,0,414,416,native
ebde781a11596519c7a452de26bae83348e3cb54-dirty,1,1,2,1,0,645,high_stack_holes,9,0,0,1,15,-9438,0,200,202,native
ebde781a11596519c7a452de26bae83348e3cb54-dirty,1,1,2,1,0,345,random_trajectory,34,0,1,5,0,-1566,0,774,776,native
ebde781a11596519c7a452de26bae83348e3cb54-dirty,1,1,2,1,0,926,blocked_spawn,9,0,0,2,18,-11625,0,98,100,native
ebde781a11596519c7a452de26bae83348e3cb54-dirty,1,1,2,1,0,987,equal_scores,34,0,0,1,2,-1560,0,774,776,native
ebde781a11596519c7a452de26bae83348e3cb54-dirty,1,1,2,1,0,46,heuristic_trajectory,9,0,0,1,1,-978,0,234,236,native
ebde781a11596519c7a452de26bae83348e3cb54-dirty,1,1,2,1,0,646,high_stack_holes,17,0,1,3,3,-12084,0,176,178,native
ebde781a11596519c7a452de26bae83348e3cb54-dirty,1,1,2,1,0,346,random_trajectory,34,0,1,8,8,-8883,0,774,776,native
ebde781a11596519c7a452de26bae83348e3cb54-dirty,1,1,2,1,0,927,blocked_spawn,17,0,1,0,17,-12552,0,142,144,native
ebde781a11596519c7a452de26bae83348e3cb54-dirty,1,1,2,1,0,992,equal_scores,34,0,0,5,0,-498,0,774,776,native
ebde781a11596519c7a452de26bae83348e3cb54-dirty,1,1,2,1,0,47,heuristic_trajectory,34,0,1,6,0,-887,0,774,776,native
ebde781a11596519c7a452de26bae83348e3cb54-dirty,1,1,2,1,0,647,high_stack_holes,17,0,1,5,0,-2253,0,414,416,native
ebde781a11596519c7a452de26bae83348e3cb54-dirty,1,1,2,1,0,347,random_trajectory,34,0,3,4,15,-9351,0,536,538,native
ebde781a11596519c7a452de26bae83348e3cb54-dirty,1,1,2,1,0,931,blocked_spawn,17,0,1,5,17,-8868,0,233,235,native
ebde781a11596519c7a452de26bae83348e3cb54-dirty,1,1,2,1,0,48,heuristic_trajectory,17,0,0,6,5,-3846,0,414,416,native
ebde781a11596519c7a452de26bae83348e3cb54-dirty,1,1,2,1,0,648,high_stack_holes,9,0,0,2,17,-10263,0,132,134,native
ebde781a11596519c7a452de26bae83348e3cb54-dirty,1,1,2,1,0,348,random_trajectory,9,0,0,0,6,-11496,0,132,134,native
ebde781a11596519c7a452de26bae83348e3cb54-dirty,1,1,2,1,0,933,blocked_spawn,34,0,3,5,17,-7983,0,604,606,native
ebde781a11596519c7a452de26bae83348e3cb54-dirty,1,1,2,1,0,49,heuristic_trajectory,9,0,0,3,4,-2667,0,234,236,native
ebde781a11596519c7a452de26bae83348e3cb54-dirty,1,1,2,1,0,649,high_stack_holes,34,0,3,8,16,-12033,0,400,402,native
ebde781a11596519c7a452de26bae83348e3cb54-dirty,1,1,2,1,0,349,random_trajectory,9,0,0,8,6,-8697,0,234,236,native
ebde781a11596519c7a452de26bae83348e3cb54-dirty,1,1,2,1,0,938,blocked_spawn,17,0,1,8,0,-8235,0,380,382,native
ebde781a11596519c7a452de26bae83348e3cb54-dirty,1,1,2,1,0,50,heuristic_trajectory,17,0,1,3,2,-2052,0,414,416,native
ebde781a11596519c7a452de26bae83348e3cb54-dirty,1,1,2,1,0,650,high_stack_holes,17,0,0,2,10,-7710,0,414,416,native
ebde781a11596519c7a452de26bae83348e3cb54-dirty,1,1,2,1,0,350,random_trajectory,17,0,1,2,0,-3411,0,414,416,native
ebde781a11596519c7a452de26bae83348e3cb54-dirty,1,1,2,1,0,939,blocked_spawn,17,0,1,2,0,-8730,0,176,178,native
ebde781a11596519c7a452de26bae83348e3cb54-dirty,1,1,2,1,0,51,heuristic_trajectory,17,0,1,9,1,-840,0,414,416,native
ebde781a11596519c7a452de26bae83348e3cb54-dirty,1,1,2,1,0,651,high_stack_holes,17,0,1,1,16,-9615,0,278,280,native
ebde781a11596519c7a452de26bae83348e3cb54-dirty,1,1,2,1,0,351,random_trajectory,17,0,1,2,0,-3411,0,414,416,native
ebde781a11596519c7a452de26bae83348e3cb54-dirty,1,1,2,1,0,940,blocked_spawn,34,0,0,4,0,-5682,0,740,742,native
ebde781a11596519c7a452de26bae83348e3cb54-dirty,1,1,2,1,0,52,heuristic_trajectory,9,0,0,7,1,-1911,0,234,236,native
ebde781a11596519c7a452de26bae83348e3cb54-dirty,1,1,2,1,0,652,high_stack_holes,34,0,3,3,13,-11862,0,502,504,native
ebde781a11596519c7a452de26bae83348e3cb54-dirty,1,1,2,1,0,352,random_trajectory,17,0,1,0,0,-4677,0,414,416,native
ebde781a11596519c7a452de26bae83348e3cb54-dirty,1,1,2,1,0,955,blocked_spawn,17,0,1,0,0,-6012,0,346,348,native
ebde781a11596519c7a452de26bae83348e3cb54-dirty,1,1,2,1,0,53,heuristic_trajectory,34,0,2,5,5,-3261,0,774,776,native
ebde781a11596519c7a452de26bae83348e3cb54-dirty,1,1,2,1,0,653,high_stack_holes,9,0,0,0,0,-240,0,234,236,native
ebde781a11596519c7a452de26bae83348e3cb54-dirty,1,1,2,1,0,353,random_trajectory,17,0,0,7,18,-12147,0,131,133,native
ebde781a11596519c7a452de26bae83348e3cb54-dirty,1,1,2,1,0,960,blocked_spawn,17,0,0,4,0,-6978,0,278,280,native
ebde781a11596519c7a452de26bae83348e3cb54-dirty,1,1,2,1,0,54,heuristic_trajectory,17,0,1,6,5,-3326,0,414,416,native
ebde781a11596519c7a452de26bae83348e3cb54-dirty,1,1,2,1,0,654,high_stack_holes,9,0,0,4,13,-9939,0,132,134,native
ebde781a11596519c7a452de26bae83348e3cb54-dirty,1,1,2,1,0,354,random_trajectory,17,0,1,2,0,-2004,0,414,416,native
ebde781a11596519c7a452de26bae83348e3cb54-dirty,1,1,2,1,0,965,blocked_spawn,34,0,3,5,0,-5529,0,672,674,native
ebde781a11596519c7a452de26bae83348e3cb54-dirty,1,1,2,1,0,55,heuristic_trajectory,17,0,0,1,2,-1269,0,414,416,native
ebde781a11596519c7a452de26bae83348e3cb54-dirty,1,1,2,1,0,655,high_stack_holes,17,0,1,8,16,-12108,0,199,201,native
ebde781a11596519c7a452de26bae83348e3cb54-dirty,1,1,2,1,0,355,random_trajectory,17,0,1,2,0,-2004,0,414,416,native
ebde781a11596519c7a452de26bae83348e3cb54-dirty,1,1,2,1,0,966,blocked_spawn,34,0,1,2,0,-10551,0,502,504,native
ebde781a11596519c7a452de26bae83348e3cb54-dirty,1,1,2,1,0,56,heuristic_trajectory,9,0,0,7,2,-1641,0,234,236,native
ebde781a11596519c7a452de26bae83348e3cb54-dirty,1,1,2,1,0,656,high_stack_holes,17,0,1,6,8,-7005,0,414,416,native
ebde781a11596519c7a452de26bae83348e3cb54-dirty,1,1,2,1,0,356,random_trajectory,34,0,0,0,0,-258,0,774,776,native
ebde781a11596519c7a452de26bae83348e3cb54-dirty,1,1,2,1,0,973,blocked_spawn,17,0,1,7,0,-5424,0,346,348,native
ebde781a11596519c7a452de26bae83348e3cb54-dirty,1,1,2,1,0,57,heuristic_trajectory,34,0,0,7,2,-1892,0,774,776,native
ebde781a11596519c7a452de26bae83348e3cb54-dirty,1,1,2,1,0,657,high_stack_holes,17,0,1,2,15,-9474,0,210,212,native
ebde781a11596519c7a452de26bae83348e3cb54-dirty,1,1,2,1,0,357,random_trajectory,17,0,0,7,18,-12147,0,131,133,native
ebde781a11596519c7a452de26bae83348e3cb54-dirty,1,1,2,1,0,974,blocked_spawn,9,0,0,3,0,-7815,0,200,202,native
ebde781a11596519c7a452de26bae83348e3cb54-dirty,1,1,2,1,0,58,heuristic_trajectory,34,0,1,0,0,-848,0,774,776,native
ebde781a11596519c7a452de26bae83348e3cb54-dirty,1,1,2,1,0,658,high_stack_holes,17,0,1,1,16,-13545,0,210,212,native
ebde781a11596519c7a452de26bae83348e3cb54-dirty,1,1,2,1,0,358,random_trajectory,17,0,1,2,0,-3411,0,414,416,native
ebde781a11596519c7a452de26bae83348e3cb54-dirty,1,1,2,1,0,975,blocked_spawn,17,0,0,5,0,-7164,0,312,314,native
ebde781a11596519c7a452de26bae83348e3cb54-dirty,1,1,2,1,0,59,heuristic_trajectory,34,0,3,8,3,-2267,0,774,776,native
ebde781a11596519c7a452de26bae83348e3cb54-dirty,1,1,2,1,0,659,high_stack_holes,17,0,0,6,15,-9678,0,414,416,native
ebde781a11596519c7a452de26bae83348e3cb54-dirty,1,1,2,1,0,359,random_trajectory,9,0,0,2,14,-8280,0,234,236,native
ebde781a11596519c7a452de26bae83348e3cb54-dirty,1,1,2,1,0,978,blocked_spawn,9,0,0,7,0,-8997,0,132,134,native
ebde781a11596519c7a452de26bae83348e3cb54-dirty,1,1,2,1,0,60,heuristic_trajectory,34,0,3,8,3,-2114,0,774,776,native
ebde781a11596519c7a452de26bae83348e3cb54-dirty,1,1,2,1,0,660,high_stack_holes,17,0,1,5,15,-9492,0,278,280,native
ebde781a11596519c7a452de26bae83348e3cb54-dirty,1,1,2,1,0,360,random_trajectory,17,0,1,2,0,-2004,0,414,416,native
ebde781a11596519c7a452de26bae83348e3cb54-dirty,1,1,2,1,0,981,blocked_spawn,34,0,1,2,17,-7059,0,536,538,native
ebde781a11596519c7a452de26bae83348e3cb54-dirty,1,1,2,1,0,61,heuristic_trajectory,34,0,2,4,1,-1503,0,774,776,native
ebde781a11596519c7a452de26bae83348e3cb54-dirty,1,1,2,1,0,661,high_stack_holes,34,0,3,5,9,-10443,0,468,470,native
ebde781a11596519c7a452de26bae83348e3cb54-dirty,1,1,2,1,0,361,random_trajectory,34,0,3,2,16,-11064,0,468,470,native
ebde781a11596519c7a452de26bae83348e3cb54-dirty,1,1,2,1,0,983,blocked_spawn,34,0,1,3,15,-13251,0,298,300,native
ebde781a11596519c7a452de26bae83348e3cb54-dirty,1,1,2,1,0,62,heuristic_trajectory,34,0,2,0,2,-1182,0,774,776,native
ebde781a11596519c7a452de26bae83348e3cb54-dirty,1,1,2,1,0,662,high_stack_holes,34,0,0,7,0,-240,0,774,776,native
ebde781a11596519c7a452de26bae83348e3cb54-dirty,1,1,2,1,0,362,random_trajectory,17,0,1,2,0,-3411,0,414,416,native
ebde781a11596519c7a452de26bae83348e3cb54-dirty,1,1,2,1,0,991,blocked_spawn,34,0,1,8,0,-11157,0,434,436,native
ebde781a11596519c7a452de26bae83348e3cb54-dirty,1,1,2,1,0,63,heuristic_trajectory,34,0,2,7,0,-808,0,774,776,native
ebde781a11596519c7a452de26bae83348e3cb54-dirty,1,1,2,1,0,663,high_stack_holes,34,0,2,2,16,-10467,0,400,402,native
ebde781a11596519c7a452de26bae83348e3cb54-dirty,1,1,2,1,0,363,random_trajectory,17,0,0,3,12,-6429,0,414,416,native
ebde781a11596519c7a452de26bae83348e3cb54-dirty,1,1,2,1,0,995,blocked_spawn,17,0,1,8,0,-9084,0,312,314,native
ebde781a11596519c7a452de26bae83348e3cb54-dirty,1,1,2,1,0,64,heuristic_trajectory,17,0,1,0,0,-1517,0,414,416,native
ebde781a11596519c7a452de26bae83348e3cb54-dirty,1,1,2,1,0,664,high_stack_holes,9,0,0,2,17,-13386,0,132,134,native
ebde781a11596519c7a452de26bae83348e3cb54-dirty,1,1,2,1,0,364,random_trajectory,9,0,0,0,0,0,1,64,66,native
ebde781a11596519c7a452de26bae83348e3cb54-dirty,1,1,2,1,0,996,blocked_spawn,34,0,3,3,0,-7365,0,570,572,native
ebde781a11596519c7a452de26bae83348e3cb54-dirty,1,1,2,1,0,65,heuristic_trajectory,34,0,3,0,3,-1961,0,774,776,native
ebde781a11596519c7a452de26bae83348e3cb54-dirty,1,1,2,1,0,665,high_stack_holes,17,0,1,1,11,-8610,0,414,416,native
ebde781a11596519c7a452de26bae83348e3cb54-dirty,1,1,2,1,0,365,random_trajectory,17,0,0,3,12,-6429,0,414,416,native
ebde781a11596519c7a452de26bae83348e3cb54-dirty,1,1,2,1,0,997,blocked_spawn,17,0,1,5,0,-8655,0,312,314,native
ebde781a11596519c7a452de26bae83348e3cb54-dirty,1,1,2,1,0,66,heuristic_trajectory,34,0,0,5,2,-1677,0,774,776,native
ebde781a11596519c7a452de26bae83348e3cb54-dirty,1,1,2,1,0,666,high_stack_holes,9,0,0,1,15,-9060,0,200,202,native
ebde781a11596519c7a452de26bae83348e3cb54-dirty,1,1,2,1,0,366,random_trajectory,17,0,1,0,0,-4677,0,414,416,native
ebde781a11596519c7a452de26bae83348e3cb54-dirty,1,1,2,1,0,67,heuristic_trajectory,17,0,0,7,2,-1902,0,414,416,native
ebde781a11596519c7a452de26bae83348e3cb54-dirty,1,1,2,1,0,667,high_stack_holes,34,0,1,0,17,-13404,0,366,368,native
ebde781a11596519c7a452de26bae83348e3cb54-dirty,1,1,2,1,0,367,random_trajectory,34,0,1,8,11,-12390,0,264,266,native
ebde781a11596519c7a452de26bae83348e3cb54-dirty,1,1,2,1,0,68,heuristic_trajectory,34,0,2,6,2,-1980,0,774,776,native
ebde781a11596519c7a452de26bae83348e3cb54-dirty,1,1,2,1,0,668,high_stack_holes,34,0,1,3,12,-10389,0,774,776,native
ebde781a11596519c7a452de26bae83348e3cb54-dirty,1,1,2,1,0,368,random_trajectory,9,0,0,2,14,-8280,0,234,236,native
ebde781a11596519c7a452de26bae83348e3cb54-dirty,1,1,2,1,0,69,heuristic_trajectory,17,0,0,6,0,-302,0,414,416,native
ebde781a11596519c7a452de26bae83348e3cb54-dirty,1,1,2,1,0,669,high_stack_holes,9,0,0,1,15,-9348,0,200,202,native
ebde781a11596519c7a452de26bae83348e3cb54-dirty,1,1,2,1,0,369,random_trajectory,17,0,0,7,18,-12147,0,131,133,native
ebde781a11596519c7a452de26bae83348e3cb54-dirty,1,1,2,1,0,70,heuristic_trajectory,17,0,1,8,2,-1920,0,414,416,native
ebde781a11596519c7a452de26bae83348e3cb54-dirty,1,1,2,1,0,670,high_stack_holes,34,0,1,1,15,-12276,0,434,436,native
ebde781a11596519c7a452de26bae83348e3cb54-dirty,1,1,2,1,0,370,random_trajectory,34,0,1,8,8,-12204,0,264,266,native
ebde781a11596519c7a452de26bae83348e3cb54-dirty,1,1,2,1,0,71,heuristic_trajectory,17,0,1,2,1,-1193,0,414,416,native
ebde781a11596519c7a452de26bae83348e3cb54-dirty,1,1,2,1,0,671,high_stack_holes,9,0,0,0,0,-240,0,234,236,native
ebde781a11596519c7a452de26bae83348e3cb54-dirty,1,1,2,1,0,371,random_trajectory,34,0,3,2,0,-1155,0,774,776,native
ebde781a11596519c7a452de26bae83348e3cb54-dirty,1,1,2,1,0,72,heuristic_trajectory,34,0,3,0,3,-1976,0,774,776,native
ebde781a11596519c7a452de26bae83348e3cb54-dirty,1,1,2,1,0,672,high_stack_holes,17,0,1,1,17,-9783,0,301,303,native
ebde781a11596519c7a452de26bae83348e3cb54-dirty,1,1,2,1,0,372,random_trajectory,17,0,1,0,0,-12279,0,131,133,native
ebde781a11596519c7a452de26bae83348e3cb54-dirty,1,1,2,1,0,73,heuristic_trajectory,9,0,0,1,2,-1914,0,234,236,native
ebde781a11596519c7a452de26bae83348e3cb54-dirty,1,1,2,1,0,673,high_stack_holes,17,0,1,7,16,-12114,0,301,303,native
ebde781a11596519c7a452de26bae83348e3cb54-dirty,1,1,2,1,0,373,random_trajectory,34,0,3,2,0,-1155,0,774,776,native
ebde781a11596519c7a452de26bae83348e3cb54-dirty,1,1,2,1,0,74,heuristic_trajectory,17,0,1,9,4,-2900,0,414,416,native
ebde781a11596519c7a452de26bae83348e3cb54-dirty,1,1,2,1,0,674,high_stack_holes,17,0,1,9,5,-4368,0,414,416,native
ebde781a11596519c7a452de26bae83348e3cb54-dirty,1,1,2,1,0,374,random_trajectory,34,0,0,1,16,-10482,0,604,606,native
ebde781a11596519c7a452de26bae83348e3cb54-dirty,1,1,2,1,0,75,heuristic_trajectory,34,0,2,0,0,-1095,0,774,776,native
ebde781a11596519c7a452de26bae83348e3cb54-dirty,1,1,2,1,0,675,high_stack_holes,17,0,1,2,13,-9444,0,346,348,native
ebde781a11596519c7a452de26bae83348e3cb54-dirty,1,1,2,1,0,375,random_trajectory,9,0,0,2,14,-8280,0,234,236,native
ebde781a11596519c7a452de26bae83348e3cb54-dirty,1,1,2,1,0,76,heuristic_trajectory,17,0,1,8,1,-993,0,414,416,native
ebde781a11596519c7a452de26bae83348e3cb54-dirty,1,1,2,1,0,676,high_stack_holes,34,0,1,0,16,-11838,0,570,572,native
ebde781a11596519c7a452de26bae83348e3cb54-dirty,1,1,2,1,0,376,random_trajectory,17,0,1,0,16,-11610,0,210,212,native
ebde781a11596519c7a452de26bae83348e3cb54-dirty,1,1,2,1,0,77,heuristic_trajectory,9,0,0,4,2,-1710,0,234,236,native
ebde781a11596519c7a452de26bae83348e3cb54-dirty,1,1,2,1,0,677,high_stack_holes,17,0,1,7,16,-9302,0,278,280,native
ebde781a11596519c7a452de26bae83348e3cb54-dirty,1,1,2,1,0,377,random_trajectory,34,0,3,8,0,-636,0,774,776,native
ebde781a11596519c7a452de26bae83348e3cb54-dirty,1,1,2,1,0,78,heuristic_trajectory,17,0,0,4,2,-2328,0,414,416,native
ebde781a11596519c7a452de26bae83348e3cb54-dirty,1,1,2,1,0,678,high_stack_holes,34,0,1,5,12,-9219,0,638,640,native
ebde781a11596519c7a452de26bae83348e3cb54-dirty,1,1,2,1,0,378,random_trajectory,34,0,1,8,11,-12390,0,264,266,native
ebde781a11596519c7a452de26bae83348e3cb54-dirty,1,1,2,1,0,79,heuristic_trajectory,9,0,0,8,4,-2478,0,234,236,native
ebde781a11596519c7a452de26bae83348e3cb54-dirty,1,1,2,1,0,679,high_stack_holes,9,0,0,1,15,-12006,0,166,168,native
ebde781a11596519c7a452de26bae83348e3cb54-dirty,1,1,2,1,0,379,random_trajectory,34,0,3,8,17,-11592,0,400,402,native
ebde781a11596519c7a452de26bae83348e3cb54-dirty,1,1,2,1,0,80,heuristic_trajectory,17,0,0,3,3,-2115,0,414,416,native
ebde781a11596519c7a452de26bae83348e3cb54-dirty,1,1,2,1,0,680,high_stack_holes,17,0,1,4,6,-4812,0,414,416,native
ebde781a11596519c7a452de26bae83348e3cb54-dirty,1,1,2,1,0,380,random_trajectory,9,0,0,2,14,-8280,0,234,236,native
ebde781a11596519c7a452de26bae83348e3cb54-dirty,1,1,2,1,0,81,heuristic_trajectory,17,0,1,8,1,-993,0,414,416,native
ebde781a11596519c7a452de26bae83348e3cb54-dirty,1,1,2,1,0,681,high_stack_holes,17,0,1,0,13,-8859,0,346,348,native
ebde781a11596519c7a452de26bae83348e3cb54-dirty,1,1,2,1,0,381,random_trajectory,17,0,1,0,0,-12279,0,131,133,native
ebde781a11596519c7a452de26bae83348e3cb54-dirty,1,1,2,1,0,82,heuristic_trajectory,9,0,0,7,2,-1641,0,234,236,native
ebde781a11596519c7a452de26bae83348e3cb54-dirty,1,1,2,1,0,682,high_stack_holes,9,0,0,8,6,-11526,0,132,134,native
ebde781a11596519c7a452de26bae83348e3cb54-dirty,1,1,2,1,0,382,random_trajectory,9,0,0,0,0,0,1,64,66,native
ebde781a11596519c7a452de26bae83348e3cb54-dirty,1,1,2,1,0,83,heuristic_trajectory,17,0,1,8,2,-1940,0,414,416,native
ebde781a11596519c7a452de26bae83348e3cb54-dirty,1,1,2,1,0,683,high_stack_holes,34,0,2,1,15,-10421,0,774,776,native
ebde781a11596519c7a452de26bae83348e3cb54-dirty,1,1,2,1,0,383,random_trajectory,34,0,0,0,16,-9828,0,774,776,native
ebde781a11596519c7a452de26bae83348e3cb54-dirty,1,1,2,1,0,84,heuristic_trajectory,34,0,2,6,2,-1878,0,774,776,native
ebde781a11596519c7a452de26bae83348e3cb54-dirty,1,1,2,1,0,684,high_stack_holes,17,0,1,1,15,-9024,0,414,416,native
ebde781a11596519c7a452de26bae83348e3cb54-dirty,1,1,2,1,0,384,random_trajectory,34,0,3,8,17,-11592,0,400,402,native
ebde781a11596519c7a452de26bae83348e3cb54-dirty,1,1,2,1,0,85,heuristic_trajectory,34,0,2,4,2,-2019,0,774,776,native
ebde781a11596519c7a452de26bae83348e3cb54-dirty,1,1,2,1,0,685,high_stack_holes,34,0,1,5,17,-13215,0,230,232,native
ebde781a11596519c7a452de26bae83348e3cb54-dirty,1,1,2,1,0,385,random_trajectory,34,0,3,8,17,-11592,0,400,402,native
ebde781a11596519c7a452de26bae83348e3cb54-dirty,1,1,2,1,0,86,heuristic_trajectory,9,0,0,0,3,-2001,0,234,236,native
ebde781a11596519c7a452de26bae83348e3cb54-dirty,1,1,2,1,0,686,high_stack_holes,17,0,1,1,3,-2424,0,414,416,native
ebde781a11596519c7a452de26bae83348e3cb54-dirty,1,1,2,1,0,386,random_trajectory,9,0,0,8,14,-11075,0,98,100,native
ebde781a11596519c7a452de26bae83348e3cb54-dirty,1,1,2,1,0,87,heuristic_trajectory,34,0,2,2,0,-1044,0,774,776,native
ebde781a11596519c7a452de26bae83348e3cb54-dirty,1,1,2,1,0,687,high_stack_holes,17,0,1,6,15,-10311,0,233,235,native
ebde781a11596519c7a452de26bae83348e3cb54-dirty,1,1,2,1,0,387,random_trajectory,34,0,3,2,16,-11064,0,468,470,native
ebde781a11596519c7a452de26bae83348e3cb54-dirty,1,1,2,1,0,88,heuristic_trajectory,17,0,0,6,2,-975,0,414,416,native
ebde781a11596519c7a452de26bae83348e3cb54-dirty,1,1,2,1,0,688,high_stack_holes,34,0,1,4,5,-11940,0,536,538,native
ebde781a11596519c7a452de26bae83348e3cb54-dirty,1,1,2,1,0,388,random_trajectory,34,0,0,1,16,-10482,0,604,606,native
ebde781a11596519c7a452de26bae83348e3cb54-dirty,1,1,2,1,0,89,heuristic_trajectory,17,0,0,6,3,-2205,0,414,416,native
ebde781a11596519c7a452de26bae83348e3cb54-dirty,1,1,2,1,0,689,high_stack_holes,17,0,1,2,6,-4035,0,414,416,native
ebde781a11596519c7a452de26bae83348e3cb54-dirty,1,1,2,1,0,389,random_trajectory,17,0,0,4,16,-10155,0,414,416,native
ebde781a11596519c7a452de26bae83348e3cb54-dirty,1,1,2,1,0,90,heuristic_trajectory,17,0,0,4,0,-1044,0,414,416,native
ebde781a11596519c7a452de26bae83348e3cb54-dirty,1,1,2,1,0,690,high_stack_holes,17,0,1,2,16,-9933,0,210,212,native
ebde781a11596519c7a452de26bae83348e3cb54-dirty,1,1,2,1,0,390,random_trajectory,34,0,1,8,8,-12204,0,264,266,native
ebde781a11596519c7a452de26bae83348e3cb54-dirty,1,1,2,1,0,91,heuristic_trajectory,9,0,0,0,7,-3672,0,234,236,native
ebde781a11596519c7a452de26bae83348e3cb54-dirty,1,1,2,1,0,691,high_stack_holes,34,0,3,0,1,-11361,0,332,334,native
ebde781a11596519c7a452de26bae83348e3cb54-dirty,1,1,2,1,0,391,random_trajectory,34,0,0,0,0,-258,0,774,776,native
ebde781a11596519c7a452de26bae83348e3cb54-dirty,1,1,2,1,0,92,heuristic_trajectory,9,0,0,1,2,-1407,0,234,236,native
ebde781a11596519c7a452de26bae83348e3cb54-dirty,1,1,2,1,0,692,high_stack_holes,34,0,0,0,0,0,1,196,198,native
ebde781a11596519c7a452de26bae83348e3cb54-dirty,1,1,2,1,0,392,random_trajectory,34,0,0,3,14,-7866,0,774,776,native
ebde781a11596519c7a452de26bae83348e3cb54-dirty,1,1,2,1,0,93,heuristic_trajectory,9,0,0,8,6,-3351,0,234,236,native
ebde781a11596519c7a452de26bae83348e3cb54-dirty,1,1,2,1,0,693,high_stack_holes,34,0,1,1,16,-9780,0,468,470,native
ebde781a11596519c7a452de26bae83348e3cb54-dirty,1,1,2,1,0,393,random_trajectory,34,0,3,8,0,-7470,0,774,776,native
ebde781a11596519c7a452de26bae83348e3cb54-dirty,1,1,2,1,0,94,heuristic_trajectory,34,0,1,5,1,-1848,0,774,776,native
ebde781a11596519c7a452de26bae83348e3cb54-dirty,1,1,2,1,0,694,high_stack_holes,17,0,1,5,7,-9660,0,414,416,native
ebde781a11596519c7a452de26bae83348e3cb54-dirty,1,1,2,1,0,394,random_trajectory,17,0,1,0,0,-12279,0,131,133,native
ebde781a11596519c7a452de26bae83348e3cb54-dirty,1,1,2,1,0,95,heuristic_trajectory,34,0,2,3,0,-1350,0,774,776,native
ebde781a11596519c7a452de26bae83348e3cb54-dirty,1,1,2,1,0,695,high_stack_holes,34,0,1,0,7,-4115,0,774,776,native
ebde781a11596519c7a452de26bae83348e3cb54-dirty,1,1,2,1,0,395,random_trajectory,34,0,1,8,11,-12390,0,264,266,native
ebde781a11596519c7a452de26bae83348e3cb54-dirty,1,1,2,1,0,96,heuristic_trajectory,17,0,0,6,5,-3846,0,414,416,native
ebde781a11596519c7a452de26bae83348e3cb54-dirty,1,1,2,1,0,696,high_stack_holes,9,0,0,1,12,-9675,0,121,123,native
ebde781a11596519c7a452de26bae83348e3cb54-dirty,1,1,2,1,0,396,random_trajectory,17,0,1,0,16,-11610,0,210,212,native
ebde781a11596519c7a452de26bae83348e3cb54-dirty,1,1,2,1,0,97,heuristic_trajectory,34,0,1,0,2,-2147,0,774,776,native
ebde781a11596519c7a452de26bae83348e3cb54-dirty,1,1,2,1,0,697,high_stack_holes,17,0,1,4,3,-8919,0,278,280,native
ebde781a11596519c7a452de26bae83348e3cb54-dirty,1,1,2,1,0,397,random_trajectory,34,0,1,8,8,-12204,0,264,266,native
ebde781a11596519c7a452de26bae83348e3cb54-dirty,1,1,2,1,0,98,heuristic_trajectory,34,0,3,8,5,-3392,0,774,776,native
ebde781a11596519c7a452de26bae83348e3cb54-dirty,1,1,2,1,0,698,high_stack_holes,17,0,1,7,7,-5163,0,414,416,native
ebde781a11596519c7a452de26bae83348e3cb54-dirty,1,1,2,1,0,398,random_trajectory,17,0,1,0,0,-4677,0,414,416,native
ebde781a11596519c7a452de26bae83348e3cb54-dirty,1,1,2,1,0,99,heuristic_trajectory,34,0,3,8,5,-3392,0,774,776,native
ebde781a11596519c7a452de26bae83348e3cb54-dirty,1,1,2,1,0,699,high_stack_holes,17,0,1,4,14,-10281,0,278,280,native
ebde781a11596519c7a452de26bae83348e3cb54-dirty,1,1,2,1,0,399,random_trajectory,9,0,0,3,17,-11442,0,132,134,native
ebde781a11596519c7a452de26bae83348e3cb54-dirty,1,1,2,1,0,100,heuristic_trajectory,17,0,0,1,2,-1980,0,414,416,native
ebde781a11596519c7a452de26bae83348e3cb54-dirty,1,1,2,1,0,700,high_stack_holes,34,0,1,0,16,-11586,0,468,470,native
ebde781a11596519c7a452de26bae83348e3cb54-dirty,1,1,2,1,0,400,random_trajectory,34,0,1,6,12,-9774,0,774,776,native
ebde781a11596519c7a452de26bae83348e3cb54-dirty,1,1,2,1,0,101,heuristic_trajectory,17,0,0,4,3,-2271,0,414,416,native
ebde781a11596519c7a452de26bae83348e3cb54-dirty,1,1,2,1,0,701,high_stack_holes,34,0,2,3,14,-8105,0,774,776,native
ebde781a11596519c7a452de26bae83348e3cb54-dirty,1,1,2,1,0,401,random_trajectory,34,0,3,2,1,-1905,0,774,776,native
ebde781a11596519c7a452de26bae83348e3cb54-dirty,1,1,2,1,0,102,heuristic_trajectory,17,0,0,4,3,-2358,0,414,416,native
ebde781a11596519c7a452de26bae83348e3cb54-dirty,1,1,2,1,0,702,high_stack_holes,9,0,0,0,14,-9672,0,166,168,native
ebde781a11596519c7a452de26bae83348e3cb54-dirty,1,1,2,1,0,402,random_trajectory,34,0,0,7,0,-1149,0,774,776,native
ebde781a11596519c7a452de26bae83348e3cb54-dirty,1,1,2,1,0,103,heuristic_trajectory,34,0,2,6,0,-822,0,774,776,native
ebde781a11596519c7a452de26bae83348e3cb54-dirty,1,1,2,1,0,703,high_stack_holes,17,0,1,0,17,-12069,0,244,246,native
ebde781a11596519c7a452de26bae83348e3cb54-dirty,1,1,2,1,0,403,random_trajectory,9,0,0,5,0,-480,0,234,236,native
ebde781a11596519c7a452de26bae83348e3cb54-dirty,1,1,2,1,0,104,heuristic_trajectory,34,0,0,7,1,-662,0,774,776,native
ebde781a11596519c7a452de26bae83348e3cb54-dirty,1,1,2,1,0,704,high_stack_holes,17,0,0,0,0,-327,0,414,416,native
ebde781a11596519c7a452de26bae83348e3cb54-dirty,1,1,2,1,0,404,random_trajectory,34,0,3,2,1,-1905,0,774,776,native
ebde781a11596519c7a452de26bae83348e3cb54-dirty,1,1,2,1,0,105,heuristic_trajectory,9,0,0,3,7,-3999,0,234,236,native
ebde781a11596519c7a452de26bae83348e3cb54-dirty,1,1,2,1,0,705,high_stack_holes,9,0,0,3,14,-10017,0,166,168,native
ebde781a11596519c7a452de26bae83348e3cb54-dirty,1,1,2,1,0,405,random_trajectory,17,0,1,3,9,-10461,0,346,348,native
ebde781a11596519c7a452de26bae83348e3cb54-dirty,1,1,2,1,0,106,heuristic_trajectory,34,0,2,4,3,-2700,0,774,776,native
ebde781a11596519c7a452de26bae83348e3cb54-dirty,1,1,2,1,0,706,high_stack_holes,17,0,1,2,17,-12210,0,165,167,native
ebde781a11596519c7a452de26bae83348e3cb54-dirty,1,1,2,1,0,406,random_trajectory,34,0,1,6,12,-9774,0,774,776,native
ebde781a11596519c7a452de26bae83348e3cb54-dirty,1,1,2,1,0,107,heuristic_trajectory,34,0,1,3,3,-2412,0,774,776,native
ebde781a11596519c7a452de26bae83348e3cb54-dirty,1,1,2,1,0,707,high_stack_holes,34,0,3,4,4,-3717,0,774,776,native
ebde781a11596519c7a452de26bae83348e3cb54-dirty,1,1,2,1,0,407,random_trajectory,17,0,1,3,9,-10461,0,346,348,native
ebde781a11596519c7a452de26bae83348e3cb54-dirty,1,1,2,1,0,108,heuristic_trajectory,34,0,2,2,5,-3588,0,774,776,native
ebde781a11596519c7a452de26bae83348e3cb54-dirty,1,1,2,1,0,708,high_stack_holes,34,0,1,8,11,-8360,0,638,640,native
ebde781a11596519c7a452de26bae83348e3cb54-dirty,1,1,2,1,0,408,random_trajectory,34,0,1,6,8,-5643,0,774,776,native
ebde781a11596519c7a452de26bae83348e3cb54-dirty,1,1,2,1,0,109,heuristic_trajectory,17,0,1,8,0,-200,0,414,416,native
ebde781a11596519c7a452de26bae83348e3cb54-dirty,1,1,2,1,0,709,high_stack_holes,9,0,0,4,17,-12015,0,166,168,native
ebde781a11596519c7a452de26bae83348e3cb54-dirty,1,1,2,1,0,409,random_trajectory,34,0,0,0,14,-11685,0,638,640,native
ebde781a11596519c7a452de26bae83348e3cb54-dirty,1,1,2,1,0,110,heuristic_trajectory,34,0,2,2,1,-1248,0,774,776,native
ebde781a11596519c7a452de26bae83348e3cb54-dirty,1,1,2,1,0,710,high_stack_holes,17,0,1,3,11,-8829,0,414,416,native
ebde781a11596519c7a452de26bae83348e3cb54-dirty,1,1,2,1,0,410,random_trajectory,34,0,3,8,1,-7407,0,774,776,native
ebde781a11596519c7a452de26bae83348e3cb54-dirty,1,1,2,1,0,111,heuristic_trajectory,34,0,3,8,5,-3188,0,774,776,native
ebde781a11596519c7a452de26bae83348e3cb54-dirty,1,1,2,1,0,711,high_stack_holes,17,0,1,3,0,-7862,0,346,348,native
ebde781a11596519c7a452de26bae83348e3cb54-dirty,1,1,2,1,0,411,random_trajectory,34,0,1,6,12,-9774,0,774,776,native
ebde781a11596519c7a452de26bae83348e3cb54-dirty,1,1,2,1,0,112,heuristic_trajectory,34,0,0,3,9,-4866,0,774,776,native
ebde781a11596519c7a452de26bae83348e3cb54-dirty,1,1,2,1,0,712,high_stack_holes,17,0,1,0,17,-12615,0,278,280,native
ebde781a11596519c7a452de26bae83348e3cb54-dirty,1,1,2,1,0,412,random_trajectory,34,0,3,2,1,-1905,0,774,776,native
ebde781a11596519c7a452de26bae83348e3cb54-dirty,1,1,2,1,0,113,heuristic_trajectory,34,0,2,4,2,-1776,0,774,776,native
ebde781a11596519c7a452de26bae83348e3cb54-dirty,1,1,2,1,0,713,high_stack_holes,34,0,1,2,7,-11700,0,366,368,native
ebde781a11596519c7a452de26bae83348e3cb54-dirty,1,1,2,1,0,413,random_trajectory,17,0,0,0,0,0,1,108,110,native
ebde781a11596519c7a452de26bae83348e3cb54-dirty,1,1,2,1,0,114,heuristic_trajectory,34,0,2,7,2,-1940,0,774,776,native
ebde781a11596519c7a452de26bae83348e3cb54-dirty,1,1,2,1,0,714,high_stack_holes,34,0,1,3,15,-10278,0,434,436,native
ebde781a11596519c7a452de26bae83348e3cb54-dirty,1,1,2,1,0,414,random_trajectory,17,0,1,3,9,-10461,0,346,348,native
ebde781a11596519c7a452de26bae83348e3cb54-dirty,1,1,2,1,0,115,heuristic_trajectory,17,0,0,3,2,-1656,0,414,416,native
ebde781a11596519c7a452de26bae83348e3cb54-dirty,1,1,2,1,0,715,high_stack_holes,17,0,1,1,6,-11865,0,312,314,native
ebde781a11596519c7a452de26bae83348e3cb54-dirty,1,1,2,1,0,415,random_trajectory,17,0,1,3,9,-10461,0,346,348,native
ebde781a11596519c7a452de26bae83348e3cb54-dirty,1,1,2,1,0,116,heuristic_trajectory,34,0,1,0,4,-3861,0,774,776,native
ebde781a11596519c7a452de26bae83348e3cb54-dirty,1,1,2,1,0,716,high_stack_holes,34,0,2,6,13,-9036,0,774,776,native
ebde781a11596519c7a452de26bae83348e3cb54-dirty,1,1,2,1,0,416,random_trajectory,9,0,0,0,3,-4968,0,234,236,native
ebde781a11596519c7a452de26bae83348e3cb54-dirty,1,1,2,1,0,117,heuristic_trajectory,17,0,0,5,6,-3675,0,414,416,native
ebde781a11596519c7a452de26bae83348e3cb54-dirty,1,1,2,1,0,717,high_stack_holes,17,0,0,6,15,-9378,0,244,246,native
ebde781a11596519c7a452de26bae83348e3cb54-dirty,1,1,2,1,0,417,random_trajectory,34,0,1,6,8,-5643,0,774,776,native
ebde781a11596519c7a452de26bae83348e3cb54-dirty,1,1,2,1,0,118,heuristic_trajectory,17,0,1,6,5,-4317,0,414,416,native
ebde781a11596519c7a452de26bae83348e3cb54-dirty,1,1,2,1,0,718,high_stack_holes,17,0,1,3,16,-13413,0,267,269,native
ebde781a11596519c7a452de26bae83348e3cb54-dirty,1,1,2,1,0,418,random_trajectory,17,0,1,6,8,-5280,0,414,416,native
ebde781a11596519c7a452de26bae83348e3cb54-dirty,1,1,2,1,0,119,heuristic_trajectory,9,0,0,4,1,-822,0,234,236,native
ebde781a11596519c7a452de26bae83348e3cb54-dirty,1,1,2,1,0,719,high_stack_holes,34,0,3,2,12,-10179,0,774,776,native
ebde781a11596519c7a452de26bae83348e3cb54-dirty,1,1,2,1,0,419,random_trajectory,9,0,0,5,0,-480,0,234,236,native
ebde781a11596519c7a452de26bae83348e3cb54-dirty,1,1,2,1,0,120,heuristic_trajectory,17,0,1,4,7,-3999,0,414,416,native
ebde781a11596519c7a452de26bae83348e3cb54-dirty,1,1,2,1,0,720,high_stack_holes,17,0,1,6,14,-10218,0,210,212,native
ebde781a11596519c7a452de26bae83348e3cb54-dirty,1,1,2,1,0,420,random_trajectory,9,0,0,5,0,-480,0,234,236,native
ebde781a11596519c7a452de26bae83348e3cb54-dirty,1,1,2,1,0,121,heuristic_trajectory,34,0,1,8,2,-2270,0,774,776,native
ebde781a11596519c7a452de26bae83348e3cb54-dirty,1,1,2,1,0,721,high_stack_holes,17,0,0,0,0,0,1,108,110,native
ebde781a11596519c7a452de26bae83348e3cb54-dirty,1,1,2,1,0,421,random_trajectory,34,0,3,2,1,-1905,0,774,776,native
ebde781a11596519c7a452de26bae83348e3cb54-dirty,1,1,2,1,0,122,heuristic_trajectory,34,0,3,8,2,-1292,0,774,776,native
ebde781a11596519c7a452de26bae83348e3cb54-dirty,1,1,2,1,0,722,high_stack_holes,34,0,0,2,0,-360,0,774,776,native
ebde781a11596519c7a452de26bae83348e3cb54-dirty,1,1,2,1,0,422,random_trajectory,17,0,0,7,0,-1773,0,414,416,native
ebde781a11596519c7a452de26bae83348e3cb54-dirty,1,1,2,1,0,123,heuristic_trajectory,34,0,0,6,3,-2256,0,774,776,native
ebde781a11596519c7a452de26bae83348e3cb54-dirty,1,1,2,1,0,723,high_stack_holes,17,0,1,3,13,-9708,0,210,212,native
ebde781a11596519c7a452de26bae83348e3cb54-dirty,1,1,2,1,0,423,random_trajectory,34,0,0,7,0,-1149,0,774,776,native
ebde781a11596519c7a452de26bae83348e3cb54-dirty,1,1,2,1,0,124,heuristic_trajectory,17,0,0,6,0,-440,0,414,416,native
ebde781a11596519c7a452de26bae83348e3cb54-dirty,1,1,2,1,0,724,high_stack_holes,34,0,1,3,17,-12684,0,468,470,native
ebde781a11596519c7a452de26bae83348e3cb54-dirty,1,1,2,1,0,424,random_trajectory,17,0,0,0,14,-12609,0,176,178,native
ebde781a11596519c7a452de26bae83348e3cb54-dirty,1,1,2,1,0,125,heuristic_trajectory,34,0,1,0,3,-2573,0,774,776,native
ebde781a11596519c7a452de26bae83348e3cb54-dirty,1,1,2,1,0,725,high_stack_holes,34,0,1,8,5,-4317,0,774,776,native
ebde781a11596519c7a452de26bae83348e3cb54-dirty,1,1,2,1,0,425,random_trajectory,17,0,1,6,8,-5280,0,414,416,native
ebde781a11596519c7a452de26bae83348e3cb54-dirty,1,1,2,1,0,126,heuristic_trajectory,17,0,0,6,0,-684,0,414,416,native
ebde781a11596519c7a452de26bae83348e3cb54-dirty,1,1,2,1,0,726,high_stack_holes,17,0,1,6,11,-9050,0,244,246,native
ebde781a11596519c7a452de26bae83348e3cb54-dirty,1,1,2,1,0,426,random_trajectory,17,0,1,4,14,-10194,0,414,416,native
ebde781a11596519c7a452de26bae83348e3cb54-dirty,1,1,2,1,0,127,heuristic_trajectory,17,0,0,6,5,-3119,0,414,416,native
ebde781a11596519c7a452de26bae83348e3cb54-dirty,1,1,2,1,0,727,high_stack_holes,17,0,1,1,12,-11796,0,278,280,native
ebde781a11596519c7a452de26bae83348e3cb54-dirty,1,1,2,1,0,427,random_trajectory,9,0,0,1,14,-12030,0,200,202,native
ebde781a11596519c7a452de26bae83348e3cb54-dirty,1,1,2,1,0,128,heuristic_trajectory,34,0,3,2,0,-1080,0,774,776,native
ebde781a11596519c7a452de26bae83348e3cb54-dirty,1,1,2,1,0,728,high_stack_holes,17,0,1,8,10,-7041,0,414,416,native
ebde781a11596519c7a452de26bae83348e3cb54-dirty,1,1,2,1,0,428,random_trajectory,34,0,1,1,3,-3828,0,774,776,native
ebde781a11596519c7a452de26bae83348e3cb54-dirty,1,1,2,1,0,129,heuristic_trajectory,34,0,2,0,5,-3858,0,774,776,native
ebde781a11596519c7a452de26bae83348e3cb54-dirty,1,1,2,1,0,729,high_stack_holes,34,0,1,2,15,-9162,0,604,606,native
ebde781a11596519c7a452de26bae83348e3cb54-dirty,1,1,2,1,0,429,random_trajectory,17,0,1,8,1,-2442,0,414,416,native
ebde781a11596519c7a452de26bae83348e3cb54-dirty,1,1,2,1,0,130,heuristic_trajectory,17,0,0,2,6,-3090,0,414,416,native
ebde781a11596519c7a452de26bae83348e3cb54-dirty,1,1,2,1,0,730,high_stack_holes,17,0,1,8,16,-12354,0,278,280,native
ebde781a11596519c7a452de26bae83348e3cb54-dirty,1,1,2,1,0,430,random_trajectory,34,0,0,7,0,-1149,0,774,776,native
ebde781a11596519c7a452de26bae83348e3cb54-dirty,1,1,2,1,0,131,heuristic_trajectory,17,0,1,6,0,-1152,0,414,416,native
ebde781a11596519c7a452de26bae83348e3cb54-dirty,1,1,2,1,0,731,high_stack_holes,17,0,1,8,12,-6926,0,414,416,native
ebde781a11596519c7a452de26bae83348e3cb54-dirty,1,1,2,1,0,431,random_trajectory,17,0,1,0,16,-13242,0,142,144,native
ebde781a11596519c7a452de26bae83348e3cb54-dirty,1,1,2,1,0,132,heuristic_trajectory,34,0,0,5,5,-3603,0,774,776,native
ebde781a11596519c7a452de26bae83348e3cb54-dirty,1,1,2,1,0,732,high_stack_holes,34,0,1,6,15,-8883,0,604,606,native
ebde781a11596519c7a452de26bae83348e3cb54-dirty,1,1,2,1,0,432,random_trajectory,34,0,3,8,1,-7407,0,774,776,native
ebde781a11596519c7a452de26bae83348e3cb54-dirty,1,1,2,1,0,133,heuristic_trajectory,34,0,1,1,2,-2118,0,774,776,native
ebde781a11596519c7a452de26bae83348e3cb54-dirty,1,1,2,1,0,733,high_stack_holes,9,0,0,7,10,-12213,0,166,168,native
ebde781a11596519c7a452de26bae83348e3cb54-dirty,1,1,2,1,0,433,random_trajectory,17,0,0,0,0,0,1,108,110,native
ebde781a11596519c7a452de26bae83348e3cb54-dirty,1,1,2,1,0,134,heuristic_trajectory,17,0,1,7,0,-840,0,414,416,native
ebde781a11596519c7a452de26bae83348e3cb54-dirty,1,1,2,1,0,734,high_stack_holes,17,0,1,4,7,-6555,0,414,416,native
ebde781a11596519c7a452de26bae83348e3cb54-dirty,1,1,2,1,0,434,random_trajectory,34,0,0,0,14,-11685,0,638,640,native
ebde781a11596519c7a452de26bae83348e3cb54-dirty,1,1,2,1,0,135,heuristic_trajectory,17,0,1,7,0,-876,0,414,416,native
ebde781a11596519c7a452de26bae83348e3cb54-dirty,1,1,2,1,0,735,high_stack_holes,17,0,1,3,16,-9687,0,312,314,native
ebde781a11596519c7a452de26bae83348e3cb54-dirty,1,1,2,1,0,435,random_trajectory,9,0,0,5,0,-480,0,234,236,native
ebde781a11596519c7a452de26bae83348e3cb54-dirty,1,1,2,1,0,136,heuristic_trajectory,17,0,1,9,2,-1545,0,414,416,native
ebde781a11596519c7a452de26bae83348e3cb54-dirty,1,1,2,1,0,736,high_stack_holes,34,0,1,0,17,-10623,0,638,640,native
ebde781a11596519c7a452de26bae83348e3cb54-dirty,1,1,2,1,0,436,random_trajectory,34,0,0,7,0,-1149,0,774,776,native
ebde781a11596519c7a452de26bae83348e3cb54-dirty,1,1,2,1,0,137,heuristic_trajectory,34,0,2,1,2,-1881,0,774,776,native
ebde781a11596519c7a452de26bae83348e3cb54-dirty,1,1,2,1,0,737,high_stack_holes,34,0,3,1,14,-12174,0,740,742,native
ebde781a11596519c7a452de26bae83348e3cb54-dirty,1,1,2,1,0,437,random_trajectory,34,0,0,0,14,-12303,0,434,436,native
ebde781a11596519c7a452de26bae83348e3cb54-dirty,1,1,2,1,0,138,heuristic_trajectory,34,0,2,7,7,-4313,0,774,776,native
ebde781a11596519c7a452de26bae83348e3cb54-dirty,1,1,2,1,0,738,high_stack_holes,34,0,2,7,13,-8907,0,706,708,native
ebde781a11596519c7a452de26bae83348e3cb54-dirty,1,1,2,1,0,438,random_trajectory,34,0,3,1,15,-12864,0,332,334,native
ebde781a11596519c7a452de26bae83348e3cb54-dirty,1,1,2,1,0,139,heuristic_trajectory,34,0,1,8,0,-629,0,774,776,native
ebde781a11596519c7a452de26bae83348e3cb54-dirty,1,1,2,1,0,739,high_stack_holes,17,0,0,0,0,0,1,108,110,native
ebde781a11596519c7a452de26bae83348e3cb54-dirty,1,1,2,1,0,439,random_trajectory,17,0,0,0,14,-12609,0,176,178,native
ebde781a11596519c7a452de26bae83348e3cb54-dirty,1,1,2,1,0,140,heuristic_trajectory,34,0,3,8,5,-3188,0,774,776,native
ebde781a11596519c7a452de26bae83348e3cb54-dirty,1,1,2,1,0,740,high_stack_holes,34,0,1,2,16,-12084,0,672,674,native
ebde781a11596519c7a452de26bae83348e3cb54-dirty,1,1,2,1,0,440,random_trajectory,34,0,3,2,1,-1905,0,774,776,native
ebde781a11596519c7a452de26bae83348e3cb54-dirty,1,1,2,1,0,141,heuristic_trajectory,17,0,0,1,2,-1641,0,414,416,native
ebde781a11596519c7a452de26bae83348e3cb54-dirty,1,1,2,1,0,741,high_stack_holes,34,0,3,4,15,-9537,0,672,674,native
ebde781a11596519c7a452de26bae83348e3cb54-dirty,1,1,2,1,0,441,random_trajectory,17,0,1,8,1,-7767,0,414,416,native
ebde781a11596519c7a452de26bae83348e3cb54-dirty,1,1,2,1,0,142,heuristic_trajectory,17,0,0,5,6,-4320,0,414,416,native
ebde781a11596519c7a452de26bae83348e3cb54-dirty,1,1,2,1,0,742,high_stack_holes,17,0,1,1,15,-13299,0,176,178,native
ebde781a11596519c7a452de26bae83348e3cb54-dirty,1,1,2,1,0,442,random_trajectory,34,0,0,0,14,-11685,0,638,640,native
ebde781a11596519c7a452de26bae83348e3cb54-dirty,1,1,2,1,0,143,heuristic_trajectory,17,0,0,6,5,-2841,0,414,416,native
ebde781a11596519c7a452de26bae83348e3cb54-dirty,1,1,2,1,0,743,high_stack_holes,34,0,3,4,7,-6441,0,774,776,native
ebde781a11596519c7a452de26bae83348e3cb54-dirty,1,1,2,1,0,443,random_trajectory,34,0,0,7,0,-1149,0,774,776,native
ebde781a11596519c7a452de26bae83348e3cb54-dirty,1,1,2,1,0,144,heuristic_trajectory,34,0,3,3,1,-2070,0,774,776,native
ebde781a11596519c7a452de26bae83348e3cb54-dirty,1,1,2,1,0,744,high_stack_holes,17,0,1,2,13,-8703,0,380,382,native
ebde781a11596519c7a452de26bae83348e3cb54-dirty,1,1,2,1,0,444,random_trajectory,34,0,3,2,1,-1905,0,774,776,native
ebde781a11596519c7a452de26bae83348e3cb54-dirty,1,1,2,1,0,145,heuristic_trajectory,17,0,0,6,0,-684,0,414,416,native
ebde781a11596519c7a452de26bae83348e3cb54-dirty,1,1,2,1,0,745,high_stack_holes,9,0,0,1,1,-10941,0,200,202,native
ebde781a11596519c7a452de26bae83348e3cb54-dirty,1,1,2,1,0,445,random_trajectory,9,0,0,1,14,-11391,0,234,236,native
ebde781a11596519c7a452de26bae83348e3cb54-dirty,1,1,2,1,0,146,heuristic_trajectory,34,0,3,7,5,-3723,0,774,776,native
ebde781a11596519c7a452de26bae83348e3cb54-dirty,1,1,2,1,0,746,high_stack_holes,34,0,1,0,16,-12567,0,570,572,native
ebde781a11596519c7a452de26bae83348e3cb54-dirty,1,1,2,1,0,446,random_trajectory,34,0,3,8,1,-7407,0,774,776,native
ebde781a11596519c7a452de26bae83348e3cb54-dirty,1,1,2,1,0,147,heuristic_trajectory,34,0,3,8,2,-1922,0,774,776,native
ebde781a11596519c7a452de26bae83348e3cb54-dirty,1,1,2,1,0,747,high_stack_holes,9,0,0,6,14,-9039,0,166,168,native
ebde781a11596519c7a452de26bae83348e3cb54-dirty,1,1,2,1,0,447,random_trajectory,34,0,1,1,3,-3828,0,774,776,native
ebde781a11596519c7a452de26bae83348e3cb54-dirty,1,1,2,1,0,148,heuristic_trajectory,34,0,1,4,2,-1902,0,774,776,native
ebde781a11596519c7a452de26bae83348e3cb54-dirty,1,1,2,1,0,748,high_stack_holes,17,0,1,7,5,-12201,0,278,280,native
ebde781a11596519c7a452de26bae83348e3cb54-dirty,1,1,2,1,0,448,random_trajectory,17,0,1,0,16,-13242,0,142,144,native
ebde781a11596519c7a452de26bae83348e3cb54-dirty,1,1,2,1,0,149,heuristic_trajectory,9,0,0,1,6,-3759,0,234,236,native
ebde781a11596519c7a452de26bae83348e3cb54-dirty,1,1,2,1,0,749,high_stack_holes,34,0,2,5,6,-4422,0,774,776,native
ebde781a11596519c7a452de26bae83348e3cb54-dirty,1,1,2,1,0,449,random_trajectory,9,0,0,1,14,-12030,0,200,202,native
ebde781a11596519c7a452de26bae83348e3cb54-dirty,1,1,2,1,0,150,heuristic_trajectory,34,0,0,7,5,-3167,0,774,776,native
ebde781a11596519c7a452de26bae83348e3cb54-dirty,1,1,2,1,0,750,high_stack_holes,17,0,0,7,12,-8265,0,414,416,native
ebde781a11596519c7a452de26bae83348e3cb54-dirty,1,1,2,1,0,450,random_trajectory,17,0,1,8,11,-12084,0,142,144,native
ebde781a11596519c7a452de26bae83348e3cb54-dirty,1,1,2,1,0,151,heuristic_trajectory,17,0,1,6,0,-1152,0,414,416,native
ebde781a11596519c7a452de26bae83348e3cb54-dirty,1,1,2,1,0,751,high_stack_holes,34,0,3,1,15,-13350,0,468,470,native
ebde781a11596519c7a452de26bae83348e3cb54-dirty,1,1,2,1,0,451,random_trajectory,34,0,0,0,0,0,1,196,198,native
ebde781a11596519c7a452de26bae83348e3cb54-dirty,1,1,2,1,0,152,heuristic_trajectory,9,0,0,0,3,-1950,0,234,236,native
ebde781a11596519c7a452de26bae83348e3cb54-dirty,1,1,2,1,0,752,high_stack_holes,34,0,3,5,10,-8904,0,774,776,native
ebde781a11596519c7a452de26bae83348e3cb54-dirty,1,1,2,1,0,452,random_trajectory,9,0,0,3,18,-10668,0,166,168,native
ebde781a11596519c7a452de26bae83348e3cb54-dirty,1,1,2,1,0,153,heuristic_trajectory,34,0,1,2,1,-1040,0,774,776,native
ebde781a11596519c7a452de26bae83348e3cb54-dirty,1,1,2,1,0,753,high_stack_holes,34,0,2,2,13,-9123,0,638,640,native
ebde781a11596519c7a452de26bae83348e3cb54-dirty,1,1,2,1,0,453,random_trajectory,17,0,1,0,0,-5286,0,414,416,native
ebde781a11596519c7a452de26bae83348e3cb54-dirty,1,1,2,1,0,154,heuristic_trajectory,34,0,3,8,0,-840,0,774,776,native
ebde781a11596519c7a452de26bae83348e3cb54-dirty,1,1,2,1,0,754,high_stack_holes,34,0,3,5,16,-13260,0,434,436,native
ebde781a11596519c7a452de26bae83348e3cb54-dirty,1,1,2,1,0,454,random_trajectory,17,0,0,0,0,-1449,0,414,416,native
ebde781a11596519c7a452de26bae83348e3cb54-dirty,1,1,2,1,0,155,heuristic_trajectory,17,0,0,5,7,-4040,0,414,416,native
ebde781a11596519c7a452de26bae83348e3cb54-dirty,1,1,2,1,0,755,high_stack_holes,17,0,1,4,12,-11337,0,380,382,native
ebde781a11596519c7a452de26bae83348e3cb54-dirty,1,1,2,1,0,455,random_trajectory,34,0,1,0,14,-11199,0,264,266,native
ebde781a11596519c7a452de26bae83348e3cb54-dirty,1,1,2,1,0,156,heuristic_trajectory,17,0,1,3,7,-4578,0,414,416,native
ebde781a11596519c7a452de26bae83348e3cb54-dirty,1,1,2,1,0,756,high_stack_holes,17,0,1,9,6,-8594,0,346,348,native
ebde781a11596519c7a452de26bae83348e3cb54-dirty,1,1,2,1,0,456,random_trajectory,17,0,1,2,6,-8319,0,267,269,native
ebde781a11596519c7a452de26bae83348e3cb54-dirty,1,1,2,1,0,157,heuristic_trajectory,34,0,3,4,5,-3438,0,774,776,native
ebde781a11596519c7a452de26bae83348e3cb54-dirty,1,1,2,1,0,757,high_stack_holes,17,0,0,0,17,-12045,0,346,348,native
ebde781a11596519c7a452de26bae83348e3cb54-dirty,1,1,2,1,0,457,random_trajectory,17,0,0,0,0,-1449,0,414,416,native
ebde781a11596519c7a452de26bae83348e3cb54-dirty,1,1,2,1,0,158,heuristic_trajectory,17,0,0,6,0,-578,0,414,416,native
ebde781a11596519c7a452de26bae83348e3cb54-dirty,1,1,2,1,0,758,high_stack_holes,34,0,0,2,2,-1788,0,774,776,native
ebde781a11596519c7a452de26bae83348e3cb54-dirty,1,1,2,1,0,458,random_trajectory,17,0,1,8,11,-12084,0,142,144,native
ebde781a11596519c7a452de26bae83348e3cb54-dirty,1,1,2,1,0,159,heuristic_trajectory,17,0,1,8,2,-2142,0,414,416,native
ebde781a11596519c7a452de26bae83348e3cb54-dirty,1,1,2,1,0,759,high_stack_holes,34,0,1,4,16,-10716,0,298,300,native
ebde781a11596519c7a452de26bae83348e3cb54-dirty,1,1,2,1,0,459,random_trajectory,17,0,1,0,0,-5286,0,414,416,native
ebde781a11596519c7a452de26bae83348e3cb54-dirty,1,1,2,1,0,160,heuristic_trajectory,17,0,0,4,0,-338,0,414,416,native
ebde781a11596519c7a452de26bae83348e3cb54-dirty,1,1,2,1,0,760,high_stack_holes,34,0,3,2,4,-10875,0,434,436,native
ebde781a11596519c7a452de26bae83348e3cb54-dirty,1,1,2,1,0,460,random_trajectory,17,0,1,1,15,-11331,0,176,178,native
ebde781a11596519c7a452de26bae83348e3cb54-dirty,1,1,2,1,0,161,heuristic_trajectory,34,0,0,5,0,-498,0,774,776,native
ebde781a11596519c7a452de26bae83348e3cb54-dirty,1,1,2,1,0,761,high_stack_holes,34,0,1,7,2,-2736,0,774,776,native
ebde781a11596519c7a452de26bae83348e3cb54-dirty,1,1,2,1,0,461,random_trajectory,17,0,1,8,5,-8661,0,278,280,native
ebde781a11596519c7a452de26bae83348e3cb54-dirty,1,1,2,1,0,162,heuristic_trajectory,17,0,1,5,6,-4290,0,414,416,native
ebde781a11596519c7a452de26bae83348e3cb54-dirty,1,1,2,1,0,762,high_stack_holes,17,0,1,6,13,-9132,0,278,280,native
ebde781a11596519c7a452de26bae83348e3cb54-dirty,1,1,2,1,0,462,random_trajectory,34,0,1,8,4,-9675,0,468,470,native
ebde781a11596519c7a452de26bae83348e3cb54-dirty,1,1,2,1,0,163,heuristic_trajectory,34,0,1,8,2,-2270,0,774,776,native
ebde781a11596519c7a452de26bae83348e3cb54-dirty,1,1,2,1,0,763,high_stack_holes,17,0,1,6,7,-11625,0,176,178,native
ebde781a11596519c7a452de26bae83348e3cb54-dirty,1,1,2,1,0,463,random_trajectory,34,0,0,0,0,-585,0,774,776,native
ebde781a11596519c7a452de26bae83348e3cb54-dirty,1,1,2,1,0,164,heuristic_trajectory,34,0,0,2,0,-618,0,774,776,native
ebde781a11596519c7a452de26bae83348e3cb54-dirty,1,1,2,1,0,764,high_stack_holes,17,0,0,6,1,-669,0,414,416,native
ebde781a11596519c7a452de26bae83348e3cb54-dirty,1,1,2,1,0,464,random_trajectory,9,0,0,8,14,-12303,0,98,100,native
ebde781a11596519c7a452de26bae83348e3cb54-dirty,1,1,2,1,0,165,heuristic_trajectory,17,0,0,4,6,-3948,0,414,416,native
ebde781a11596519c7a452de26bae83348e3cb54-dirty,1,1,2,1,0,765,high_stack_holes,17,0,1,2,0,-8913,0,346,348,native
ebde781a11596519c7a452de26bae83348e3cb54-dirty,1,1,2,1,0,465,random_trajectory,34,0,0,0,7,-7938,0,672,674,native
ebde781a11596519c7a452de26bae83348e3cb54-dirty,1,1,2,1,0,166,heuristic_trajectory,17,0,0,4,5,-3621,0,414,416,native
ebde781a11596519c7a452de26bae83348e3cb54-dirty,1,1,2,1,0,766,high_stack_holes,17,0,1,1,16,-12717,0,244,246,native
ebde781a11596519c7a452de26bae83348e3cb54-dirty,1,1,2,1,0,466,random_trajectory,34,0,0,0,0,-4320,0,774,776,native
ebde781a11596519c7a452de26bae83348e3cb54-dirty,1,1,2,1,0,167,heuristic_trajectory,17,0,0,4,5,-3621,0,414,416,native
ebde781a11596519c7a452de26bae83348e3cb54-dirty,1,1,2,1,0,767,high_stack_holes,34,0,1,5,10,-6131,0,774,776,native
ebde781a11596519c7a452de26bae83348e3cb54-dirty,1,1,2,1,0,467,random_trajectory,17,0,1,1,6,-7650,0,346,348,native
ebde781a11596519c7a452de26bae83348e3cb54-dirty,1,1,2,1,0,168,heuristic_trajectory,34,0,0,4,3,-2187,0,774,776,native
ebde781a11596519c7a452de26bae83348e3cb54-dirty,1,1,2,1,0,768,high_stack_holes,17,0,1,6,11,-8511,0,312,314,native
ebde781a11596519c7a452de26bae83348e3cb54-dirty,1,1,2,1,0,468,random_trajectory,34,0,0,0,0,-2778,0,774,776,native
ebde781a11596519c7a452de26bae83348e3cb54-dirty,1,1,2,1,0,169,heuristic_trajectory,17,0,1,6,6,-3792,0,414,416,native
ebde781a11596519c7a452de26bae83348e3cb54-dirty,1,1,2,1,0,769,high_stack_holes,34,0,0,3,18,-11946,0,366,368,native
ebde781a11596519c7a452de26bae83348e3cb54-dirty,1,1,2,1,0,469,random_trajectory,34,0,3,1,6,-6468,0,774,776,native
ebde781a11596519c7a452de26bae83348e3cb54-dirty,1,1,2,1,0,170,heuristic_trajectory,34,0,0,1,3,-1881,0,774,776,native
ebde781a11596519c7a452de26bae83348e3cb54-dirty,1,1,2,1,0,770,high_stack_holes,34,0,0,6,0,-1089,0,774,776,native
ebde781a11596519c7a452de26bae83348e3cb54-dirty,1,1,2,1,0,470,random_trajectory,17,0,0,0,0,-327,0,414,416,native
ebde781a11596519c7a452de26bae83348e3cb54-dirty,1,1,2,1,0,171,heuristic_trajectory,17,0,1,6,6,-3792,0,414,416,native
ebde781a11596519c7a452de26bae83348e3cb54-dirty,1,1,2,1,0,771,high_stack_holes,34,0,1,2,11,-8999,0,536,538,native
ebde781a11596519c7a452de26bae83348e3cb54-dirty,1,1,2,1,0,471,random_trajectory,34,0,1,5,3,-2592,0,774,776,native
ebde781a11596519c7a452de26bae83348e3cb54-dirty,1,1,2,1,0,172,heuristic_trajectory,34,0,0,1,5,-3144,0,774,776,native
ebde781a11596519c7a452de26bae83348e3cb54-dirty,1,1,2,1,0,772,high_stack_holes,34,0,3,6,14,-12861,0,502,504,native
ebde781a11596519c7a452de26bae83348e3cb54-dirty,1,1,2,1,0,472,random_trajectory,17,0,0,0,0,-327,0,414,416,native
ebde781a11596519c7a452de26bae83348e3cb54-dirty,1,1,2,1,0,173,heuristic_trajectory,34,0,3,8,2,-1922,0,774,776,native
ebde781a11596519c7a452de26bae83348e3cb54-dirty,1,1,2,1,0,773,high_stack_holes,34,0,2,1,15,-10212,0,774,776,native
ebde781a11596519c7a452de26bae83348e3cb54-dirty,1,1,2,1,0,473,random_trajectory,17,0,1,8,0,-3138,0,414,416,native
ebde781a11596519c7a452de26bae83348e3cb54-dirty,1,1,2,1,0,174,heuristic_trajectory,34,0,3,7,1,-702,0,774,776,native
ebde781a11596519c7a452de26bae83348e3cb54-dirty,1,1,2,1,0,774,high_stack_holes,34,0,1,7,12,-8162,0,774,776,native
ebde781a11596519c7a452de26bae83348e3cb54-dirty,1,1,2,1,0,474,random_trajectory,17,0,1,0,9,-10056,0,244,246,native
ebde781a11596519c7a452de26bae83348e3cb54-dirty,1,1,2,1,0,175,heuristic_trajectory,34,0,1,2,5,-3501,0,774,776,native
ebde781a11596519c7a452de26bae83348e3cb54-dirty,1,1,2,1,0,775,high_stack_holes,9,0,0,3,16,-11613,0,121,123,native
ebde781a11596519c7a452de26bae83348e3cb54-dirty,1,1,2,1,0,475,random_trajectory,17,0,1,0,0,-5286,0,414,416,native
ebde781a11596519c7a452de26bae83348e3cb54-dirty,1,1,2,1,0,176,heuristic_trajectory,17,0,1,4,0,-858,0,414,416,native
ebde781a11596519c7a452de26bae83348e3cb54-dirty,1,1,2,1,0,776,high_stack_holes,9,0,0,2,8,-6201,0,234,236,native
ebde781a11596519c7a452de26bae83348e3cb54-dirty,1,1,2,1,0,476,random_trajectory,34,0,1,5,3,-2592,0,774,776,native
ebde781a11596519c7a452de26bae83348e3cb54-dirty,1,1,2,1,0,177,heuristic_trajectory,17,0,0,2,1,-1386,0,414,416,native
ebde781a11596519c7a452de26bae83348e3cb54-dirty,1,1,2,1,0,777,high_stack_holes,17,0,1,6,14,-9435,0,244,246,native
ebde781a11596519c7a452de26bae83348e3cb54-dirty,1,1,2,1,0,477,random_trajectory,17,0,0,0,0,-1449,0,414,416,native
ebde781a11596519c7a452de26bae83348e3cb54-dirty,1,1,2,1,0,178,heuristic_trajectory,17,0,0,0,7,-3992,0,414,416,native
ebde781a11596519c7a452de26bae83348e3cb54-dirty,1,1,2,1,0,778,high_stack_holes,17,0,1,8,17,-12633,0,244,246,native
ebde781a11596519c7a452de26bae83348e3cb54-dirty,1,1,2,1,0,478,random_trajectory,17,0,1,1,6,-7650,0,346,348,native
ebde781a11596519c7a452de26bae83348e3cb54-dirty,1,1,2,1,0,179,heuristic_trajectory,34,0,2,7,0,-990,0,774,776,native
ebde781a11596519c7a452de26bae83348e3cb54-dirty,1,1,2,1,0,779,high_stack_holes,34,0,1,0,12,-7421,0,774,776,native
ebde781a11596519c7a452de26bae83348e3cb54-dirty,1,1,2,1,0,479,random_trajectory,34,0,1,8,0,-5541,0,774,776,native
ebde781a11596519c7a452de26bae83348e3cb54-dirty,1,1,2,1,0,180,heuristic_trajectory,17,0,1,0,3,-2868,0,414,416,native
ebde781a11596519c7a452de26bae83348e3cb54-dirty,1,1,2,1,0,780,high_stack_holes,9,0,0,7,14,-8907,0,234,236,native
ebde781a11596519c7a452de26bae83348e3cb54-dirty,1,1,2,1,0,480,random_trajectory,17,0,1,5,2,-2157,0,414,416,native
ebde781a11596519c7a452de26bae83348e3cb54-dirty,1,1,2,1,0,181,heuristic_trajectory,9,0,0,3,7,-4458,0,234,236,native
ebde781a11596519c7a452de26bae83348e3cb54-dirty,1,1,2,1,0,781,high_stack_holes,34,0,1,7,15,-12099,0,434,436,native
ebde781a11596519c7a452de26bae83348e3cb54-dirty,1,1,2,1,0,481,random_trajectory,34,0,1,8,4,-9675,0,468,470,native
ebde781a11596519c7a452de26bae83348e3cb54-dirty,1,1,2,1,0,182,heuristic_trajectory,34,0,2,6,5,-3708,0,774,776,native
ebde781a11596519c7a452de26bae83348e3cb54-dirty,1,1,2,1,0,782,high_stack_holes,17,0,1,8,5,-4578,0,414,416,native
ebde781a11596519c7a452de26bae83348e3cb54-dirty,1,1,2,1,0,482,random_trajectory,9,0,0,8,14,-12303,0,98,100,native
ebde781a11596519c7a452de26bae83348e3cb54-dirty,1,1,2,1,0,183,heuristic_trajectory,34,0,0,6,2,-1572,0,774,776,native
ebde781a11596519c7a452de26bae83348e3cb54-dirty,1,1,2,1,0,783,high_stack_holes,34,0,3,1,13,-9360,0,570,572,native
ebde781a11596519c7a452de26bae83348e3cb54-dirty,1,1,2,1,0,483,random_trajectory,34,0,0,0,0,-2778,0,774,776,native
ebde781a11596519c7a452de26bae83348e3cb54-dirty,1,1,2,1,0,184,heuristic_trajectory,34,0,3,7,0,-822,0,774,776,native
ebde781a11596519c7a452de26bae83348e3cb54-dirty,1,1,2,1,0,784,high_stack_holes,17,0,1,2,1,-11094,0,199,201,native
ebde781a11596519c7a452de26bae83348e3cb54-dirty,1,1,2,1,0,484,random_trajectory,34,0,1,8,4,-9675,0,468,470,native
ebde781a11596519c7a452de26bae83348e3cb54-dirty,1,1,2,1,0,185,heuristic_trajectory,34,0,2,3,2,-1965,0,774,776,native
ebde781a11596519c7a452de26bae83348e3cb54-dirty,1,1,2,1,0,785,high_stack_holes,9,0,0,3,12,-8358,0,234,236,native
ebde781a11596519c7a452de26bae83348e3cb54-dirty,1,1,2,1,0,485,random_trajectory,17,0,1,0,9,-10056,0,244,246,native
ebde781a11596519c7a452de26bae83348e3cb54-dirty,1,1,2,1,0,186,heuristic_trajectory,9,0,0,0,3,-2580,0,234,236,native
ebde781a11596519c7a452de26bae83348e3cb54-dirty,1,1,2,1,0,786,high_stack_holes,17,0,1,8,14,-8547,0,346,348,native
ebde781a11596519c7a452de26bae83348e3cb54-dirty,1,1,2,1,0,486,random_trajectory,17,0,1,1,15,-11331,0,176,178,native
ebde781a11596519c7a452de26bae83348e3cb54-dirty,1,1,2,1,0,187,heuristic_trajectory,17,0,1,8,4,-3861,0,414,416,native
ebde781a11596519c7a452de26bae83348e3cb54-dirty,1,1,2,1,0,787,high_stack_holes,17,0,1,5,16,-12759,0,176,178,native
ebde781a11596519c7a452de26bae83348e3cb54-dirty,1,1,2,1,0,487,random_trajectory,34,0,1,5,3,-2592,0,774,776,native
ebde781a11596519c7a452de26bae83348e3cb54-dirty,1,1,2,1,0,188,heuristic_trajectory,17,0,1,3,5,-3828,0,414,416,native
ebde781a11596519c7a452de26bae83348e3cb54-dirty,1,1,2,1,0,788,high_stack_holes,34,0,1,6,1,-2184,0,774,776,native
ebde781a11596519c7a452de26bae83348e3cb54-dirty,1,1,2,1,0,488,random_trajectory,34,0,1,5,3,-2592,0,774,776,native
ebde781a11596519c7a452de26bae83348e3cb54-dirty,1,1,2,1,0,189,heuristic_trajectory,34,0,2,3,6,-3927,0,774,776,native
ebde781a11596519c7a452de26bae83348e3cb54-dirty,1,1,2,1,0,789,high_stack_holes,17,0,1,4,12,-9132,0,312,314,native
ebde781a11596519c7a452de26bae83348e3cb54-dirty,1,1,2,1,0,489,random_trajectory,17,0,1,0,9,-10056,0,244,246,native
ebde781a11596519c7a452de26bae83348e3cb54-dirty,1,1,2,1,0,190,heuristic_trajectory,17,0,0,6,4,-3312,0,414,416,native
ebde781a11596519c7a452de26bae83348e3cb54-dirty,1,1,2,1,0,790,high_stack_holes,17,0,1,3,11,-12003,0,210,212,native
ebde781a11596519c7a452de26bae83348e3cb54-dirty,1,1,2,1,0,490,random_trajectory,9,0,0,8,14,-12303,0,98,100,native
ebde781a11596519c7a452de26bae83348e3cb54-dirty,1,1,2,1,0,191,heuristic_trajectory,34,0,3,8,2,-1292,0,774,776,native
ebde781a11596519c7a452de26bae83348e3cb54-dirty,1,1,2,1,0,791,high_stack_holes,9,0,0,1,15,-10521,0,234,236,native
ebde781a11596519c7a452de26bae83348e3cb54-dirty,1,1,2,1,0,491,random_trajectory,34,0,0,0,0,-4320,0,774,776,native
ebde781a11596519c7a452de26bae83348e3cb54-dirty,1,1,2,1,0,192,heuristic_trajectory,17,0,0,0,2,-1281,0,414,416,native
ebde781a11596519c7a452de26bae83348e3cb54-dirty,1,1,2,1,0,792,high_stack_holes,17,0,1,6,14,-9258,0,267,269,native
ebde781a11596519c7a452de26bae83348e3cb54-dirty,1,1,2,1,0,492,random_trajectory,34,0,1,0,11,-10977,0,264,266,native
ebde781a11596519c7a452de26bae83348e3cb54-dirty,1,1,2,1,0,193,heuristic_trajectory,34,0,3,8,2,-1292,0,774,776,native
ebde781a11596519c7a452de26bae83348e3cb54-dirty,1,1,2,1,0,793,high_stack_holes,34,0,3,5,3,-10497,0,502,504,native
ebde781a11596519c7a452de26bae83348e3cb54-dirty,1,1,2,1,0,493,random_trajectory,17,0,1,2,6,-8319,0,267,269,native
ebde781a11596519c7a452de26bae83348e3cb54-dirty,1,1,2,1,0,194,heuristic_trajectory,17,0,0,2,2,-2016,0,414,416,native
ebde781a11596519c7a452de26bae83348e3cb54-dirty,1,1,2,1,0,794,high_stack_holes,17,0,0,4,0,-414,0,414,416,native
ebde781a11596519c7a452de26bae83348e3cb54-dirty,1,1,2,1,0,494,random_trajectory,34,0,3,1,6,-6468,0,774,776,native
ebde781a11596519c7a452de26bae83348e3cb54-dirty,1,1,2,1,0,195,heuristic_trajectory,17,0,1,0,4,-2262,0,414,416,native
ebde781a11596519c7a452de26bae83348e3cb54-dirty,1,1,2,1,0,795,high_stack_holes,17,0,1,2,12,-8877,0,380,382,native
ebde781a11596519c7a452de26bae83348e3cb54-dirty,1,1,2,1,0,495,random_trajectory,34,0,0,0,0,-4320,0,774,776,native
ebde781a11596519c7a452de26bae83348e3cb54-dirty,1,1,2,1,0,196,heuristic_trajectory,17,0,0,1,4,-2292,0,414,416,native
ebde781a11596519c7a452de26bae83348e3cb54-dirty,1,1,2,1,0,796,high_stack_holes,17,0,1,6,16,-11709,0,312,314,native
ebde781a11596519c7a452de26bae83348e3cb54-dirty,1,1,2,1,0,496,random_trajectory,9,0,0,8,0,-1917,0,234,236,native
ebde781a11596519c7a452de26bae83348e3cb54-dirty,1,1,2,1,0,197,heuristic_trajectory,9,0,0,0,6,-3657,0,234,236,native
ebde781a11596519c7a452de26bae83348e3cb54-dirty,1,1,2,1,0,797,high_stack_holes,34,0,2,7,4,-2922,0,774,776,native
ebde781a11596519c7a452de26bae83348e3cb54-dirty,1,1,2,1,0,497,random_trajectory,17,0,1,8,16,-12558,0,142,144,native
ebde781a11596519c7a452de26bae83348e3cb54-dirty,1,1,2,1,0,198,heuristic_trajectory,17,0,1,5,4,-3152,0,414,416,native
ebde781a11596519c7a452de26bae83348e3cb54-dirty,1,1,2,1,0,798,high_stack_holes,17,0,1,5,12,-9402,0,380,382,native
ebde781a11596519c7a452de26bae83348e3cb54-dirty,1,1,2,1,0,498,random_trajectory,17,0,1,1,15,-11331,0,176,178,native
ebde781a11596519c7a452de26bae83348e3cb54-dirty,1,1,2,1,0,199,heuristic_trajectory,34,0,0,1,9,-4782,0,774,776,native
ebde781a11596519c7a452de26bae83348e3cb54-dirty,1,1,2,1,0,799,high_stack_holes,17,0,1,5,7,-12528,0,380,382,native
ebde781a11596519c7a452de26bae83348e3cb54-dirty,1,1,2,1,0,499,random_trajectory,17,0,0,2,18,-10347,0,244,246,native
ebde781a11596519c7a452de26bae83348e3cb54-dirty,1,1,2,1,0,200,heuristic_trajectory,17,0,1,4,3,-2409,0,414,416,native
ebde781a11596519c7a452de26bae83348e3cb54-dirty,1,1,2,1,0,500,random_trajectory,34,0,3,3,0,-4101,0,774,776,native
ebde781a11596519c7a452de26bae83348e3cb54-dirty,1,1,2,1,0,201,heuristic_trajectory,17,0,1,8,2,-2223,0,414,416,native
ebde781a11596519c7a452de26bae83348e3cb54-dirty,1,1,2,1,0,501,random_trajectory,34,0,0,0,0,-258,0,774,776,native
ebde781a11596519c7a452de26bae83348e3cb54-dirty,1,1,2,1,0,202,heuristic_trajectory,17,0,1,0,4,-3090,0,414,416,native
ebde781a11596519c7a452de26bae83348e3cb54-dirty,1,1,2,1,0,502,random_trajectory,34,0,2,0,4,-8970,0,366,368,native
ebde781a11596519c7a452de26bae83348e3cb54-dirty,1,1,2,1,0,203,heuristic_trajectory,9,0,0,6,4,-2208,0,234,236,native
ebde781a11596519c7a452de26bae83348e3cb54-dirty,1,1,2,1,0,503,random_trajectory,17,0,1,0,10,-10263,0,210,212,native
ebde781a11596519c7a452de26bae83348e3cb54-dirty,1,1,2,1,0,204,heuristic_trajectory,34,0,1,6,2,-1580,0,774,776,native
ebde781a11596519c7a452de26bae83348e3cb54-dirty,1,1,2,1,0,504,random_trajectory,17,0,1,3,0,-2055,0,414,416,native
ebde781a11596519c7a452de26bae83348e3cb54-dirty,1,1,2,1,0,205,heuristic_trajectory,34,0,2,2,5,-3042,0,774,776,native
ebde781a11596519c7a452de26bae83348e3cb54-dirty,1,1,2,1,0,505,random_trajectory,9,0,0,8,5,-8730,0,166,168,native
ebde781a11596519c7a452de26bae83348e3cb54-dirty,1,1,2,1,0,206,heuristic_trajectory,34,0,2,5,0,-575,0,774,776,native
ebde781a11596519c7a452de26bae83348e3cb54-dirty,1,1,2,1,0,506,random_trajectory,34,0,3,1,8,-9675,0,366,368,native
ebde781a11596519c7a452de26bae83348e3cb54-dirty,1,1,2,1,0,207,heuristic_trajectory,34,0,1,3,7,-5019,0,774,776,native
ebde781a11596519c7a452de26bae83348e3cb54-dirty,1,1,2,1,0,507,random_trajectory,34,0,3,8,10,-11460,0,366,368,native
ebde781a11596519c7a452de26bae83348e3cb54-dirty,1,1,2,1,0,208,heuristic_trajectory,34,0,1,0,4,-3083,0,774,776,native
ebde781a11596519c7a452de26bae83348e3cb54-dirty,1,1,2,1,0,508,random_trajectory,17,0,1,8,0,-1278,0,414,416,native
ebde781a11596519c7a452de26bae83348e3cb54-dirty,1,1,2,1,0,209,heuristic_trajectory,17,0,0,3,8,-4626,0,414,416,native
ebde781a11596519c7a452de26bae83348e3cb54-dirty,1,1,2,1,0,509,random_trajectory,34,0,1,3,0,-4464,0,774,776,native
ebde781a11596519c7a452de26bae83348e3cb54-dirty,1,1,2,1,0,210,heuristic_trajectory,17,0,1,0,5,-3083,0,414,416,native
ebde781a11596519c7a452de26bae83348e3cb54-dirty,1,1,2,1,0,510,random_trajectory,17,0,1,3,0,-2055,0,414,416,native
ebde781a11596519c7a452de26bae83348e3cb54-dirty,1,1,2,1,0,211,heuristic_trajectory,17,0,1,3,6,-3978,0,414,416,native
ebde781a11596519c7a452de26bae83348e3cb54-dirty,1,1,2,1,0,511,random_trajectory,34,0,3,8,10,-11460,0,366,368,native
ebde781a11596519c7a452de26bae83348e3cb54-dirty,1,1,2,1,0,212,heuristic_trajectory,17,0,0,5,1,-728,0,414,416,native
ebde781a11596519c7a452de26bae83348e3cb54-dirty,1,1,2,1,0,512,random_trajectory,34,0,3,5,17,-7191,0,604,606,native
ebde781a11596519c7a452de26bae83348e3cb54-dirty,1,1,2,1,0,213,heuristic_trajectory,17,0,1,6,2,-2841,0,414,416,native
ebde781a11596519c7a452de26bae83348e3cb54-dirty,1,1,2,1,0,513,random_trajectory,34,0,1,3,0,-4668,0,774,776,native
ebde781a11596519c7a452de26bae83348e3cb54-dirty,1,1,2,1,0,214,heuristic_trajectory,17,0,1,6,4,-3081,0,414,416,native
ebde781a11596519c7a452de26bae83348e3cb54-dirty,1,1,2,1,0,514,random_trajectory,34,0,0,0,0,-258,0,774,776,native
ebde781a11596519c7a452de26bae83348e3cb54-dirty,1,1,2,1,0,215,heuristic_trajectory,34,0,3,1,3,-2402,0,774,776,native
ebde781a11596519c7a452de26bae83348e3cb54-dirty,1,1,2,1,0,515,random_trajectory,34,0,1,3,0,-4668,0,774,776,native
ebde781a11596519c7a452de26bae83348e3cb54-dirty,1,1,2,1,0,216,heuristic_trajectory,17,0,1,0,2,-1455,0,414,416,native
ebde781a11596519c7a452de26bae83348e3cb54-dirty,1,1,2,1,0,516,random_trajectory,17,0,1,3,0,-2055,0,414,416,native
ebde781a11596519c7a452de26bae83348e3cb54-dirty,1,1,2,1,0,217,heuristic_trajectory,34,0,1,0,2,-2289,0,774,776,native
ebde781a11596519c7a452de26bae83348e3cb54-dirty,1,1,2,1,0,517,random_trajectory,17,0,1,3,0,-2055,0,414,416,native
ebde781a11596519c7a452de26bae83348e3cb54-dirty,1,1,2,1,0,218,heuristic_trajectory,17,0,1,0,4,-2379,0,414,416,native
ebde781a11596519c7a452de26bae83348e3cb54-dirty,1,1,2,1,0,518,random_trajectory,17,0,1,8,0,-1278,0,414,416,native
ebde781a11596519c7a452de26bae83348e3cb54-dirty,1,1,2,1,0,219,heuristic_trajectory,34,0,2,1,0,-498,0,774,776,native
ebde781a11596519c7a452de26bae83348e3cb54-dirty,1,1,2,1,0,519,random_trajectory,34,0,3,4,0,-603,0,774,776,native
ebde781a11596519c7a452de26bae83348e3cb54-dirty,1,1,2,1,0,220,heuristic_trajectory,34,0,1,1,3,-2052,0,774,776,native
ebde781a11596519c7a452de26bae83348e3cb54-dirty,1,1,2,1,0,520,random_trajectory,34,0,2,0,4,-8970,0,366,368,native
ebde781a11596519c7a452de26bae83348e3cb54-dirty,1,1,2,1,0,221,heuristic_trajectory,34,0,2,7,2,-2241,0,774,776,native
ebde781a11596519c7a452de26bae83348e3cb54-dirty,1,1,2,1,0,521,random_trajectory,34,0,1,8,17,-12171,0,366,368,native
ebde781a11596519c7a452de26bae83348e3cb54-dirty,1,1,2,1,0,222,heuristic_trajectory,17,0,0,3,3,-2496,0,414,416,native
ebde781a11596519c7a452de26bae83348e3cb54-dirty,1,1,2,1,0,522,random_trajectory,17,0,1,0,10,-10263,0,210,212,native
ebde781a11596519c7a452de26bae83348e3cb54-dirty,1,1,2,1,0,223,heuristic_trajectory,17,0,1,2,2,-1415,0,414,416,native
ebde781a11596519c7a452de26bae83348e3cb54-dirty,1,1,2,1,0,523,random_trajectory,34,0,1,8,0,-2820,0,774,776,native
ebde781a11596519c7a452de26bae83348e3cb54-dirty,1,1,2,1,0,224,heuristic_trajectory,34,0,2,7,4,-3275,0,774,776,native
ebde781a11596519c7a452de26bae83348e3cb54-dirty,1,1,2,1,0,524,random_trajectory,9,0,0,0,18,-12555,0,98,100,native
ebde781a11596519c7a452de26bae83348e3cb54-dirty,1,1,2,1,0,225,heuristic_trajectory,17,0,0,0,5,-2973,0,414,416,native
ebde781a11596519c7a452de26bae83348e3cb54-dirty,1,1,2,1,0,525,random_trajectory,17,0,1,3,0,-2055,0,414,416,native
ebde781a11596519c7a452de26bae83348e3cb54-dirty,1,1,2,1,0,226,heuristic_trajectory,34,0,0,4,2,-1590,0,774,776,native
ebde781a11596519c7a452de26bae83348e3cb54-dirty,1,1,2,1,0,526,random_trajectory,17,0,0,0,13,-11253,0,210,212,native
ebde781a11596519c7a452de26bae83348e3cb54-dirty,1,1,2,1,0,227,heuristic_trajectory,34,0,2,6,3,-1940,0,774,776,native
ebde781a11596519c7a452de26bae83348e3cb54-dirty,1,1,2,1,0,527,random_trajectory,34,0,1,3,0,-4668,0,774,776,native
ebde781a11596519c7a452de26bae83348e3cb54-dirty,1,1,2,1,0,228,heuristic_trajectory,34,0,1,0,0,-738,0,774,776,native
ebde781a11596519c7a452de26bae83348e3cb54-dirty,1,1,2,1,0,528,random_trajectory,17,0,1,2,12,-11826,0,210,212,native
ebde781a11596519c7a452de26bae83348e3cb54-dirty,1,1,2,1,0,229,heuristic_trajectory,17,0,0,0,4,-2889,0,414,416,native
ebde781a11596519c7a452de26bae83348e3cb54-dirty,1,1,2,1,0,529,random_trajectory,9,0,0,5,17,-6954,0,200,202,native
ebde781a11596519c7a452de26bae83348e3cb54-dirty,1,1,2,1,0,230,heuristic_trajectory,17,0,0,5,3,-2493,0,414,416,native
ebde781a11596519c7a452de26bae83348e3cb54-dirty,1,1,2,1,0,530,random_trajectory,34,0,1,3,0,-4668,0,774,776,native
ebde781a11596519c7a452de26bae83348e3cb54-dirty,1,1,2,1,0,231,heuristic_trajectory,17,0,0,2,3,-1860,0,414,416,native
ebde781a11596519c7a452de26bae83348e3cb54-dirty,1,1,2,1,0,531,random_trajectory,34,0,1,8,17,-12171,0,366,368,native
ebde781a11596519c7a452de26bae83348e3cb54-dirty,1,1,2,1,0,232,heuristic_trajectory,9,0,0,1,5,-3483,0,234,236,native
ebde781a11596519c7a452de26bae83348e3cb54-dirty,1,1,2,1,0,532,random_trajectory,17,0,0,0,13,-11253,0,210,212,native
ebde781a11596519c7a452de26bae83348e3cb54-dirty,1,1,2,1,0,233,heuristic_trajectory,34,0,1,2,0,-1044,0,774,776,native
ebde781a11596519c7a452de26bae83348e3cb54-dirty,1,1,2,1,0,533,random_trajectory,17,0,1,8,13,-11766,0,210,212,native
ebde781a11596519c7a452de26bae83348e3cb54-dirty,1,1,2,1,0,234,heuristic_trajectory,17,0,0,1,1,-1401,0,414,416,native
ebde781a11596519c7a452de26bae83348e3cb54-dirty,1,1,2,1,0,534,random_trajectory,34,0,3,5,17,-7191,0,604,606,native
ebde781a11596519c7a452de26bae83348e3cb54-dirty,1,1,2,1,0,235,heuristic_trajectory,17,0,0,4,5,-3330,0,414,416,native
ebde781a11596519c7a452de26bae83348e3cb54-dirty,1,1,2,1,0,535,random_trajectory,17,0,1,5,17,-6735,0,346,348,native
ebde781a11596519c7a452de26bae83348e3cb54-dirty,1,1,2,1,0,236,heuristic_trajectory,17,0,1,4,1,-1692,0,414,416,native
ebde781a11596519c7a452de26bae83348e3cb54-dirty,1,1,2,1,0,536,random_trajectory,17,0,1,0,4,-9312,0,210,212,native
ebde781a11596519c7a452de26bae83348e3cb54-dirty,1,1,2,1,0,237,heuristic_trajectory,17,0,1,0,1,-1146,0,414,416,native
ebde781a11596519c7a452de26bae83348e3cb54-dirty,1,1,2,1,0,537,random_trajectory,17,0,1,3,0,-2055,0,414,416,native
ebde781a11596519c7a452de26bae83348e3cb54-dirty,1,1,2,1,0,238,heuristic_trajectory,34,0,3,7,0,-1193,0,774,776,native
ebde781a11596519c7a452de26bae83348e3cb54-dirty,1,1,2,1,0,538,random_trajectory,17,0,1,0,4,-9312,0,210,212,native
ebde781a11596519c7a452de26bae83348e3cb54-dirty,1,1,2,1,0,239,heuristic_trajectory,34,0,3,7,2,-1274,0,774,776,native
ebde781a11596519c7a452de26bae83348e3cb54-dirty,1,1,2,1,0,539,random_trajectory,34,0,0,0,0,-258,0,774,776,native
ebde781a11596519c7a452de26bae83348e3cb54-dirty,1,1,2,1,0,240,heuristic_trajectory,17,0,1,6,2,-2841,0,414,416,native
ebde781a11596519c7a452de26bae83348e3cb54-dirty,1,1,2,1,0,540,random_trajectory,34,0,2,0,4,-8970,0,366,368,native
ebde781a11596519c7a452de26bae83348e3cb54-dirty,1,1,2,1,0,241,heuristic_trajectory,34,0,1,4,5,-3017,0,774,776,native
ebde781a11596519c7a452de26bae83348e3cb54-dirty,1,1,2,1,0,541,random_trajectory,34,0,0,0,0,0,1,196,198,native
ebde781a11596519c7a452de26bae83348e3cb54-dirty,1,1,2,1,0,242,heuristic_trajectory,34,0,2,1,4,-2919,0,774,776,native
ebde781a11596519c7a452de26bae83348e3cb54-dirty,1,1,2,1,0,542,random_trajectory,9,0,0,0,18,-12555,0,98,100,native
ebde781a11596519c7a452de26bae83348e3cb54-dirty,1,1,2,1,0,243,heuristic_trajectory,17,0,0,4,6,-3720,0,414,416,native
ebde781a11596519c7a452de26bae83348e3cb54-dirty,1,1,2,1,0,543,random_trajectory,17,0,1,3,0,-2055,0,414,416,native
ebde781a11596519c7a452de26bae83348e3cb54-dirty,1,1,2,1,0,244,heuristic_trajectory,34,0,3,8,7,-4968,0,774,776,native
ebde781a11596519c7a452de26bae83348e3cb54-dirty,1,1,2,1,0,544,random_trajectory,34,0,1,8,17,-12171,0,366,368,native
ebde781a11596519c7a452de26bae83348e3cb54-dirty,1,1,2,1,0,245,heuristic_trajectory,34,0,3,0,2,-1542,0,774,776,native
ebde781a11596519c7a452de26bae83348e3cb54-dirty,1,1,2,1,0,545,random_trajectory,17,0,1,0,10,-10263,0,210,212,native
ebde781a11596519c7a452de26bae83348e3cb54-dirty,1,1,2,1,0,246,heuristic_trajectory,34,0,0,4,6,-4116,0,774,776,native
ebde781a11596519c7a452de26bae83348e3cb54-dirty,1,1,2,1,0,546,random_trajectory,34,0,2,0,4,-8970,0,366,368,native
ebde781a11596519c7a452de26bae83348e3cb54-dirty,1,1,2,1,0,247,heuristic_trajectory,17,0,1,0,5,-3759,0,414,416,native
ebde781a11596519c7a452de26bae83348e3cb54-dirty,1,1,2,1,0,547,random_trajectory,17,0,1,5,17,-6735,0,346,348,native
ebde781a11596519c7a452de26bae83348e3cb54-dirty,1,1,2,1,0,248,heuristic_trajectory,34,0,2,0,3,-2180,0,774,776,native
ebde781a11596519c7a452de26bae83348e3cb54-dirty,1,1,2,1,0,548,random_trajectory,17,0,1,0,4,-9312,0,210,212,native
ebde781a11596519c7a452de26bae83348e3cb54-dirty,1,1,2,1,0,249,heuristic_trajectory,34,0,0,7,2,-1259,0,774,776,native
ebde781a11596519c7a452de26bae83348e3cb54-dirty,1,1,2,1,0,549,random_trajectory,17,0,1,0,4,-9312,0,210,212,native
ebde781a11596519c7a452de26bae83348e3cb54-dirty,1,1,2,1,0,250,heuristic_trajectory,17,0,1,4,2,-2121,0,414,416,native
ebde781a11596519c7a452de26bae83348e3cb54-dirty,1,1,2,1,0,550,random_trajectory,34,0,2,0,18,-11889,0,536,538,native
ebde781a11596519c7a452de26bae83348e3cb54-dirty,1,1,2,1,0,251,heuristic_trajectory,17,0,1,5,0,-1575,0,414,416,native
ebde781a11596519c7a452de26bae83348e3cb54-dirty,1,1,2,1,0,551,random_trajectory,34,0,2,4,17,-12846,0,366,368,native
ebde781a11596519c7a452de26bae83348e3cb54-dirty,1,1,2,1,0,252,heuristic_trajectory,34,0,1,5,3,-2007,0,774,776,native
ebde781a11596519c7a452de26bae83348e3cb54-dirty,1,1,2,1,0,552,random_trajectory,34,0,2,1,18,-13347,0,230,232,native
ebde781a11596519c7a452de26bae83348e3cb54-dirty,1,1,2,1,0,253,heuristic_trajectory,34,0,2,5,1,-1623,0,774,776,native
ebde781a11596519c7a452de26bae83348e3cb54-dirty,1,1,2,1,0,553,random_trajectory,9,0,0,7,10,-4980,0,234,236,native
ebde781a11596519c7a452de26bae83348e3cb54-dirty,1,1,2,1,0,254,heuristic_trajectory,34,0,1,2,2,-1677,0,774,776,native
ebde781a11596519c7a452de26bae83348e3cb54-dirty,1,1,2,1,0,554,random_trajectory,9,0,0,0,0,-240,0,234,236,native
ebde781a11596519c7a452de26bae83348e3cb54-dirty,1,1,2,1,0,255,heuristic_trajectory,17,0,1,0,2,-1571,0,414,416,native
ebde781a11596519c7a452de26bae83348e3cb54-dirty,1,1,2,1,0,555,random_trajectory,17,0,1,1,4,-3768,0,414,416,native
ebde781a11596519c7a452de26bae83348e3cb54-dirty,1,1,2,1,0,256,heuristic_trajectory,17,0,0,6,2,-1197,0,414,416,native
ebde781a11596519c7a452de26bae83348e3cb54-dirty,1,1,2,1,0,556,random_trajectory,17,0,0,1,18,-10977,0,335,337,native
ebde781a11596519c7a452de26bae83348e3cb54-dirty,1,1,2,1,0,257,heuristic_trajectory,34,0,1,2,2,-1677,0,774,776,native
ebde781a11596519c7a452de26bae83348e3cb54-dirty,1,1,2,1,0,557,random_trajectory,17,0,1,8,9,-7332,0,414,416,native
ebde781a11596519c7a452de26bae83348e3cb54-dirty,1,1,2,1,0,258,heuristic_trajectory,17,0,1,2,2,-2088,0,414,416,native
ebde781a11596519c7a452de26bae83348e3cb54-dirty,1,1,2,1,0,558,random_trajectory,17,0,0,1,18,-10977,0,335,337,native
ebde781a11596519c7a452de26bae83348e3cb54-dirty,1,1,2,1,0,259,heuristic_trajectory,9,0,0,5,2,-2004,0,234,236,native
ebde781a11596519c7a452de26bae83348e3cb54-dirty,1,1,2,1,0,559,random_trajectory,34,0,2,1,18,-13347,0,230,232,native
ebde781a11596519c7a452de26bae83348e3cb54-dirty,1,1,2,1,0,260,heuristic_trajectory,34,0,3,7,1,-1397,0,774,776,native
ebde781a11596519c7a452de26bae83348e3cb54-dirty,1,1,2,1,0,560,random_trajectory,17,0,1,2,0,-2019,0,414,416,native
ebde781a11596519c7a452de26bae83348e3cb54-dirty,1,1,2,1,0,261,heuristic_trajectory,17,0,0,4,4,-2631,0,414,416,native
ebde781a11596519c7a452de26bae83348e3cb54-dirty,1,1,2,1,0,561,random_trajectory,34,0,3,8,9,-8766,0,774,776,native
ebde781a11596519c7a452de26bae83348e3cb54-dirty,1,1,2,1,0,262,heuristic_trajectory,17,0,1,9,0,-1641,0,414,416,native
ebde781a11596519c7a452de26bae83348e3cb54-dirty,1,1,2,1,0,562,random_trajectory,34,0,3,3,5,-4539,0,774,776,native
ebde781a11596519c7a452de26bae83348e3cb54-dirty,1,1,2,1,0,263,heuristic_trajectory,34,0,3,4,3,-2096,0,774,776,native
ebde781a11596519c7a452de26bae83348e3cb54-dirty,1,1,2,1,0,563,random_trajectory,9,0,0,7,10,-4980,0,234,236,native
ebde781a11596519c7a452de26bae83348e3cb54-dirty,1,1,2,1,0,264,heuristic_trajectory,34,0,0,3,0,-480,0,774,776,native
ebde781a11596519c7a452de26bae83348e3cb54-dirty,1,1,2,1,0,564,random_trajectory,9,0,0,7,10,-4980,0,234,236,native
ebde781a11596519c7a452de26bae83348e3cb54-dirty,1,1,2,1,0,265,heuristic_trajectory,9,0,0,4,0,-702,0,234,236,native
ebde781a11596519c7a452de26bae83348e3cb54-dirty,1,1,2,1,0,565,random_trajectory,9,0,0,8,10,-9165,0,234,236,native
ebde781a11596519c7a452de26bae83348e3cb54-dirty,1,1,2,1,0,266,heuristic_trajectory,17,0,1,5,3,-2591,0,414,416,native
ebde781a11596519c7a452de26bae83348e3cb54-dirty,1,1,2,1,0,566,random_trajectory,17,0,1,8,9,-7332,0,414,416,native
ebde781a11596519c7a452de26bae83348e3cb54-dirty,1,1,2,1,0,267,heuristic_trajectory,34,0,1,0,0,-738,0,774,776,native
ebde781a11596519c7a452de26bae83348e3cb54-dirty,1,1,2,1,0,567,random_trajectory,17,0,1,5,7,-11595,0,312,314,native
ebde781a11596519c7a452de26bae83348e3cb54-dirty,1,1,2,1,0,268,heuristic_trajectory,17,0,0,5,2,-1427,0,414,416,native
ebde781a11596519c7a452de26bae83348e3cb54-dirty,1,1,2,1,0,568,random_trajectory,34,0,2,4,17,-12846,0,366,368,native
ebde781a11596519c7a452de26bae83348e3cb54-dirty,1,1,2,1,0,269,heuristic_trajectory,34,0,2,0,2,-1769,0,774,776,native
ebde781a11596519c7a452de26bae83348e3cb54-dirty,1,1,2,1,0,569,random_trajectory,17,0,1,6,0,-6876,0,414,416,native
ebde781a11596519c7a452de26bae83348e3cb54-dirty,1,1,2,1,0,270,heuristic_trajectory,17,0,1,4,1,-1692,0,414,416,native
ebde781a11596519c7a452de26bae83348e3cb54-dirty,1,1,2,1,0,570,random_trajectory,34,0,3,8,9,-8766,0,774,776,native
ebde781a11596519c7a452de26bae83348e3cb54-dirty,1,1,2,1,0,271,heuristic_trajectory,17,0,1,2,3,-1892,0,414,416,native
ebde781a11596519c7a452de26bae83348e3cb54-dirty,1,1,2,1,0,571,random_trajectory,17,0,1,2,0,-2019,0,414,416,native
ebde781a11596519c7a452de26bae83348e3cb54-dirty,1,1,2,1,0,272,heuristic_trajectory,34,0,3,8,2,-1376,0,774,776,native
ebde781a11596519c7a452de26bae83348e3cb54-dirty,1,1,2,1,0,572,random_trajectory,34,0,2,1,18,-13347,0,230,232,native
ebde781a11596519c7a452de26bae83348e3cb54-dirty,1,1,2,1,0,273,heuristic_trajectory,17,0,0,4,1,-1707,0,414,416,native
ebde781a11596519c7a452de26bae83348e3cb54-dirty,1,1,2,1,0,573,random_trajectory,34,0,3,8,9,-10458,0,672,674,native
ebde781a11596519c7a452de26bae83348e3cb54-dirty,1,1,2,1,0,274,heuristic_trajectory,9,0,0,0,4,-1983,0,234,236,native
ebde781a11596519c7a452de26bae83348e3cb54-dirty,1,1,2,1,0,574,random_trajectory,17,0,1,8,9,-7332,0,414,416,native
ebde781a11596519c7a452de26bae83348e3cb54-dirty,1,1,2,1,0,275,heuristic_trajectory,34,0,2,0,3,-2180,0,774,776,native
ebde781a11596519c7a452de26bae83348e3cb54-dirty,1,1,2,1,0,575,random_trajectory,9,0,0,8,10,-9165,0,234,236,native
ebde781a11596519c7a452de26bae83348e3cb54-dirty,1,1,2,1,0,276,heuristic_trajectory,17,0,0,7,4,-2759,0,414,416,native
ebde781a11596519c7a452de26bae83348e3cb54-dirty,1,1,2,1,0,576,random_trajectory,34,0,2,0,18,-11889,0,536,538,native
ebde781a11596519c7a452de26bae83348e3cb54-dirty,1,1,2,1,0,277,heuristic_trajectory,34,0,1,1,3,-2154,0,774,776,native
ebde781a11596519c7a452de26bae83348e3cb54-dirty,1,1,2,1,0,577,random_trajectory,17,0,1,2,0,-2019,0,414,416,native
ebde781a11596519c7a452de26bae83348e3cb54-dirty,1,1,2,1,0,278,heuristic_trajectory,17,0,1,3,1,-902,0,414,416,native
ebde781a11596519c7a452de26bae83348e3cb54-dirty,1,1,2,1,0,578,random_trajectory,17,0,1,2,0,-2019,0,414,416,native
ebde781a11596519c7a452de26bae83348e3cb54-dirty,1,1,2,1,0,279,heuristic_trajectory,34,0,1,6,2,-1580,0,774,776,native
ebde781a11596519c7a452de26bae83348e3cb54-dirty,1,1,2,1,0,579,random_trajectory,34,0,3,3,5,-4539,0,774,776,native
ebde781a11596519c7a452de26bae83348e3cb54-dirty,1,1,2,1,0,280,heuristic_trajectory,17,0,1,2,2,-2463,0,414,416,native
ebde781a11596519c7a452de26bae83348e3cb54-dirty,1,1,2,1,0,580,random_trajectory,17,0,1,1,4,-3768,0,414,416,native
ebde781a11596519c7a452de26bae83348e3cb54-dirty,1,1,2,1,0,281,heuristic_trajectory,17,0,0,2,4,-2748,0,414,416,native
ebde781a11596519c7a452de26bae83348e3cb54-dirty,1,1,2,1,0,581,random_trajectory,34,0,3,8,9,-8766,0,774,776,native
ebde781a11596519c7a452de26bae83348e3cb54-dirty,1,1,2,1,0,282,heuristic_trajectory,34,0,3,7,0,-1800,0,774,776,native
ebde781a11596519c7a452de26bae83348e3cb54-dirty,1,1,2,1,0,582,random_trajectory,17,0,0,1,18,-10977,0,335,337,native
ebde781a11596519c7a452de26bae83348e3cb54-dirty,1,1,2,1,0,283,heuristic_trajectory,9,0,0,2,5,-2667,0,234,236,native
ebde781a11596519c7a452de26bae83348e3cb54-dirty,1,1,2,1,0,583,random_trajectory,34,0,2,7,9,-5793,0,774,776,native
ebde781a11596519c7a452de26bae83348e3cb54-dirty,1,1,2,1,0,284,heuristic_trajectory,34,0,2,0,3,-2180,0,774,776,native
ebde781a11596519c7a452de26bae83348e3cb54-dirty,1,1,2,1,0,584,random_trajectory,34,0,3,8,0,-756,0,774,776,native
ebde781a11596519c7a452de26bae83348e3cb54-dirty,1,1,2,1,0,285,heuristic_trajectory,9,0,0,6,4,-2208,0,234,236,native
ebde781a11596519c7a452de26bae83348e3cb54-dirty,1,1,2,1,0,585,random_trajectory,34,0,3,8,0,-756,0,774,776,native
ebde781a11596519c7a452de26bae83348e3cb54-dirty,1,1,2,1,0,286,heuristic_trajectory,17,0,1,0,4,-3269,0,414,416,native
ebde781a11596519c7a452de26bae83348e3cb54-dirty,1,1,2,1,0,586,random_trajectory,34,0,3,8,0,-756,0,774,776,native
ebde781a11596519c7a452de26bae83348e3cb54-dirty,1,1,2,1,0,287,heuristic_trajectory,34,0,3,2,0,-1019,0,774,776,native
ebde781a11596519c7a452de26bae83348e3cb54-dirty,1,1,2,1,0,587,random_trajectory,17,0,1,6,0,-1224,0,414,416,native
ebde781a11596519c7a452de26bae83348e3cb54-dirty,1,1,2,1,0,288,heuristic_trajectory,17,0,0,0,5,-2973,0,414,416,native
ebde781a11596519c7a452de26bae83348e3cb54-dirty,1,1,2,1,0,588,random_trajectory,17,0,1,6,0,-6876,0,414,416,native
ebde781a11596519c7a452de26bae83348e3cb54-dirty,1,1,2,1,0,289,heuristic_trajectory,34,0,3,2,0,-1019,0,774,776,native
ebde781a11596519c7a452de26bae83348e3cb54-dirty,1,1,2,1,0,589,random_trajectory,17,0,1,6,0,-6876,0,414,416,native
ebde781a11596519c7a452de26bae83348e3cb54-dirty,1,1,2,1,0,290,heuristic_trajectory,9,0,0,7,4,-2315,0,234,236,native
ebde781a11596519c7a452de26bae83348e3cb54-dirty,1,1,2,1,0,590,random_trajectory,34,0,2,7,9,-5793,0,774,776,native
ebde781a11596519c7a452de26bae83348e3cb54-dirty,1,1,2,1,0,291,heuristic_trajectory,9,0,0,5,4,-2769,0,234,236,native
ebde781a11596519c7a452de26bae83348e3cb54-dirty,1,1,2,1,0,591,random_trajectory,17,0,1,6,0,-1224,0,414,416,native
ebde781a11596519c7a452de26bae83348e3cb54-dirty,1,1,2,1,0,292,heuristic_trajectory,17,0,1,6,5,-3330,0,414,416,native
ebde781a11596519c7a452de26bae83348e3cb54-dirty,1,1,2,1,0,592,random_trajectory,9,0,0,7,10,-4980,0,234,236,native
ebde781a11596519c7a452de26bae83348e3cb54-dirty,1,1,2,1,0,293,heuristic_trajectory,17,0,1,6,6,-3836,0,414,416,native
ebde781a11596519c7a452de26bae83348e3cb54-dirty,1,1,2,1,0,593,random_trajectory,9,0,0,0,0,-240,0,234,236,native
ebde781a11596519c7a452de26bae83348e3cb54-dirty,1,1,2,1,0,294,heuristic_trajectory,34,0,2,1,0,-498,0,774,776,native
ebde781a11596519c7a452de26bae83348e3cb54-dirty,1,1,2,1,0,594,random_trajectory,17,0,1,5,7,-11595,0,312,314,native
ebde781a11596519c7a452de26bae83348e3cb54-dirty,1,1,2,1,0,295,heuristic_trajectory,17,0,1,0,2,-1571,0,414,416,native
ebde781a11596519c7a452de26bae83348e3cb54-dirty,1,1,2,1,0,595,random_trajectory,17,0,1,6,0,-1224,0,414,416,native
ebde781a11596519c7a452de26bae83348e3cb54-dirty,1,1,2,1,0,296,heuristic_trajectory,34,0,3,0,3,-2682,0,774,776,native
ebde781a11596519c7a452de26bae83348e3cb54-dirty,1,1,2,1,0,596,random_trajectory,17,0,1,2,0,-2019,0,414,416,native
ebde781a11596519c7a452de26bae83348e3cb54-dirty,1,1,2,1,0,297,heuristic_trajectory,34,0,3,0,3,-2682,0,774,776,native
ebde781a11596519c7a452de26bae83348e3cb54-dirty,1,1,2,1,0,597,random_trajectory,34,0,2,1,18,-13347,0,230,232,native
ebde781a11596519c7a452de26bae83348e3cb54-dirty,1,1,2,1,0,298,heuristic_trajectory,9,0,0,1,1,-1008,0,234,236,native
ebde781a11596519c7a452de26bae83348e3cb54-dirty,1,1,2,1,0,598,random_trajectory,17,0,1,2,0,-2019,0,414,416,native
ebde781a11596519c7a452de26bae83348e3cb54-dirty,1,1,2,1,0,299,heuristic_trajectory,17,0,0,6,3,-1863,0,414,416,native
ebde781a11596519c7a452de26bae83348e3cb54-dirty,1,1,2,1,0,599,random_trajectory,17,0,0,0,0,0,1,108,110,native
