commit,arch,board_repr,lanes,depth,precision,state_id,category,root_candidates,leaf_candidates,rotation,x,y,score,no_move,core_cycles,request_interval_cycles,driver
ebde781a11596519c7a452de26bae83348e3cb54-dirty,1,1,1,1,1,802,blocked_spawn,17,0,1,6,0,-9776,0,603,605,native
ebde781a11596519c7a452de26bae83348e3cb54-dirty,1,1,1,1,1,801,equal_scores,34,0,1,4,2,-2960,0,1538,1540,native
ebde781a11596519c7a452de26bae83348e3cb54-dirty,1,1,1,1,1,0,heuristic_trajectory,17,0,0,5,2,-2192,0,773,775,native
ebde781a11596519c7a452de26bae83348e3cb54-dirty,1,1,1,1,1,600,high_stack_holes,34,0,1,4,16,-11856,0,858,860,native
ebde781a11596519c7a452de26bae83348e3cb54-dirty,1,1,1,1,1,800,last_candidate_winner,17,0,1,9,1,-5824,0,773,775,native
ebde781a11596519c7a452de26bae83348e3cb54-dirty,1,1,1,1,1,839,no_move,34,0,0,0,0,0,1,382,384,native
ebde781a11596519c7a452de26bae83348e3cb54-dirty,1,1,1,1,1,300,random_trajectory,34,0,2,7,5,-6960,0,1538,1540,native
ebde781a11596519c7a452de26bae83348e3cb54-dirty,1,1,1,1,1,845,walls,34,0,0,1,0,-1088,0,1538,1540,native
ebde781a11596519c7a452de26bae83348e3cb54-dirty,1,1,1,1,1,817,wells,9,0,0,0,6,-3936,0,413,415,native
ebde781a11596519c7a452de26bae83348e3cb54-dirty,1,1,1,1,1,806,blocked_spawn,34,0,1,8,0,-11504,0,824,826,native
ebde781a11596519c7a452de26bae83348e3cb54-dirty,1,1,1,1,1,805,equal_scores,17,0,0,1,0,-1056,0,773,775,native
ebde781a11596519c7a452de26bae83348e3cb54-dirty,1,1,1,1,1,1,heuristic_trajectory,17,0,1,0,3,-2624,0,773,775,native
ebde781a11596519c7a452de26bae83348e3cb54-dirty,1,1,1,1,1,601,high_stack_holes,34,0,3,0,16,-13088,0,790,792,native
ebde781a11596519c7a452de26bae83348e3cb54-dirty,1,1,1,1,1,803,last_candidate_winner,9,0,0,8,8,-6208,0,413,415,native
ebde781a11596519c7a452de26bae83348e3cb54-dirty,1,1,1,1,1,882,no_move,17,0,0,0,0,0,1,195,197,native
ebde781a11596519c7a452de26bae83348e3cb54-dirty,1,1,1,1,1,301,random_trajectory,34,0,1,7,4,-5792,0,1538,1540,native
ebde781a11596519c7a452de26bae83348e3cb54-dirty,1,1,1,1,1,851,walls,34,0,0,6,0,-1088,0,1538,1540,native
ebde781a11596519c7a452de26bae83348e3cb54-dirty,1,1,1,1,1,827,wells,17,0,1,3,5,-3840,0,773,775,native
ebde781a11596519c7a452de26bae83348e3cb54-dirty,1,1,1,1,1,808,blocked_spawn,17,0,1,1,0,-11088,0,501,503,native
ebde781a11596519c7a452de26bae83348e3cb54-dirty,1,1,1,1,1,809,equal_scores,9,0,0,2,2,-1728,0,413,415,native
ebde781a11596519c7a452de26bae83348e3cb54-dirty,1,1,1,1,1,2,heuristic_trajectory,17,0,0,5,2,-1872,0,773,775,native
ebde781a11596519c7a452de26bae83348e3cb54-dirty,1,1,1,1,1,602,high_stack_holes,34,0,3,3,12,-10672,0,1538,1540,native
ebde781a11596519c7a452de26bae83348e3cb54-dirty,1,1,1,1,1,804,last_candidate_winner,17,0,1,2,7,-3520,0,773,775,native
ebde781a11596519c7a452de26bae83348e3cb54-dirty,1,1,1,1,1,888,no_move,34,0,0,0,0,0,1,382,384,native
ebde781a11596519c7a452de26bae83348e3cb54-dirty,1,1,1,1,1,302,random_trajectory,34,0,1,7,4,-5792,0,1538,1540,native
ebde781a11596519c7a452de26bae83348e3cb54-dirty,1,1,1,1,1,898,walls,9,0,0,6,0,-1056,0,413,415,native
ebde781a11596519c7a452de26bae83348e3cb54-dirty,1,1,1,1,1,832,wells,17,0,1,2,5,-3552,0,773,775,native
ebde781a11596519c7a452de26bae83348e3cb54-dirty,1,1,1,1,1,811,blocked_spawn,17,0,1,8,0,-6144,0,671,673,native
ebde781a11596519c7a452de26bae83348e3cb54-dirty,1,1,1,1,1,821,equal_scores,34,0,2,1,3,-3376,0,1538,1540,native
ebde781a11596519c7a452de26bae83348e3cb54-dirty,1,1,1,1,1,3,heuristic_trajectory,34,0,1,6,0,-1072,0,1538,1540,native
ebde781a11596519c7a452de26bae83348e3cb54-dirty,1,1,1,1,1,603,high_stack_holes,34,0,1,6,14,-11424,0,1232,1234,native
ebde781a11596519c7a452de26bae83348e3cb54-dirty,1,1,1,1,1,807,last_candidate_winner,17,0,1,8,2,-2256,0,773,775,native
ebde781a11596519c7a452de26bae83348e3cb54-dirty,1,1,1,1,1,942,no_move,17,0,0,0,0,0,1,195,197,native
ebde781a11596519c7a452de26bae83348e3cb54-dirty,1,1,1,1,1,303,random_trajectory,17,0,1,0,8,-13616,0,263,265,native
ebde781a11596519c7a452de26bae83348e3cb54-dirty,1,1,1,1,1,911,walls,17,0,0,0,0,-1184,0,773,775,native
ebde781a11596519c7a452de26bae83348e3cb54-dirty,1,1,1,1,1,846,wells,9,0,0,0,6,-3904,0,413,415,native
ebde781a11596519c7a452de26bae83348e3cb54-dirty,1,1,1,1,1,813,blocked_spawn,17,0,0,0,0,-9648,0,399,401,native
ebde781a11596519c7a452de26bae83348e3cb54-dirty,1,1,1,1,1,822,equal_scores,34,0,0,1,3,-2336,0,1538,1540,native
ebde781a11596519c7a452de26bae83348e3cb54-dirty,1,1,1,1,1,4,heuristic_trajectory,34,0,3,3,4,-3776,0,1538,1540,native
ebde781a11596519c7a452de26bae83348e3cb54-dirty,1,1,1,1,1,604,high_stack_holes,34,0,3,3,16,-14896,0,586,588,native
ebde781a11596519c7a452de26bae83348e3cb54-dirty,1,1,1,1,1,810,last_candidate_winner,17,0,1,8,1,-2080,0,773,775,native
ebde781a11596519c7a452de26bae83348e3cb54-dirty,1,1,1,1,1,969,no_move,9,0,0,0,0,0,1,107,109,native
ebde781a11596519c7a452de26bae83348e3cb54-dirty,1,1,1,1,1,304,random_trajectory,17,0,1,7,4,-5440,0,773,775,native
ebde781a11596519c7a452de26bae83348e3cb54-dirty,1,1,1,1,1,914,walls,17,0,0,1,0,-1152,0,773,775,native
ebde781a11596519c7a452de26bae83348e3cb54-dirty,1,1,1,1,1,848,wells,17,0,1,3,5,-3840,0,773,775,native
ebde781a11596519c7a452de26bae83348e3cb54-dirty,1,1,1,1,1,814,blocked_spawn,17,0,1,4,0,-9232,0,331,333,native
ebde781a11596519c7a452de26bae83348e3cb54-dirty,1,1,1,1,1,830,equal_scores,17,0,1,5,2,-2336,0,773,775,native
ebde781a11596519c7a452de26bae83348e3cb54-dirty,1,1,1,1,1,5,heuristic_trajectory,9,0,0,6,2,-2320,0,413,415,native
ebde781a11596519c7a452de26bae83348e3cb54-dirty,1,1,1,1,1,605,high_stack_holes,34,0,3,6,3,-2896,0,1538,1540,native
ebde781a11596519c7a452de26bae83348e3cb54-dirty,1,1,1,1,1,812,last_candidate_winner,17,0,1,9,2,-2352,0,773,775,native
ebde781a11596519c7a452de26bae83348e3cb54-dirty,1,1,1,1,1,976,no_move,17,0,0,0,0,0,1,195,197,native
ebde781a11596519c7a452de26bae83348e3cb54-dirty,1,1,1,1,1,305,random_trajectory,17,0,1,4,15,-8800,0,773,775,native
ebde781a11596519c7a452de26bae83348e3cb54-dirty,1,1,1,1,1,922,walls,34,0,0,0,0,-1088,0,1538,1540,native
ebde781a11596519c7a452de26bae83348e3cb54-dirty,1,1,1,1,1,858,wells,34,0,3,6,4,-3456,0,1538,1540,native
ebde781a11596519c7a452de26bae83348e3cb54-dirty,1,1,1,1,1,815,blocked_spawn,34,0,1,3,0,-12032,0,552,554,native
ebde781a11596519c7a452de26bae83348e3cb54-dirty,1,1,1,1,1,831,equal_scores,17,0,0,4,1,-1280,0,773,775,native
ebde781a11596519c7a452de26bae83348e3cb54-dirty,1,1,1,1,1,6,heuristic_trajectory,17,0,1,0,4,-3056,0,773,775,native
ebde781a11596519c7a452de26bae83348e3cb54-dirty,1,1,1,1,1,606,high_stack_holes,17,0,1,2,15,-12272,0,603,605,native
ebde781a11596519c7a452de26bae83348e3cb54-dirty,1,1,1,1,1,816,last_candidate_winner,34,0,3,8,2,-1856,0,1538,1540,native
ebde781a11596519c7a452de26bae83348e3cb54-dirty,1,1,1,1,1,986,no_move,9,0,0,0,0,0,1,107,109,native
ebde781a11596519c7a452de26bae83348e3cb54-dirty,1,1,1,1,1,306,random_trajectory,9,0,0,0,0,-1552,0,413,415,native
ebde781a11596519c7a452de26bae83348e3cb54-dirty,1,1,1,1,1,941,walls,17,0,0,6,0,-1184,0,773,775,native
ebde781a11596519c7a452de26bae83348e3cb54-dirty,1,1,1,1,1,867,wells,34,0,2,6,5,-3520,0,1538,1540,native
ebde781a11596519c7a452de26bae83348e3cb54-dirty,1,1,1,1,1,818,blocked_spawn,9,0,0,5,0,-10432,0,209,211,native
ebde781a11596519c7a452de26bae83348e3cb54-dirty,1,1,1,1,1,836,equal_scores,34,0,1,7,2,-2416,0,1538,1540,native
ebde781a11596519c7a452de26bae83348e3cb54-dirty,1,1,1,1,1,7,heuristic_trajectory,9,0,0,8,3,-1984,0,413,415,native
ebde781a11596519c7a452de26bae83348e3cb54-dirty,1,1,1,1,1,607,high_stack_holes,34,0,1,7,16,-13696,0,1334,1336,native
ebde781a11596519c7a452de26bae83348e3cb54-dirty,1,1,1,1,1,819,last_candidate_winner,17,0,1,9,0,-1744,0,773,775,native
ebde781a11596519c7a452de26bae83348e3cb54-dirty,1,1,1,1,1,307,random_trajectory,17,0,1,0,17,-14800,0,263,265,native
ebde781a11596519c7a452de26bae83348e3cb54-dirty,1,1,1,1,1,961,walls,17,0,0,6,0,-1152,0,773,775,native
ebde781a11596519c7a452de26bae83348e3cb54-dirty,1,1,1,1,1,868,wells,9,0,0,0,6,-3936,0,413,415,native
ebde781a11596519c7a452de26bae83348e3cb54-dirty,1,1,1,1,1,820,blocked_spawn,34,0,0,1,0,-7824,0,1096,1098,native
ebde781a11596519c7a452de26bae83348e3cb54-dirty,1,1,1,1,1,837,equal_scores,9,0,0,0,1,-1472,0,413,415,native
ebde781a11596519c7a452de26bae83348e3cb54-dirty,1,1,1,1,1,8,heuristic_trajectory,17,0,0,2,7,-3792,0,773,775,native
ebde781a11596519c7a452de26bae83348e3cb54-dirty,1,1,1,1,1,608,high_stack_holes,17,0,1,0,16,-11392,0,773,775,native
ebde781a11596519c7a452de26bae83348e3cb54-dirty,1,1,1,1,1,824,last_candidate_winner,17,0,1,8,0,-1520,0,773,775,native
ebde781a11596519c7a452de26bae83348e3cb54-dirty,1,1,1,1,1,308,random_trajectory,9,0,0,8,6,-9952,0,413,415,native
ebde781a11596519c7a452de26bae83348e3cb54-dirty,1,1,1,1,1,977,walls,17,0,0,6,0,-336,0,773,775,native
ebde781a11596519c7a452de26bae83348e3cb54-dirty,1,1,1,1,1,890,wells,9,0,0,8,6,-3840,0,413,415,native
ebde781a11596519c7a452de26bae83348e3cb54-dirty,1,1,1,1,1,823,blocked_spawn,34,0,1,7,16,-13152,0,688,690,native
ebde781a11596519c7a452de26bae83348e3cb54-dirty,1,1,1,1,1,849,equal_scores,9,0,0,4,4,-3168,0,413,415,native
ebde781a11596519c7a452de26bae83348e3cb54-dirty,1,1,1,1,1,9,heuristic_trajectory,17,0,1,0,4,-3344,0,773,775,native
ebde781a11596519c7a452de26bae83348e3cb54-dirty,1,1,1,1,1,609,high_stack_holes,34,0,1,0,17,-11792,0,1266,1268,native
ebde781a11596519c7a452de26bae83348e3cb54-dirty,1,1,1,1,1,825,last_candidate_winner,17,0,1,9,0,-240,0,773,775,native
ebde781a11596519c7a452de26bae83348e3cb54-dirty,1,1,1,1,1,309,random_trajectory,17,0,1,3,4,-2672,0,773,775,native
ebde781a11596519c7a452de26bae83348e3cb54-dirty,1,1,1,1,1,980,walls,34,0,0,6,0,-1088,0,1538,1540,native
ebde781a11596519c7a452de26bae83348e3cb54-dirty,1,1,1,1,1,894,wells,34,0,1,4,4,-2752,0,1538,1540,native
ebde781a11596519c7a452de26bae83348e3cb54-dirty,1,1,1,1,1,828,blocked_spawn,17,0,1,8,0,-11856,0,331,333,native
ebde781a11596519c7a452de26bae83348e3cb54-dirty,1,1,1,1,1,853,equal_scores,9,0,0,0,1,-1248,0,413,415,native
ebde781a11596519c7a452de26bae83348e3cb54-dirty,1,1,1,1,1,10,heuristic_trajectory,17,0,0,3,1,-752,0,773,775,native
ebde781a11596519c7a452de26bae83348e3cb54-dirty,1,1,1,1,1,610,high_stack_holes,34,0,3,8,17,-13248,0,1062,1064,native
ebde781a11596519c7a452de26bae83348e3cb54-dirty,1,1,1,1,1,826,last_candidate_winner,17,0,1,9,3,-2880,0,773,775,native
ebde781a11596519c7a452de26bae83348e3cb54-dirty,1,1,1,1,1,310,random_trajectory,17,0,1,0,5,-12304,0,365,367,native
ebde781a11596519c7a452de26bae83348e3cb54-dirty,1,1,1,1,1,993,walls,34,0,0,6,0,-1056,0,1538,1540,native
ebde781a11596519c7a452de26bae83348e3cb54-dirty,1,1,1,1,1,895,wells,17,0,1,9,0,-896,0,773,775,native
ebde781a11596519c7a452de26bae83348e3cb54-dirty,1,1,1,1,1,834,blocked_spawn,34,0,0,4,0,-8320,0,1300,1302,native
ebde781a11596519c7a452de26bae83348e3cb54-dirty,1,1,1,1,1,863,equal_scores,9,0,0,1,0,-864,0,413,415,native
ebde781a11596519c7a452de26bae83348e3cb54-dirty,1,1,1,1,1,11,heuristic_trajectory,34,0,2,5,2,-1632,0,1538,1540,native
ebde781a11596519c7a452de26bae83348e3cb54-dirty,1,1,1,1,1,611,high_stack_holes,17,0,1,0,7,-6272,0,773,775,native
ebde781a11596519c7a452de26bae83348e3cb54-dirty,1,1,1,1,1,829,last_candidate_winner,34,0,3,8,1,-1824,0,1538,1540,native
ebde781a11596519c7a452de26bae83348e3cb54-dirty,1,1,1,1,1,311,random_trajectory,17,0,0,0,0,-272,0,773,775,native
ebde781a11596519c7a452de26bae83348e3cb54-dirty,1,1,1,1,1,907,wells,34,0,3,8,5,-3552,0,1538,1540,native
ebde781a11596519c7a452de26bae83348e3cb54-dirty,1,1,1,1,1,835,blocked_spawn,34,0,3,0,0,-6192,0,790,792,native
ebde781a11596519c7a452de26bae83348e3cb54-dirty,1,1,1,1,1,870,equal_scores,17,0,0,2,2,-2096,0,773,775,native
ebde781a11596519c7a452de26bae83348e3cb54-dirty,1,1,1,1,1,12,heuristic_trajectory,17,0,1,8,5,-4208,0,773,775,native
ebde781a11596519c7a452de26bae83348e3cb54-dirty,1,1,1,1,1,612,high_stack_holes,17,0,1,1,13,-11936,0,433,435,native
ebde781a11596519c7a452de26bae83348e3cb54-dirty,1,1,1,1,1,833,last_candidate_winner,34,0,3,8,1,-1328,0,1538,1540,native
ebde781a11596519c7a452de26bae83348e3cb54-dirty,1,1,1,1,1,312,random_trajectory,9,0,0,7,4,-4976,0,413,415,native
ebde781a11596519c7a452de26bae83348e3cb54-dirty,1,1,1,1,1,908,wells,34,0,3,1,4,-2656,0,1538,1540,native
ebde781a11596519c7a452de26bae83348e3cb54-dirty,1,1,1,1,1,838,blocked_spawn,17,0,1,2,0,-10240,0,433,435,native
ebde781a11596519c7a452de26bae83348e3cb54-dirty,1,1,1,1,1,878,equal_scores,9,0,0,4,3,-3008,0,413,415,native
ebde781a11596519c7a452de26bae83348e3cb54-dirty,1,1,1,1,1,13,heuristic_trajectory,34,0,1,1,0,-912,0,1538,1540,native
ebde781a11596519c7a452de26bae83348e3cb54-dirty,1,1,1,1,1,613,high_stack_holes,34,0,1,4,15,-15568,0,586,588,native
ebde781a11596519c7a452de26bae83348e3cb54-dirty,1,1,1,1,1,841,last_candidate_winner,17,0,1,8,0,-912,0,773,775,native
ebde781a11596519c7a452de26bae83348e3cb54-dirty,1,1,1,1,1,313,random_trajectory,34,0,1,5,15,-11904,0,756,758,native
ebde781a11596519c7a452de26bae83348e3cb54-dirty,1,1,1,1,1,929,wells,34,0,1,0,5,-3520,0,1538,1540,native
ebde781a11596519c7a452de26bae83348e3cb54-dirty,1,1,1,1,1,840,blocked_spawn,34,0,0,6,0,-8704,0,790,792,native
ebde781a11596519c7a452de26bae83348e3cb54-dirty,1,1,1,1,1,880,equal_scores,9,0,0,0,3,-2688,0,413,415,native
ebde781a11596519c7a452de26bae83348e3cb54-dirty,1,1,1,1,1,14,heuristic_trajectory,17,0,0,5,2,-2128,0,773,775,native
ebde781a11596519c7a452de26bae83348e3cb54-dirty,1,1,1,1,1,614,high_stack_holes,17,0,0,0,0,-768,0,773,775,native
ebde781a11596519c7a452de26bae83348e3cb54-dirty,1,1,1,1,1,847,last_candidate_winner,34,0,3,8,1,-1312,0,1538,1540,native
ebde781a11596519c7a452de26bae83348e3cb54-dirty,1,1,1,1,1,314,random_trajectory,9,0,0,0,0,-1552,0,413,415,native
ebde781a11596519c7a452de26bae83348e3cb54-dirty,1,1,1,1,1,937,wells,34,0,2,2,5,-3904,0,1538,1540,native
ebde781a11596519c7a452de26bae83348e3cb54-dirty,1,1,1,1,1,842,blocked_spawn,17,0,1,1,0,-4464,0,569,571,native
ebde781a11596519c7a452de26bae83348e3cb54-dirty,1,1,1,1,1,886,equal_scores,17,0,0,2,0,-2000,0,773,775,native
ebde781a11596519c7a452de26bae83348e3cb54-dirty,1,1,1,1,1,15,heuristic_trajectory,17,0,1,0,5,-2928,0,773,775,native
ebde781a11596519c7a452de26bae83348e3cb54-dirty,1,1,1,1,1,615,high_stack_holes,17,0,0,6,12,-11072,0,535,537,native
ebde781a11596519c7a452de26bae83348e3cb54-dirty,1,1,1,1,1,850,last_candidate_winner,17,0,1,8,0,-1840,0,773,775,native
ebde781a11596519c7a452de26bae83348e3cb54-dirty,1,1,1,1,1,315,random_trajectory,9,0,0,0,6,-13280,0,175,177,native
ebde781a11596519c7a452de26bae83348e3cb54-dirty,1,1,1,1,1,943,wells,17,0,1,0,5,-3568,0,773,775,native
ebde781a11596519c7a452de26bae83348e3cb54-dirty,1,1,1,1,1,843,blocked_spawn,34,0,1,6,0,-12240,0,552,554,native
ebde781a11596519c7a452de26bae83348e3cb54-dirty,1,1,1,1,1,887,equal_scores,17,0,0,2,4,-2736,0,773,775,native
ebde781a11596519c7a452de26bae83348e3cb54-dirty,1,1,1,1,1,16,heuristic_trajectory,34,0,1,8,0,-624,0,1538,1540,native
ebde781a11596519c7a452de26bae83348e3cb54-dirty,1,1,1,1,1,616,high_stack_holes,34,0,1,0,17,-13984,0,790,792,native
ebde781a11596519c7a452de26bae83348e3cb54-dirty,1,1,1,1,1,857,last_candidate_winner,34,0,3,8,0,-1168,0,1538,1540,native
ebde781a11596519c7a452de26bae83348e3cb54-dirty,1,1,1,1,1,316,random_trajectory,34,0,1,5,0,-1840,0,1538,1540,native
ebde781a11596519c7a452de26bae83348e3cb54-dirty,1,1,1,1,1,945,wells,34,0,2,7,5,-3536,0,1538,1540,native
ebde781a11596519c7a452de26bae83348e3cb54-dirty,1,1,1,1,1,844,blocked_spawn,9,0,0,1,0,-5392,0,379,381,native
ebde781a11596519c7a452de26bae83348e3cb54-dirty,1,1,1,1,1,896,equal_scores,17,0,1,0,6,-4320,0,773,775,native
ebde781a11596519c7a452de26bae83348e3cb54-dirty,1,1,1,1,1,17,heuristic_trajectory,17,0,0,6,2,-1136,0,773,775,native
ebde781a11596519c7a452de26bae83348e3cb54-dirty,1,1,1,1,1,617,high_stack_holes,34,0,2,5,13,-11728,0,1538,1540,native
ebde781a11596519c7a452de26bae83348e3cb54-dirty,1,1,1,1,1,859,last_candidate_winner,34,0,3,8,3,-2240,0,1538,1540,native
ebde781a11596519c7a452de26bae83348e3cb54-dirty,1,1,1,1,1,317,random_trajectory,17,0,1,0,5,-12304,0,365,367,native
ebde781a11596519c7a452de26bae83348e3cb54-dirty,1,1,1,1,1,948,wells,17,0,0,7,6,-3936,0,773,775,native
ebde781a11596519c7a452de26bae83348e3cb54-dirty,1,1,1,1,1,852,blocked_spawn,34,0,2,1,17,-14176,0,722,724,native
ebde781a11596519c7a452de26bae83348e3cb54-dirty,1,1,1,1,1,897,equal_scores,9,0,0,1,0,-1008,0,413,415,native
ebde781a11596519c7a452de26bae83348e3cb54-dirty,1,1,1,1,1,18,heuristic_trajectory,34,0,3,2,2,-1760,0,1538,1540,native
ebde781a11596519c7a452de26bae83348e3cb54-dirty,1,1,1,1,1,618,high_stack_holes,9,0,0,1,18,-11264,0,311,313,native
ebde781a11596519c7a452de26bae83348e3cb54-dirty,1,1,1,1,1,865,last_candidate_winner,34,0,3,8,0,-768,0,1538,1540,native
ebde781a11596519c7a452de26bae83348e3cb54-dirty,1,1,1,1,1,318,random_trajectory,17,0,1,4,15,-8800,0,773,775,native
ebde781a11596519c7a452de26bae83348e3cb54-dirty,1,1,1,1,1,957,wells,17,0,1,1,5,-3584,0,773,775,native
ebde781a11596519c7a452de26bae83348e3cb54-dirty,1,1,1,1,1,854,blocked_spawn,17,0,1,3,0,-11296,0,535,537,native
ebde781a11596519c7a452de26bae83348e3cb54-dirty,1,1,1,1,1,899,equal_scores,17,0,0,4,0,-848,0,773,775,native
ebde781a11596519c7a452de26bae83348e3cb54-dirty,1,1,1,1,1,19,heuristic_trajectory,34,0,1,2,2,-2592,0,1538,1540,native
ebde781a11596519c7a452de26bae83348e3cb54-dirty,1,1,1,1,1,619,high_stack_holes,9,0,0,3,17,-13904,0,277,279,native
ebde781a11596519c7a452de26bae83348e3cb54-dirty,1,1,1,1,1,869,last_candidate_winner,17,0,1,9,2,-4864,0,773,775,native
ebde781a11596519c7a452de26bae83348e3cb54-dirty,1,1,1,1,1,319,random_trajectory,9,0,0,0,6,-13280,0,175,177,native
ebde781a11596519c7a452de26bae83348e3cb54-dirty,1,1,1,1,1,962,wells,17,0,1,0,0,-1664,0,773,775,native
ebde781a11596519c7a452de26bae83348e3cb54-dirty,1,1,1,1,1,855,blocked_spawn,17,0,0,4,0,-8384,0,705,707,native
ebde781a11596519c7a452de26bae83348e3cb54-dirty,1,1,1,1,1,905,equal_scores,17,0,1,3,0,-1328,0,773,775,native
ebde781a11596519c7a452de26bae83348e3cb54-dirty,1,1,1,1,1,20,heuristic_trajectory,34,0,2,3,0,-1232,0,1538,1540,native
ebde781a11596519c7a452de26bae83348e3cb54-dirty,1,1,1,1,1,620,high_stack_holes,9,0,0,0,0,0,1,107,109,native
ebde781a11596519c7a452de26bae83348e3cb54-dirty,1,1,1,1,1,876,last_candidate_winner,34,0,3,8,3,-4144,0,1538,1540,native
ebde781a11596519c7a452de26bae83348e3cb54-dirty,1,1,1,1,1,320,random_trajectory,34,0,1,5,0,-3280,0,1538,1540,native
ebde781a11596519c7a452de26bae83348e3cb54-dirty,1,1,1,1,1,967,wells,17,0,1,7,5,-3584,0,773,775,native
ebde781a11596519c7a452de26bae83348e3cb54-dirty,1,1,1,1,1,856,blocked_spawn,34,0,1,6,0,-7744,0,1198,1200,native
ebde781a11596519c7a452de26bae83348e3cb54-dirty,1,1,1,1,1,909,equal_scores,9,0,0,1,4,-2368,0,413,415,native
ebde781a11596519c7a452de26bae83348e3cb54-dirty,1,1,1,1,1,21,heuristic_trajectory,34,0,0,7,5,-3792,0,1538,1540,native
ebde781a11596519c7a452de26bae83348e3cb54-dirty,1,1,1,1,1,621,high_stack_holes,17,0,1,2,13,-11984,0,433,435,native
ebde781a11596519c7a452de26bae83348e3cb54-dirty,1,1,1,1,1,877,last_candidate_winner,17,0,1,8,0,-704,0,773,775,native
ebde781a11596519c7a452de26bae83348e3cb54-dirty,1,1,1,1,1,321,random_trajectory,9,0,0,0,0,-1552,0,413,415,native
ebde781a11596519c7a452de26bae83348e3cb54-dirty,1,1,1,1,1,984,wells,17,0,0,1,6,-4048,0,773,775,native
ebde781a11596519c7a452de26bae83348e3cb54-dirty,1,1,1,1,1,860,blocked_spawn,17,0,0,1,0,-7904,0,501,503,native
ebde781a11596519c7a452de26bae83348e3cb54-dirty,1,1,1,1,1,910,equal_scores,17,0,0,3,3,-2112,0,773,775,native
ebde781a11596519c7a452de26bae83348e3cb54-dirty,1,1,1,1,1,22,heuristic_trajectory,34,0,3,8,2,-2288,0,1538,1540,native
ebde781a11596519c7a452de26bae83348e3cb54-dirty,1,1,1,1,1,622,high_stack_holes,17,0,1,1,15,-11680,0,569,571,native
ebde781a11596519c7a452de26bae83348e3cb54-dirty,1,1,1,1,1,883,last_candidate_winner,34,0,3,8,7,-6016,0,1538,1540,native
ebde781a11596519c7a452de26bae83348e3cb54-dirty,1,1,1,1,1,322,random_trajectory,34,0,3,0,11,-13920,0,484,486,native
ebde781a11596519c7a452de26bae83348e3cb54-dirty,1,1,1,1,1,990,wells,34,0,3,3,4,-2752,0,1538,1540,native
ebde781a11596519c7a452de26bae83348e3cb54-dirty,1,1,1,1,1,861,blocked_spawn,17,0,1,1,0,-8336,0,603,605,native
ebde781a11596519c7a452de26bae83348e3cb54-dirty,1,1,1,1,1,912,equal_scores,34,0,2,3,4,-2656,0,1538,1540,native
ebde781a11596519c7a452de26bae83348e3cb54-dirty,1,1,1,1,1,23,heuristic_trajectory,34,0,2,2,8,-4080,0,1538,1540,native
ebde781a11596519c7a452de26bae83348e3cb54-dirty,1,1,1,1,1,623,high_stack_holes,17,0,0,7,6,-4720,0,773,775,native
ebde781a11596519c7a452de26bae83348e3cb54-dirty,1,1,1,1,1,893,last_candidate_winner,34,0,3,8,3,-2544,0,1538,1540,native
ebde781a11596519c7a452de26bae83348e3cb54-dirty,1,1,1,1,1,323,random_trajectory,17,0,1,0,17,-14800,0,263,265,native
ebde781a11596519c7a452de26bae83348e3cb54-dirty,1,1,1,1,1,994,wells,34,0,1,0,4,-2768,0,1538,1540,native
ebde781a11596519c7a452de26bae83348e3cb54-dirty,1,1,1,1,1,862,blocked_spawn,17,0,1,6,17,-13456,0,399,401,native
ebde781a11596519c7a452de26bae83348e3cb54-dirty,1,1,1,1,1,917,equal_scores,17,0,0,4,2,-2224,0,773,775,native
ebde781a11596519c7a452de26bae83348e3cb54-dirty,1,1,1,1,1,24,heuristic_trajectory,17,0,0,4,4,-3104,0,773,775,native
ebde781a11596519c7a452de26bae83348e3cb54-dirty,1,1,1,1,1,624,high_stack_holes,17,0,1,5,13,-12416,0,467,469,native
ebde781a11596519c7a452de26bae83348e3cb54-dirty,1,1,1,1,1,900,last_candidate_winner,17,0,1,9,2,-2336,0,773,775,native
ebde781a11596519c7a452de26bae83348e3cb54-dirty,1,1,1,1,1,324,random_trajectory,34,0,3,4,15,-10720,0,1062,1064,native
ebde781a11596519c7a452de26bae83348e3cb54-dirty,1,1,1,1,1,864,blocked_spawn,17,0,1,1,0,-13072,0,297,299,native
ebde781a11596519c7a452de26bae83348e3cb54-dirty,1,1,1,1,1,919,equal_scores,17,0,0,3,0,-848,0,773,775,native
ebde781a11596519c7a452de26bae83348e3cb54-dirty,1,1,1,1,1,25,heuristic_trajectory,17,0,1,9,0,-1776,0,773,775,native
ebde781a11596519c7a452de26bae83348e3cb54-dirty,1,1,1,1,1,625,high_stack_holes,9,0,0,7,17,-13376,0,243,245,native
ebde781a11596519c7a452de26bae83348e3cb54-dirty,1,1,1,1,1,904,last_candidate_winner,34,0,3,8,1,-1568,0,1538,1540,native
ebde781a11596519c7a452de26bae83348e3cb54-dirty,1,1,1,1,1,325,random_trajectory,17,0,1,9,8,-12896,0,297,299,native
ebde781a11596519c7a452de26bae83348e3cb54-dirty,1,1,1,1,1,866,blocked_spawn,34,0,1,8,0,-11376,0,552,554,native
ebde781a11596519c7a452de26bae83348e3cb54-dirty,1,1,1,1,1,920,equal_scores,34,0,0,0,0,-560,0,1538,1540,native
ebde781a11596519c7a452de26bae83348e3cb54-dirty,1,1,1,1,1,26,heuristic_trajectory,9,0,0,0,8,-4416,0,413,415,native
ebde781a11596519c7a452de26bae83348e3cb54-dirty,1,1,1,1,1,626,high_stack_holes,17,0,0,1,11,-8160,0,773,775,native
ebde781a11596519c7a452de26bae83348e3cb54-dirty,1,1,1,1,1,915,last_candidate_winner,34,0,3,8,1,-1840,0,1538,1540,native
ebde781a11596519c7a452de26bae83348e3cb54-dirty,1,1,1,1,1,326,random_trajectory,34,0,1,5,15,-11904,0,756,758,native
ebde781a11596519c7a452de26bae83348e3cb54-dirty,1,1,1,1,1,871,blocked_spawn,9,0,0,3,0,-6016,0,345,347,native
ebde781a11596519c7a452de26bae83348e3cb54-dirty,1,1,1,1,1,924,equal_scores,34,0,1,1,2,-2624,0,1538,1540,native
ebde781a11596519c7a452de26bae83348e3cb54-dirty,1,1,1,1,1,27,heuristic_trajectory,34,0,2,0,2,-2288,0,1538,1540,native
ebde781a11596519c7a452de26bae83348e3cb54-dirty,1,1,1,1,1,627,high_stack_holes,17,0,1,0,13,-10896,0,467,469,native
ebde781a11596519c7a452de26bae83348e3cb54-dirty,1,1,1,1,1,918,last_candidate_winner,17,0,1,8,1,-1808,0,773,775,native
ebde781a11596519c7a452de26bae83348e3cb54-dirty,1,1,1,1,1,327,random_trajectory,34,0,1,8,8,-10192,0,1538,1540,native
ebde781a11596519c7a452de26bae83348e3cb54-dirty,1,1,1,1,1,872,blocked_spawn,34,0,1,7,0,-12192,0,722,724,native
ebde781a11596519c7a452de26bae83348e3cb54-dirty,1,1,1,1,1,925,equal_scores,34,0,0,3,5,-3360,0,1538,1540,native
ebde781a11596519c7a452de26bae83348e3cb54-dirty,1,1,1,1,1,28,heuristic_trajectory,9,0,0,1,4,-2768,0,413,415,native
ebde781a11596519c7a452de26bae83348e3cb54-dirty,1,1,1,1,1,628,high_stack_holes,17,0,1,1,1,-14992,0,331,333,native
ebde781a11596519c7a452de26bae83348e3cb54-dirty,1,1,1,1,1,921,last_candidate_winner,34,0,3,8,0,-848,0,1538,1540,native
ebde781a11596519c7a452de26bae83348e3cb54-dirty,1,1,1,1,1,328,random_trajectory,17,0,1,9,12,-14272,0,297,299,native
ebde781a11596519c7a452de26bae83348e3cb54-dirty,1,1,1,1,1,873,blocked_spawn,34,0,2,7,18,-15024,0,416,418,native
ebde781a11596519c7a452de26bae83348e3cb54-dirty,1,1,1,1,1,928,equal_scores,34,0,1,0,3,-1936,0,1538,1540,native
ebde781a11596519c7a452de26bae83348e3cb54-dirty,1,1,1,1,1,29,heuristic_trajectory,17,0,1,6,0,-816,0,773,775,native
ebde781a11596519c7a452de26bae83348e3cb54-dirty,1,1,1,1,1,629,high_stack_holes,17,0,0,5,0,-2528,0,773,775,native
ebde781a11596519c7a452de26bae83348e3cb54-dirty,1,1,1,1,1,932,last_candidate_winner,17,0,1,9,2,-2064,0,773,775,native
ebde781a11596519c7a452de26bae83348e3cb54-dirty,1,1,1,1,1,329,random_trajectory,34,0,0,0,0,-1104,0,1538,1540,native
ebde781a11596519c7a452de26bae83348e3cb54-dirty,1,1,1,1,1,874,blocked_spawn,34,0,3,3,17,-12656,0,790,792,native
ebde781a11596519c7a452de26bae83348e3cb54-dirty,1,1,1,1,1,930,equal_scores,34,0,2,2,0,-1136,0,1538,1540,native
ebde781a11596519c7a452de26bae83348e3cb54-dirty,1,1,1,1,1,30,heuristic_trajectory,34,0,2,6,2,-2000,0,1538,1540,native
ebde781a11596519c7a452de26bae83348e3cb54-dirty,1,1,1,1,1,630,high_stack_holes,34,0,2,1,14,-10672,0,1164,1166,native
ebde781a11596519c7a452de26bae83348e3cb54-dirty,1,1,1,1,1,935,last_candidate_winner,34,0,3,8,3,-3408,0,1538,1540,native
ebde781a11596519c7a452de26bae83348e3cb54-dirty,1,1,1,1,1,330,random_trajectory,9,0,0,0,0,-1552,0,413,415,native
ebde781a11596519c7a452de26bae83348e3cb54-dirty,1,1,1,1,1,875,blocked_spawn,17,0,1,4,17,-12976,0,297,299,native
ebde781a11596519c7a452de26bae83348e3cb54-dirty,1,1,1,1,1,934,equal_scores,34,0,0,7,2,-1376,0,1538,1540,native
ebde781a11596519c7a452de26bae83348e3cb54-dirty,1,1,1,1,1,31,heuristic_trajectory,9,0,0,2,1,-1504,0,413,415,native
ebde781a11596519c7a452de26bae83348e3cb54-dirty,1,1,1,1,1,631,high_stack_holes,34,0,3,0,17,-13728,0,790,792,native
ebde781a11596519c7a452de26bae83348e3cb54-dirty,1,1,1,1,1,946,last_candidate_winner,17,0,1,8,2,-1776,0,773,775,native
ebde781a11596519c7a452de26bae83348e3cb54-dirty,1,1,1,1,1,331,random_trajectory,34,0,1,7,4,-5792,0,1538,1540,native
ebde781a11596519c7a452de26bae83348e3cb54-dirty,1,1,1,1,1,879,blocked_spawn,17,0,1,6,0,-14272,0,331,333,native
ebde781a11596519c7a452de26bae83348e3cb54-dirty,1,1,1,1,1,936,equal_scores,34,0,0,4,0,-672,0,1538,1540,native
ebde781a11596519c7a452de26bae83348e3cb54-dirty,1,1,1,1,1,32,heuristic_trajectory,34,0,3,1,3,-2640,0,1538,1540,native
ebde781a11596519c7a452de26bae83348e3cb54-dirty,1,1,1,1,1,632,high_stack_holes,34,0,2,0,3,-3216,0,1538,1540,native
ebde781a11596519c7a452de26bae83348e3cb54-dirty,1,1,1,1,1,947,last_candidate_winner,17,0,1,9,1,-1680,0,773,775,native
ebde781a11596519c7a452de26bae83348e3cb54-dirty,1,1,1,1,1,332,random_trajectory,17,0,0,4,18,-12704,0,297,299,native
ebde781a11596519c7a452de26bae83348e3cb54-dirty,1,1,1,1,1,881,blocked_spawn,17,0,1,0,0,-9824,0,399,401,native
ebde781a11596519c7a452de26bae83348e3cb54-dirty,1,1,1,1,1,944,equal_scores,17,0,0,6,1,-1072,0,773,775,native
ebde781a11596519c7a452de26bae83348e3cb54-dirty,1,1,1,1,1,33,heuristic_trajectory,9,0,0,0,8,-4416,0,413,415,native
ebde781a11596519c7a452de26bae83348e3cb54-dirty,1,1,1,1,1,633,high_stack_holes,17,0,1,4,15,-12080,0,501,503,native
ebde781a11596519c7a452de26bae83348e3cb54-dirty,1,1,1,1,1,949,last_candidate_winner,17,0,1,9,1,-1552,0,773,775,native
ebde781a11596519c7a452de26bae83348e3cb54-dirty,1,1,1,1,1,333,random_trajectory,34,0,1,5,0,-1840,0,1538,1540,native
ebde781a11596519c7a452de26bae83348e3cb54-dirty,1,1,1,1,1,884,blocked_spawn,9,0,0,1,0,-8464,0,345,347,native
ebde781a11596519c7a452de26bae83348e3cb54-dirty,1,1,1,1,1,950,equal_scores,34,0,1,6,2,-2384,0,1538,1540,native
ebde781a11596519c7a452de26bae83348e3cb54-dirty,1,1,1,1,1,34,heuristic_trajectory,17,0,0,4,1,-1632,0,773,775,native
ebde781a11596519c7a452de26bae83348e3cb54-dirty,1,1,1,1,1,634,high_stack_holes,17,0,1,8,17,-14432,0,365,367,native
ebde781a11596519c7a452de26bae83348e3cb54-dirty,1,1,1,1,1,951,last_candidate_winner,9,0,0,8,4,-2896,0,413,415,native
ebde781a11596519c7a452de26bae83348e3cb54-dirty,1,1,1,1,1,334,random_trajectory,17,0,1,9,12,-14272,0,297,299,native
ebde781a11596519c7a452de26bae83348e3cb54-dirty,1,1,1,1,1,885,blocked_spawn,34,0,0,3,0,-9376,0,1198,1200,native
ebde781a11596519c7a452de26bae83348e3cb54-dirty,1,1,1,1,1,952,equal_scores,9,0,0,2,0,-1024,0,413,415,native
ebde781a11596519c7a452de26bae83348e3cb54-dirty,1,1,1,1,1,35,heuristic_trajectory,34,0,3,3,2,-2736,0,1538,1540,native
ebde781a11596519c7a452de26bae83348e3cb54-dirty,1,1,1,1,1,635,high_stack_holes,34,0,2,3,6,-4896,0,1538,1540,native
ebde781a11596519c7a452de26bae83348e3cb54-dirty,1,1,1,1,1,953,last_candidate_winner,9,0,0,8,5,-3152,0,413,415,native
ebde781a11596519c7a452de26bae83348e3cb54-dirty,1,1,1,1,1,335,random_trajectory,34,0,0,0,0,-1104,0,1538,1540,native
ebde781a11596519c7a452de26bae83348e3cb54-dirty,1,1,1,1,1,889,blocked_spawn,17,0,0,1,0,-4448,0,705,707,native
ebde781a11596519c7a452de26bae83348e3cb54-dirty,1,1,1,1,1,954,equal_scores,17,0,1,0,2,-1168,0,773,775,native
ebde781a11596519c7a452de26bae83348e3cb54-dirty,1,1,1,1,1,36,heuristic_trajectory,17,0,1,0,4,-3056,0,773,775,native
ebde781a11596519c7a452de26bae83348e3cb54-dirty,1,1,1,1,1,636,high_stack_holes,34,0,1,2,12,-11712,0,722,724,native
ebde781a11596519c7a452de26bae83348e3cb54-dirty,1,1,1,1,1,971,last_candidate_winner,17,0,1,8,3,-2688,0,773,775,native
ebde781a11596519c7a452de26bae83348e3cb54-dirty,1,1,1,1,1,336,random_trajectory,17,0,0,0,0,-272,0,773,775,native
ebde781a11596519c7a452de26bae83348e3cb54-dirty,1,1,1,1,1,891,blocked_spawn,17,0,0,4,0,-10608,0,331,333,native
ebde781a11596519c7a452de26bae83348e3cb54-dirty,1,1,1,1,1,956,equal_scores,9,0,0,0,4,-3088,0,413,415,native
ebde781a11596519c7a452de26bae83348e3cb54-dirty,1,1,1,1,1,37,heuristic_trajectory,17,0,1,0,8,-4560,0,773,775,native
ebde781a11596519c7a452de26bae83348e3cb54-dirty,1,1,1,1,1,637,high_stack_holes,34,0,3,7,14,-15216,0,586,588,native
ebde781a11596519c7a452de26bae83348e3cb54-dirty,1,1,1,1,1,972,last_candidate_winner,17,0,1,9,0,-704,0,773,775,native
ebde781a11596519c7a452de26bae83348e3cb54-dirty,1,1,1,1,1,337,random_trajectory,34,0,1,5,0,-3280,0,1538,1540,native
ebde781a11596519c7a452de26bae83348e3cb54-dirty,1,1,1,1,1,892,blocked_spawn,34,0,0,1,0,-6432,0,960,962,native
ebde781a11596519c7a452de26bae83348e3cb54-dirty,1,1,1,1,1,958,equal_scores,9,0,0,1,4,-2736,0,413,415,native
ebde781a11596519c7a452de26bae83348e3cb54-dirty,1,1,1,1,1,38,heuristic_trajectory,17,0,1,6,3,-2528,0,773,775,native
ebde781a11596519c7a452de26bae83348e3cb54-dirty,1,1,1,1,1,638,high_stack_holes,17,0,1,1,11,-8992,0,773,775,native
ebde781a11596519c7a452de26bae83348e3cb54-dirty,1,1,1,1,1,979,last_candidate_winner,9,0,0,8,2,-2272,0,413,415,native
ebde781a11596519c7a452de26bae83348e3cb54-dirty,1,1,1,1,1,338,random_trajectory,34,0,1,5,0,-3280,0,1538,1540,native
ebde781a11596519c7a452de26bae83348e3cb54-dirty,1,1,1,1,1,901,blocked_spawn,34,0,1,3,0,-8080,0,1096,1098,native
ebde781a11596519c7a452de26bae83348e3cb54-dirty,1,1,1,1,1,959,equal_scores,17,0,0,3,0,-688,0,773,775,native
ebde781a11596519c7a452de26bae83348e3cb54-dirty,1,1,1,1,1,39,heuristic_trajectory,34,0,1,6,0,-1072,0,1538,1540,native
ebde781a11596519c7a452de26bae83348e3cb54-dirty,1,1,1,1,1,639,high_stack_holes,34,0,3,4,14,-11216,0,1538,1540,native
ebde781a11596519c7a452de26bae83348e3cb54-dirty,1,1,1,1,1,988,last_candidate_winner,9,0,0,8,8,-6144,0,413,415,native
ebde781a11596519c7a452de26bae83348e3cb54-dirty,1,1,1,1,1,339,random_trajectory,34,0,1,7,4,-5792,0,1538,1540,native
ebde781a11596519c7a452de26bae83348e3cb54-dirty,1,1,1,1,1,902,blocked_spawn,17,0,1,3,0,-12272,0,433,435,native
ebde781a11596519c7a452de26bae83348e3cb54-dirty,1,1,1,1,1,963,equal_scores,17,0,0,1,1,-848,0,773,775,native
ebde781a11596519c7a452de26bae83348e3cb54-dirty,1,1,1,1,1,40,heuristic_trajectory,34,0,0,5,1,-1232,0,1538,1540,native
ebde781a11596519c7a452de26bae83348e3cb54-dirty,1,1,1,1,1,640,high_stack_holes,17,0,1,6,7,-13072,0,603,605,native
ebde781a11596519c7a452de26bae83348e3cb54-dirty,1,1,1,1,1,989,last_candidate_winner,17,0,1,9,2,-4848,0,773,775,native
ebde781a11596519c7a452de26bae83348e3cb54-dirty,1,1,1,1,1,340,random_trajectory,17,0,0,0,0,-272,0,773,775,native
ebde781a11596519c7a452de26bae83348e3cb54-dirty,1,1,1,1,1,903,blocked_spawn,17,0,1,0,0,-4512,0,569,571,native
ebde781a11596519c7a452de26bae83348e3cb54-dirty,1,1,1,1,1,964,equal_scores,17,0,0,1,0,-848,0,773,775,native
ebde781a11596519c7a452de26bae83348e3cb54-dirty,1,1,1,1,1,41,heuristic_trajectory,17,0,1,8,1,-1200,0,773,775,native
ebde781a11596519c7a452de26bae83348e3cb54-dirty,1,1,1,1,1,641,high_stack_holes,17,0,0,0,0,0,1,195,197,native
ebde781a11596519c7a452de26bae83348e3cb54-dirty,1,1,1,1,1,998,last_candidate_winner,17,0,1,9,0,-2144,0,773,775,native
ebde781a11596519c7a452de26bae83348e3cb54-dirty,1,1,1,1,1,341,random_trajectory,17,0,1,9,12,-14272,0,297,299,native
ebde781a11596519c7a452de26bae83348e3cb54-dirty,1,1,1,1,1,906,blocked_spawn,9,0,0,0,0,-8352,0,277,279,native
ebde781a11596519c7a452de26bae83348e3cb54-dirty,1,1,1,1,1,968,equal_scores,34,0,0,6,3,-2816,0,1538,1540,native
ebde781a11596519c7a452de26bae83348e3cb54-dirty,1,1,1,1,1,42,heuristic_trajectory,9,0,0,0,6,-3280,0,413,415,native
ebde781a11596519c7a452de26bae83348e3cb54-dirty,1,1,1,1,1,642,high_stack_holes,17,0,1,3,13,-10576,0,739,741,native
ebde781a11596519c7a452de26bae83348e3cb54-dirty,1,1,1,1,1,999,last_candidate_winner,17,0,1,9,0,-432,0,773,775,native
ebde781a11596519c7a452de26bae83348e3cb54-dirty,1,1,1,1,1,342,random_trajectory,9,0,0,8,6,-9952,0,413,415,native
ebde781a11596519c7a452de26bae83348e3cb54-dirty,1,1,1,1,1,913,blocked_spawn,17,0,1,1,0,-8928,0,433,435,native
ebde781a11596519c7a452de26bae83348e3cb54-dirty,1,1,1,1,1,970,equal_scores,17,0,1,0,3,-1552,0,773,775,native
ebde781a11596519c7a452de26bae83348e3cb54-dirty,1,1,1,1,1,43,heuristic_trajectory,17,0,1,7,2,-2416,0,773,775,native
ebde781a11596519c7a452de26bae83348e3cb54-dirty,1,1,1,1,1,643,high_stack_holes,9,0,0,2,15,-11616,0,277,279,native
ebde781a11596519c7a452de26bae83348e3cb54-dirty,1,1,1,1,1,343,random_trajectory,34,0,3,4,15,-10720,0,1062,1064,native
ebde781a11596519c7a452de26bae83348e3cb54-dirty,1,1,1,1,1,916,blocked_spawn,17,0,1,7,0,-13936,0,365,367,native
ebde781a11596519c7a452de26bae83348e3cb54-dirty,1,1,1,1,1,982,equal_scores,34,0,0,4,3,-2640,0,1538,1540,native
ebde781a11596519c7a452de26bae83348e3cb54-dirty,1,1,1,1,1,44,heuristic_trajectory,17,0,1,8,0,-1008,0,773,775,native
ebde781a11596519c7a452de26bae83348e3cb54-dirty,1,1,1,1,1,644,high_stack_holes,17,0,0,6,2,-2272,0,773,775,native
ebde781a11596519c7a452de26bae83348e3cb54-dirty,1,1,1,1,1,344,random_trajectory,17,0,1,9,12,-14272,0,297,299,native
ebde781a11596519c7a452de26bae83348e3cb54-dirty,1,1,1,1,1,923,blocked_spawn,34,0,0,0,17,-13600,0,1062,1064,native
ebde781a11596519c7a452de26bae83348e3cb54-dirty,1,1,1,1,1,985,equal_scores,17,0,0,3,3,-2976,0,773,775,native
ebde781a11596519c7a452de26bae83348e3cb54-dirty,1,1,1,1,1,45,heuristic_trajectory,17,0,1,9,1,-1200,0,773,775,native
ebde781a11596519c7a452de26bae83348e3cb54-dirty,1,1,1,1,1,645,high_stack_holes,9,0,0,1,15,-11264,0,345,347,native
ebde781a11596519c7a452de26bae83348e3cb54-dirty,1,1,1,1,1,345,random_trajectory,34,0,1,5,0,-1840,0,1538,1540,native
ebde781a11596519c7a452de26bae83348e3cb54-dirty,1,1,1,1,1,926,blocked_spawn,9,0,0,2,18,-12928,0,141,143,native
ebde781a11596519c7a452de26bae83348e3cb54-dirty,1,1,1,1,1,987,equal_scores,34,0,0,1,2,-1872,0,1538,1540,native
ebde781a11596519c7a452de26bae83348e3cb54-dirty,1,1,1,1,1,46,heuristic_trajectory,9,0,0,1,1,-1168,0,413,415,native
ebde781a11596519c7a452de26bae83348e3cb54-dirty,1,1,1,1,1,646,high_stack_holes,17,0,1,3,3,-13616,0,331,333,native
ebde781a11596519c7a452de26bae83348e3cb54-dirty,1,1,1,1,1,346,random_trajectory,34,0,1,8,8,-10192,0,1538,1540,native
ebde781a11596519c7a452de26bae83348e3cb54-dirty,1,1,1,1,1,927,blocked_spawn,17,0,1,0,17,-14032,0,263,265,native
ebde781a11596519c7a452de26bae83348e3cb54-dirty,1,1,1,1,1,992,equal_scores,34,0,0,5,0,-592,0,1538,1540,native
ebde781a11596519c7a452de26bae83348e3cb54-dirty,1,1,1,1,1,47,heuristic_trajectory,34,0,1,6,0,-1072,0,1538,1540,native
ebde781a11596519c7a452de26bae83348e3cb54-dirty,1,1,1,1,1,647,high_stack_holes,17,0,1,5,0,-2544,0,773,775,native
ebde781a11596519c7a452de26bae83348e3cb54-dirty,1,1,1,1,1,347,random_trajectory,34,0,3,4,15,-10720,0,1062,1064,native
ebde781a11596519c7a452de26bae83348e3cb54-dirty,1,1,1,1,1,931,blocked_spawn,17,0,1,5,17,-9712,0,399,401,native
ebde781a11596519c7a452de26bae83348e3cb54-dirty,1,1,1,1,1,48,heuristic_trajectory,17,0,0,6,5,-4688,0,773,775,native
ebde781a11596519c7a452de26bae83348e3cb54-dirty,1,1,1,1,1,648,high_stack_holes,9,0,0,2,17,-12240,0,243,245,native
ebde781a11596519c7a452de26bae83348e3cb54-dirty,1,1,1,1,1,348,random_trajectory,9,0,0,0,6,-13280,0,175,177,native
ebde781a11596519c7a452de26bae83348e3cb54-dirty,1,1,1,1,1,933,blocked_spawn,34,0,3,5,17,-8832,0,1130,1132,native
ebde781a11596519c7a452de26bae83348e3cb54-dirty,1,1,1,1,1,49,heuristic_trajectory,9,0,0,3,4,-3248,0,413,415,native
ebde781a11596519c7a452de26bae83348e3cb54-dirty,1,1,1,1,1,649,high_stack_holes,34,0,3,8,16,-13552,0,756,758,native
ebde781a11596519c7a452de26bae83348e3cb54-dirty,1,1,1,1,1,349,random_trajectory,9,0,0,8,6,-9952,0,413,415,native
ebde781a11596519c7a452de26bae83348e3cb54-dirty,1,1,1,1,1,938,blocked_spawn,17,0,1,8,0,-9056,0,671,673,native
ebde781a11596519c7a452de26bae83348e3cb54-dirty,1,1,1,1,1,50,heuristic_trajectory,17,0,1,3,2,-2496,0,773,775,native
ebde781a11596519c7a452de26bae83348e3cb54-dirty,1,1,1,1,1,650,high_stack_holes,17,0,0,2,10,-8832,0,773,775,native
ebde781a11596519c7a452de26bae83348e3cb54-dirty,1,1,1,1,1,350,random_trajectory,17,0,1,2,0,-3872,0,773,775,native
ebde781a11596519c7a452de26bae83348e3cb54-dirty,1,1,1,1,1,939,blocked_spawn,17,0,1,2,0,-9664,0,263,265,native
ebde781a11596519c7a452de26bae83348e3cb54-dirty,1,1,1,1,1,51,heuristic_trajectory,17,0,1,9,1,-1008,0,773,775,native
ebde781a11596519c7a452de26bae83348e3cb54-dirty,1,1,1,1,1,651,high_stack_holes,17,0,1,1,16,-11552,0,501,503,native
ebde781a11596519c7a452de26bae83348e3cb54-dirty,1,1,1,1,1,351,random_trajectory,17,0,1,2,0,-3872,0,773,775,native
ebde781a11596519c7a452de26bae83348e3cb54-dirty,1,1,1,1,1,940,blocked_spawn,34,0,0,4,0,-6096,0,1436,1438,native
ebde781a11596519c7a452de26bae83348e3cb54-dirty,1,1,1,1,1,52,heuristic_trajectory,9,0,0,7,1,-2352,0,413,415,native
ebde781a11596519c7a452de26bae83348e3cb54-dirty,1,1,1,1,1,652,high_stack_holes,34,0,1,2,15,-13232,0,926,928,native
ebde781a11596519c7a452de26bae83348e3cb54-dirty,1,1,1,1,1,352,random_trajectory,17,0,1,0,0,-5296,0,773,775,native
ebde781a11596519c7a452de26bae83348e3cb54-dirty,1,1,1,1,1,955,blocked_spawn,17,0,1,0,0,-6464,0,671,673,native
ebde781a11596519c7a452de26bae83348e3cb54-dirty,1,1,1,1,1,53,heuristic_trajectory,34,0,2,5,5,-4000,0,1538,1540,native
ebde781a11596519c7a452de26bae83348e3cb54-dirty,1,1,1,1,1,653,high_stack_holes,9,0,0,0,0,-288,0,413,415,native
ebde781a11596519c7a452de26bae83348e3cb54-dirty,1,1,1,1,1,353,random_trajectory,17,0,0,7,18,-14064,0,229,231,native
ebde781a11596519c7a452de26bae83348e3cb54-dirty,1,1,1,1,1,960,blocked_spawn,17,0,0,4,0,-7696,0,535,537,native
ebde781a11596519c7a452de26bae83348e3cb54-dirty,1,1,1,1,1,54,heuristic_trajectory,17,0,1,6,5,-4080,0,773,775,native
ebde781a11596519c7a452de26bae83348e3cb54-dirty,1,1,1,1,1,654,high_stack_holes,9,0,0,4,13,-11952,0,209,211,native
ebde781a11596519c7a452de26bae83348e3cb54-dirty,1,1,1,1,1,354,random_trajectory,17,0,1,2,0,-2304,0,773,775,native
ebde781a11596519c7a452de26bae83348e3cb54-dirty,1,1,1,1,1,965,blocked_spawn,34,0,3,5,0,-6016,0,1300,1302,native
ebde781a11596519c7a452de26bae83348e3cb54-dirty,1,1,1,1,1,55,heuristic_trajectory,17,0,0,1,2,-1520,0,773,775,native
ebde781a11596519c7a452de26bae83348e3cb54-dirty,1,1,1,1,1,655,high_stack_holes,17,0,1,8,16,-13600,0,365,367,native
ebde781a11596519c7a452de26bae83348e3cb54-dirty,1,1,1,1,1,355,random_trajectory,17,0,1,2,0,-2304,0,773,775,native
ebde781a11596519c7a452de26bae83348e3cb54-dirty,1,1,1,1,1,966,blocked_spawn,34,0,1,2,0,-11488,0,960,962,native
ebde781a11596519c7a452de26bae83348e3cb54-dirty,1,1,1,1,1,56,heuristic_trajectory,9,0,0,7,2,-2000,0,413,415,native
ebde781a11596519c7a452de26bae83348e3cb54-dirty,1,1,1,1,1,656,high_stack_holes,17,0,1,6,8,-8224,0,773,775,native
ebde781a11596519c7a452de26bae83348e3cb54-dirty,1,1,1,1,1,356,random_trajectory,34,0,0,0,0,-304,0,1538,1540,native
ebde781a11596519c7a452de26bae83348e3cb54-dirty,1,1,1,1,1,973,blocked_spawn,17,0,1,7,0,-5904,0,637,639,native
ebde781a11596519c7a452de26bae83348e3cb54-dirty,1,1,1,1,1,57,heuristic_trajectory,34,0,0,7,2,-2320,0,1538,1540,native
ebde781a11596519c7a452de26bae83348e3cb54-dirty,1,1,1,1,1,657,high_stack_holes,17,0,1,2,15,-11296,0,365,367,native
ebde781a11596519c7a452de26bae83348e3cb54-dirty,1,1,1,1,1,357,random_trajectory,17,0,0,7,18,-14064,0,229,231,native
ebde781a11596519c7a452de26bae83348e3cb54-dirty,1,1,1,1,1,974,blocked_spawn,9,0,0,3,0,-8384,0,345,347,native
ebde781a11596519c7a452de26bae83348e3cb54-dirty,1,1,1,1,1,58,heuristic_trajectory,34,0,1,0,0,-1056,0,1538,1540,native
ebde781a11596519c7a452de26bae83348e3cb54-dirty,1,1,1,1,1,658,high_stack_holes,17,0,1,1,16,-15232,0,331,333,native
ebde781a11596519c7a452de26bae83348e3cb54-dirty,1,1,1,1,1,358,random_trajectory,17,0,1,2,0,-3872,0,773,775,native
ebde781a11596519c7a452de26bae83348e3cb54-dirty,1,1,1,1,1,975,blocked_spawn,17,0,0,5,0,-7824,0,569,571,native
ebde781a11596519c7a452de26bae83348e3cb54-dirty,1,1,1,1,1,59,heuristic_trajectory,34,0,3,8,3,-2784,0,1538,1540,native
ebde781a11596519c7a452de26bae83348e3cb54-dirty,1,1,1,1,1,659,high_stack_holes,17,0,0,6,15,-11440,0,773,775,native
ebde781a11596519c7a452de26bae83348e3cb54-dirty,1,1,1,1,1,359,random_trajectory,9,0,0,2,14,-9376,0,413,415,native
ebde781a11596519c7a452de26bae83348e3cb54-dirty,1,1,1,1,1,978,blocked_spawn,9,0,0,7,0,-9808,0,209,211,native
ebde781a11596519c7a452de26bae83348e3cb54-dirty,1,1,1,1,1,60,heuristic_trajectory,34,0,3,8,3,-2592,0,1538,1540,native
ebde781a11596519c7a452de26bae83348e3cb54-dirty,1,1,1,1,1,660,high_stack_holes,17,0,1,5,15,-11200,0,535,537,native
ebde781a11596519c7a452de26bae83348e3cb54-dirty,1,1,1,1,1,360,random_trajectory,17,0,1,2,0,-2304,0,773,775,native
ebde781a11596519c7a452de26bae83348e3cb54-dirty,1,1,1,1,1,981,blocked_spawn,34,0,1,2,17,-7712,0,1028,1030,native
ebde781a11596519c7a452de26bae83348e3cb54-dirty,1,1,1,1,1,61,heuristic_trajectory,34,0,2,4,1,-1840,0,1538,1540,native
ebde781a11596519c7a452de26bae83348e3cb54-dirty,1,1,1,1,1,661,high_stack_holes,34,0,3,5,9,-11728,0,926,928,native
ebde781a11596519c7a452de26bae83348e3cb54-dirty,1,1,1,1,1,361,random_trajectory,34,0,3,2,16,-12672,0,892,894,native
ebde781a11596519c7a452de26bae83348e3cb54-dirty,1,1,1,1,1,983,blocked_spawn,34,0,1,3,15,-14896,0,586,588,native
ebde781a11596519c7a452de26bae83348e3cb54-dirty,1,1,1,1,1,62,heuristic_trajectory,34,0,2,0,2,-1424,0,1538,1540,native
ebde781a11596519c7a452de26bae83348e3cb54-dirty,1,1,1,1,1,662,high_stack_holes,34,0,0,7,0,-288,0,1538,1540,native
ebde781a11596519c7a452de26bae83348e3cb54-dirty,1,1,1,1,1,362,random_trajectory,17,0,1,2,0,-3872,0,773,775,native
ebde781a11596519c7a452de26bae83348e3cb54-dirty,1,1,1,1,1,991,blocked_spawn,34,0,1,8,0,-12400,0,824,826,native
ebde781a11596519c7a452de26bae83348e3cb54-dirty,1,1,1,1,1,63,heuristic_trajectory,34,0,2,7,0,-1024,0,1538,1540,native
ebde781a11596519c7a452de26bae83348e3cb54-dirty,1,1,1,1,1,663,high_stack_holes,34,0,1,4,16,-12608,0,756,758,native
ebde781a11596519c7a452de26bae83348e3cb54-dirty,1,1,1,1,1,363,random_trajectory,17,0,0,3,12,-7264,0,773,775,native
ebde781a11596519c7a452de26bae83348e3cb54-dirty,1,1,1,1,1,995,blocked_spawn,17,0,1,8,0,-9792,0,603,605,native
ebde781a11596519c7a452de26bae83348e3cb54-dirty,1,1,1,1,1,64,heuristic_trajectory,17,0,1,0,0,-1856,0,773,775,native
ebde781a11596519c7a452de26bae83348e3cb54-dirty,1,1,1,1,1,664,high_stack_holes,9,0,0,2,17,-15072,0,243,245,native
ebde781a11596519c7a452de26bae83348e3cb54-dirty,1,1,1,1,1,364,random_trajectory,9,0,0,0,0,0,1,107,109,native
ebde781a11596519c7a452de26bae83348e3cb54-dirty,1,1,1,1,1,996,blocked_spawn,34,0,3,3,0,-7984,0,1096,1098,native
ebde781a11596519c7a452de26bae83348e3cb54-dirty,1,1,1,1,1,65,heuristic_trajectory,34,0,3,0,3,-2400,0,1538,1540,native
ebde781a11596519c7a452de26bae83348e3cb54-dirty,1,1,1,1,1,665,high_stack_holes,17,0,1,1,11,-9968,0,773,775,native
ebde781a11596519c7a452de26bae83348e3cb54-dirty,1,1,1,1,1,365,random_trajectory,17,0,0,3,12,-7264,0,773,775,native
ebde781a11596519c7a452de26bae83348e3cb54-dirty,1,1,1,1,1,997,blocked_spawn,17,0,1,5,0,-9504,0,467,469,native
ebde781a11596519c7a452de26bae83348e3cb54-dirty,1,1,1,1,1,66,heuristic_trajectory,34,0,0,5,2,-2032,0,1538,1540,native
ebde781a11596519c7a452de26bae83348e3cb54-dirty,1,1,1,1,1,666,high_stack_holes,9,0,0,1,15,-10816,0,345,347,native
ebde781a11596519c7a452de26bae83348e3cb54-dirty,1,1,1,1,1,366,random_trajectory,17,0,1,0,0,-5296,0,773,775,native
ebde781a11596519c7a452de26bae83348e3cb54-dirty,1,1,1,1,1,67,heuristic_trajectory,17,0,0,7,2,-2288,0,773,775,native
ebde781a11596519c7a452de26bae83348e3cb54-dirty,1,1,1,1,1,667,high_stack_holes,34,0,1,0,17,-14976,0,722,724,native
ebde781a11596519c7a452de26bae83348e3cb54-dirty,1,1,1,1,1,367,random_trajectory,34,0,1,8,11,-14336,0,484,486,native
ebde781a11596519c7a452de26bae83348e3cb54-dirty,1,1,1,1,1,68,heuristic_trajectory,34,0,2,6,2,-2432,0,1538,1540,native
ebde781a11596519c7a452de26bae83348e3cb54-dirty,1,1,1,1,1,668,high_stack_holes,34,0,1,3,12,-11904,0,1538,1540,native
ebde781a11596519c7a452de26bae83348e3cb54-dirty,1,1,1,1,1,368,random_trajectory,9,0,0,2,14,-9376,0,413,415,native
ebde781a11596519c7a452de26bae83348e3cb54-dirty,1,1,1,1,1,69,heuristic_trajectory,17,0,0,6,0,-384,0,773,775,native
ebde781a11596519c7a452de26bae83348e3cb54-dirty,1,1,1,1,1,669,high_stack_holes,9,0,0,1,15,-11408,0,379,381,native
ebde781a11596519c7a452de26bae83348e3cb54-dirty,1,1,1,1,1,369,random_trajectory,17,0,0,7,18,-14064,0,229,231,native
ebde781a11596519c7a452de26bae83348e3cb54-dirty,1,1,1,1,1,70,heuristic_trajectory,17,0,1,8,2,-2304,0,773,775,native
ebde781a11596519c7a452de26bae83348e3cb54-dirty,1,1,1,1,1,670,high_stack_holes,34,0,1,1,15,-13712,0,858,860,native
ebde781a11596519c7a452de26bae83348e3cb54-dirty,1,1,1,1,1,370,random_trajectory,34,0,1,8,8,-14096,0,484,486,native
ebde781a11596519c7a452de26bae83348e3cb54-dirty,1,1,1,1,1,71,heuristic_trajectory,17,0,1,2,1,-1456,0,773,775,native
ebde781a11596519c7a452de26bae83348e3cb54-dirty,1,1,1,1,1,671,high_stack_holes,9,0,0,0,0,-288,0,413,415,native
ebde781a11596519c7a452de26bae83348e3cb54-dirty,1,1,1,1,1,371,random_trajectory,34,0,3,2,0,-1344,0,1538,1540,native
ebde781a11596519c7a452de26bae83348e3cb54-dirty,1,1,1,1,1,72,heuristic_trajectory,34,0,3,0,3,-2432,0,1538,1540,native
ebde781a11596519c7a452de26bae83348e3cb54-dirty,1,1,1,1,1,672,high_stack_holes,17,0,1,1,17,-11664,0,569,571,native
ebde781a11596519c7a452de26bae83348e3cb54-dirty,1,1,1,1,1,372,random_trajectory,17,0,1,0,0,-14256,0,229,231,native
ebde781a11596519c7a452de26bae83348e3cb54-dirty,1,1,1,1,1,73,heuristic_trajectory,9,0,0,1,2,-2336,0,413,415,native
ebde781a11596519c7a452de26bae83348e3cb54-dirty,1,1,1,1,1,673,high_stack_holes,17,0,1,7,16,-13456,0,535,537,native
ebde781a11596519c7a452de26bae83348e3cb54-dirty,1,1,1,1,1,373,random_trajectory,34,0,3,2,0,-1344,0,1538,1540,native
ebde781a11596519c7a452de26bae83348e3cb54-dirty,1,1,1,1,1,74,heuristic_trajectory,17,0,1,9,4,-3552,0,773,775,native
ebde781a11596519c7a452de26bae83348e3cb54-dirty,1,1,1,1,1,674,high_stack_holes,17,0,1,9,5,-5152,0,773,775,native
ebde781a11596519c7a452de26bae83348e3cb54-dirty,1,1,1,1,1,374,random_trajectory,34,0,0,1,16,-11968,0,1198,1200,native
ebde781a11596519c7a452de26bae83348e3cb54-dirty,1,1,1,1,1,75,heuristic_trajectory,34,0,2,0,0,-1328,0,1538,1540,native
ebde781a11596519c7a452de26bae83348e3cb54-dirty,1,1,1,1,1,675,high_stack_holes,17,0,1,2,13,-11456,0,637,639,native
ebde781a11596519c7a452de26bae83348e3cb54-dirty,1,1,1,1,1,375,random_trajectory,9,0,0,2,14,-9376,0,413,415,native
ebde781a11596519c7a452de26bae83348e3cb54-dirty,1,1,1,1,1,76,heuristic_trajectory,17,0,1,8,1,-1200,0,773,775,native
ebde781a11596519c7a452de26bae83348e3cb54-dirty,1,1,1,1,1,676,high_stack_holes,34,0,1,0,16,-13248,0,1062,1064,native
ebde781a11596519c7a452de26bae83348e3cb54-dirty,1,1,1,1,1,376,random_trajectory,17,0,1,0,16,-13344,0,399,401,native
ebde781a11596519c7a452de26bae83348e3cb54-dirty,1,1,1,1,1,77,heuristic_trajectory,9,0,0,4,2,-2080,0,413,415,native
ebde781a11596519c7a452de26bae83348e3cb54-dirty,1,1,1,1,1,677,high_stack_holes,17,0,1,7,16,-11296,0,467,469,native
ebde781a11596519c7a452de26bae83348e3cb54-dirty,1,1,1,1,1,377,random_trajectory,34,0,3,8,0,-752,0,1538,1540,native
ebde781a11596519c7a452de26bae83348e3cb54-dirty,1,1,1,1,1,78,heuristic_trajectory,17,0,0,4,2,-2816,0,773,775,native
ebde781a11596519c7a452de26bae83348e3cb54-dirty,1,1,1,1,1,678,high_stack_holes,34,0,3,8,17,-11072,0,1198,1200,native
ebde781a11596519c7a452de26bae83348e3cb54-dirty,1,1,1,1,1,378,random_trajectory,34,0,1,8,11,-14336,0,484,486,native
ebde781a11596519c7a452de26bae83348e3cb54-dirty,1,1,1,1,1,79,heuristic_trajectory,9,0,0,8,4,-3024,0,413,415,native
ebde781a11596519c7a452de26bae83348e3cb54-dirty,1,1,1,1,1,679,high_stack_holes,9,0,0,1,15,-13472,0,311,313,native
ebde781a11596519c7a452de26bae83348e3cb54-dirty,1,1,1,1,1,379,random_trajectory,34,0,3,8,17,-13440,0,722,724,native
ebde781a11596519c7a452de26bae83348e3cb54-dirty,1,1,1,1,1,80,heuristic_trajectory,17,0,0,3,3,-2608,0,773,775,native
ebde781a11596519c7a452de26bae83348e3cb54-dirty,1,1,1,1,1,680,high_stack_holes,17,0,1,4,6,-5584,0,773,775,native
ebde781a11596519c7a452de26bae83348e3cb54-dirty,1,1,1,1,1,380,random_trajectory,9,0,0,2,14,-9376,0,413,415,native
ebde781a11596519c7a452de26bae83348e3cb54-dirty,1,1,1,1,1,81,heuristic_trajectory,17,0,1,8,1,-1200,0,773,775,native
ebde781a11596519c7a452de26bae83348e3cb54-dirty,1,1,1,1,1,681,high_stack_holes,17,0,1,0,13,-10768,0,637,639,native
ebde781a11596519c7a452de26bae83348e3cb54-dirty,1,1,1,1,1,381,random_trajectory,17,0,1,0,0,-14256,0,229,231,native
ebde781a11596519c7a452de26bae83348e3cb54-dirty,1,1,1,1,1,82,heuristic_trajectory,9,0,0,7,2,-2000,0,413,415,native
ebde781a11596519c7a452de26bae83348e3cb54-dirty,1,1,1,1,1,682,high_stack_holes,9,0,0,8,6,-13008,0,209,211,native
ebde781a11596519c7a452de26bae83348e3cb54-dirty,1,1,1,1,1,382,random_trajectory,9,0,0,0,0,0,1,107,109,native
ebde781a11596519c7a452de26bae83348e3cb54-dirty,1,1,1,1,1,83,heuristic_trajectory,17,0,1,8,2,-2400,0,773,775,native
ebde781a11596519c7a452de26bae83348e3cb54-dirty,1,1,1,1,1,683,high_stack_holes,34,0,2,1,15,-12160,0,1538,1540,native
ebde781a11596519c7a452de26bae83348e3cb54-dirty,1,1,1,1,1,383,random_trajectory,34,0,0,0,16,-11200,0,1538,1540,native
ebde781a11596519c7a452de26bae83348e3cb54-dirty,1,1,1,1,1,84,heuristic_trajectory,34,0,2,6,2,-2304,0,1538,1540,native
ebde781a11596519c7a452de26bae83348e3cb54-dirty,1,1,1,1,1,684,high_stack_holes,17,0,1,1,15,-10896,0,739,741,native
ebde781a11596519c7a452de26bae83348e3cb54-dirty,1,1,1,1,1,384,random_trajectory,34,0,3,8,17,-13440,0,722,724,native
ebde781a11596519c7a452de26bae83348e3cb54-dirty,1,1,1,1,1,85,heuristic_trajectory,34,0,2,4,2,-2448,0,1538,1540,native
ebde781a11596519c7a452de26bae83348e3cb54-dirty,1,1,1,1,1,685,high_stack_holes,34,0,1,5,17,-14864,0,416,418,native
ebde781a11596519c7a452de26bae83348e3cb54-dirty,1,1,1,1,1,385,random_trajectory,34,0,3,8,17,-13440,0,722,724,native
ebde781a11596519c7a452de26bae83348e3cb54-dirty,1,1,1,1,1,86,heuristic_trajectory,9,0,0,0,3,-2432,0,413,415,native
ebde781a11596519c7a452de26bae83348e3cb54-dirty,1,1,1,1,1,686,high_stack_holes,17,0,1,1,3,-2752,0,773,775,native
ebde781a11596519c7a452de26bae83348e3cb54-dirty,1,1,1,1,1,386,random_trajectory,9,0,0,8,14,-12816,0,141,143,native
ebde781a11596519c7a452de26bae83348e3cb54-dirty,1,1,1,1,1,87,heuristic_trajectory,34,0,2,2,0,-1264,0,1538,1540,native
ebde781a11596519c7a452de26bae83348e3cb54-dirty,1,1,1,1,1,687,high_stack_holes,17,0,1,7,17,-12400,0,433,435,native
ebde781a11596519c7a452de26bae83348e3cb54-dirty,1,1,1,1,1,387,random_trajectory,34,0,3,2,16,-12672,0,892,894,native
ebde781a11596519c7a452de26bae83348e3cb54-dirty,1,1,1,1,1,88,heuristic_trajectory,17,0,1,0,1,-1168,0,773,775,native
ebde781a11596519c7a452de26bae83348e3cb54-dirty,1,1,1,1,1,688,high_stack_holes,34,0,1,2,16,-13488,0,994,996,native
ebde781a11596519c7a452de26bae83348e3cb54-dirty,1,1,1,1,1,388,random_trajectory,34,0,0,1,16,-11968,0,1198,1200,native
ebde781a11596519c7a452de26bae83348e3cb54-dirty,1,1,1,1,1,89,heuristic_trajectory,17,0,0,6,3,-2688,0,773,775,native
ebde781a11596519c7a452de26bae83348e3cb54-dirty,1,1,1,1,1,689,high_stack_holes,17,0,1,2,6,-4464,0,773,775,native
ebde781a11596519c7a452de26bae83348e3cb54-dirty,1,1,1,1,1,389,random_trajectory,17,0,0,4,16,-11584,0,739,741,native
ebde781a11596519c7a452de26bae83348e3cb54-dirty,1,1,1,1,1,90,heuristic_trajectory,17,0,0,4,0,-1264,0,773,775,native
ebde781a11596519c7a452de26bae83348e3cb54-dirty,1,1,1,1,1,690,high_stack_holes,17,0,1,2,16,-11872,0,365,367,native
ebde781a11596519c7a452de26bae83348e3cb54-dirty,1,1,1,1,1,390,random_trajectory,34,0,1,8,8,-14096,0,484,486,native
ebde781a11596519c7a452de26bae83348e3cb54-dirty,1,1,1,1,1,91,heuristic_trajectory,9,0,0,0,7,-4496,0,413,415,native
ebde781a11596519c7a452de26bae83348e3cb54-dirty,1,1,1,1,1,691,high_stack_holes,34,0,3,0,1,-12432,0,620,622,native
ebde781a11596519c7a452de26bae83348e3cb54-dirty,1,1,1,1,1,391,random_trajectory,34,0,0,0,0,-304,0,1538,1540,native
ebde781a11596519c7a452de26bae83348e3cb54-dirty,1,1,1,1,1,92,heuristic_trajectory,9,0,0,1,2,-1680,0,413,415,native
ebde781a11596519c7a452de26bae83348e3cb54-dirty,1,1,1,1,1,692,high_stack_holes,34,0,0,0,0,0,1,382,384,native
ebde781a11596519c7a452de26bae83348e3cb54-dirty,1,1,1,1,1,392,random_trajectory,34,0,0,3,14,-8896,0,1538,1540,native
ebde781a11596519c7a452de26bae83348e3cb54-dirty,1,1,1,1,1,93,heuristic_trajectory,9,0,0,2,6,-4064,0,413,415,native
ebde781a11596519c7a452de26bae83348e3cb54-dirty,1,1,1,1,1,693,high_stack_holes,34,0,1,1,16,-11792,0,926,928,native
ebde781a11596519c7a452de26bae83348e3cb54-dirty,1,1,1,1,1,393,random_trajectory,34,0,3,8,0,-8432,0,1538,1540,native
ebde781a11596519c7a452de26bae83348e3cb54-dirty,1,1,1,1,1,94,heuristic_trajectory,34,0,1,5,1,-2240,0,1538,1540,native
ebde781a11596519c7a452de26bae83348e3cb54-dirty,1,1,1,1,1,694,high_stack_holes,17,0,1,5,7,-10752,0,773,775,native
ebde781a11596519c7a452de26bae83348e3cb54-dirty,1,1,1,1,1,394,random_trajectory,17,0,1,0,0,-14256,0,229,231,native
ebde781a11596519c7a452de26bae83348e3cb54-dirty,1,1,1,1,1,95,heuristic_trajectory,34,0,2,3,0,-1648,0,1538,1540,native
ebde781a11596519c7a452de26bae83348e3cb54-dirty,1,1,1,1,1,695,high_stack_holes,34,0,1,0,7,-4800,0,1538,1540,native
ebde781a11596519c7a452de26bae83348e3cb54-dirty,1,1,1,1,1,395,random_trajectory,34,0,1,8,11,-14336,0,484,486,native
ebde781a11596519c7a452de26bae83348e3cb54-dirty,1,1,1,1,1,96,heuristic_trajectory,17,0,0,6,5,-4688,0,773,775,native
ebde781a11596519c7a452de26bae83348e3cb54-dirty,1,1,1,1,1,696,high_stack_holes,9,0,0,1,12,-11568,0,209,211,native
ebde781a11596519c7a452de26bae83348e3cb54-dirty,1,1,1,1,1,396,random_trajectory,17,0,1,0,16,-13344,0,399,401,native
ebde781a11596519c7a452de26bae83348e3cb54-dirty,1,1,1,1,1,97,heuristic_trajectory,34,0,1,0,2,-2640,0,1538,1540,native
ebde781a11596519c7a452de26bae83348e3cb54-dirty,1,1,1,1,1,697,high_stack_holes,17,0,1,4,3,-10112,0,535,537,native
ebde781a11596519c7a452de26bae83348e3cb54-dirty,1,1,1,1,1,397,random_trajectory,34,0,1,8,8,-14096,0,484,486,native
ebde781a11596519c7a452de26bae83348e3cb54-dirty,1,1,1,1,1,98,heuristic_trajectory,34,0,3,8,5,-4176,0,1538,1540,native
ebde781a11596519c7a452de26bae83348e3cb54-dirty,1,1,1,1,1,698,high_stack_holes,17,0,1,7,7,-5952,0,773,775,native
ebde781a11596519c7a452de26bae83348e3cb54-dirty,1,1,1,1,1,398,random_trajectory,17,0,1,0,0,-5296,0,773,775,native
ebde781a11596519c7a452de26bae83348e3cb54-dirty,1,1,1,1,1,99,heuristic_trajectory,34,0,3,8,5,-4176,0,1538,1540,native
ebde781a11596519c7a452de26bae83348e3cb54-dirty,1,1,1,1,1,699,high_stack_holes,17,0,1,4,14,-12368,0,467,469,native
ebde781a11596519c7a452de26bae83348e3cb54-dirty,1,1,1,1,1,399,random_trajectory,9,0,0,3,17,-13120,0,209,211,native
ebde781a11596519c7a452de26bae83348e3cb54-dirty,1,1,1,1,1,100,heuristic_trajectory,17,0,0,1,2,-2432,0,773,775,native
ebde781a11596519c7a452de26bae83348e3cb54-dirty,1,1,1,1,1,700,high_stack_holes,34,0,1,0,16,-13024,0,824,826,native
ebde781a11596519c7a452de26bae83348e3cb54-dirty,1,1,1,1,1,400,random_trajectory,34,0,0,0,14,-11264,0,1538,1540,native
ebde781a11596519c7a452de26bae83348e3cb54-dirty,1,1,1,1,1,101,heuristic_trajectory,17,0,0,4,3,-2784,0,773,775,native
ebde781a11596519c7a452de26bae83348e3cb54-dirty,1,1,1,1,1,701,high_stack_holes,34,0,2,3,14,-9840,0,1538,1540,native
ebde781a11596519c7a452de26bae83348e3cb54-dirty,1,1,1,1,1,401,random_trajectory,34,0,3,2,1,-2272,0,1538,1540,native
ebde781a11596519c7a452de26bae83348e3cb54-dirty,1,1,1,1,1,102,heuristic_trajectory,17,0,0,4,3,-2880,0,773,775,native
ebde781a11596519c7a452de26bae83348e3cb54-dirty,1,1,1,1,1,702,high_stack_holes,9,0,0,0,14,-11696,0,311,313,native
ebde781a11596519c7a452de26bae83348e3cb54-dirty,1,1,1,1,1,402,random_trajectory,34,0,0,7,0,-1376,0,1538,1540,native
ebde781a11596519c7a452de26bae83348e3cb54-dirty,1,1,1,1,1,103,heuristic_trajectory,34,0,2,6,0,-992,0,1538,1540,native
ebde781a11596519c7a452de26bae83348e3cb54-dirty,1,1,1,1,1,703,high_stack_holes,17,0,1,0,17,-13584,0,365,367,native
ebde781a11596519c7a452de26bae83348e3cb54-dirty,1,1,1,1,1,403,random_trajectory,9,0,0,5,0,-576,0,413,415,native
ebde781a11596519c7a452de26bae83348e3cb54-dirty,1,1,1,1,1,104,heuristic_trajectory,34,0,0,7,1,-816,0,1538,1540,native
ebde781a11596519c7a452de26bae83348e3cb54-dirty,1,1,1,1,1,704,high_stack_holes,17,0,0,0,0,-384,0,773,775,native
ebde781a11596519c7a452de26bae83348e3cb54-dirty,1,1,1,1,1,404,random_trajectory,34,0,3,2,1,-2272,0,1538,1540,native
ebde781a11596519c7a452de26bae83348e3cb54-dirty,1,1,1,1,1,105,heuristic_trajectory,9,0,0,3,7,-4880,0,413,415,native
ebde781a11596519c7a452de26bae83348e3cb54-dirty,1,1,1,1,1,705,high_stack_holes,9,0,0,3,14,-12096,0,311,313,native
ebde781a11596519c7a452de26bae83348e3cb54-dirty,1,1,1,1,1,405,random_trajectory,17,0,1,3,9,-12080,0,671,673,native
ebde781a11596519c7a452de26bae83348e3cb54-dirty,1,1,1,1,1,106,heuristic_trajectory,34,0,2,4,3,-3296,0,1538,1540,native
ebde781a11596519c7a452de26bae83348e3cb54-dirty,1,1,1,1,1,706,high_stack_holes,17,0,1,2,17,-13840,0,297,299,native
ebde781a11596519c7a452de26bae83348e3cb54-dirty,1,1,1,1,1,406,random_trajectory,34,0,0,0,14,-11264,0,1538,1540,native
ebde781a11596519c7a452de26bae83348e3cb54-dirty,1,1,1,1,1,107,heuristic_trajectory,34,0,1,3,3,-2928,0,1538,1540,native
ebde781a11596519c7a452de26bae83348e3cb54-dirty,1,1,1,1,1,707,high_stack_holes,34,0,0,0,5,-4352,0,1538,1540,native
ebde781a11596519c7a452de26bae83348e3cb54-dirty,1,1,1,1,1,407,random_trajectory,17,0,1,3,9,-12080,0,671,673,native
ebde781a11596519c7a452de26bae83348e3cb54-dirty,1,1,1,1,1,108,heuristic_trajectory,34,0,2,2,5,-4384,0,1538,1540,native
ebde781a11596519c7a452de26bae83348e3cb54-dirty,1,1,1,1,1,708,high_stack_holes,34,0,1,8,11,-9936,0,1266,1268,native
ebde781a11596519c7a452de26bae83348e3cb54-dirty,1,1,1,1,1,408,random_trajectory,34,0,1,6,8,-6528,0,1538,1540,native
ebde781a11596519c7a452de26bae83348e3cb54-dirty,1,1,1,1,1,109,heuristic_trajectory,17,0,1,8,0,-256,0,773,775,native
ebde781a11596519c7a452de26bae83348e3cb54-dirty,1,1,1,1,1,709,high_stack_holes,9,0,0,4,17,-13536,0,311,313,native
ebde781a11596519c7a452de26bae83348e3cb54-dirty,1,1,1,1,1,409,random_trajectory,34,0,0,0,14,-13504,0,1266,1268,native
ebde781a11596519c7a452de26bae83348e3cb54-dirty,1,1,1,1,1,110,heuristic_trajectory,34,0,2,2,1,-1520,0,1538,1540,native
ebde781a11596519c7a452de26bae83348e3cb54-dirty,1,1,1,1,1,710,high_stack_holes,17,0,1,3,11,-10032,0,773,775,native
ebde781a11596519c7a452de26bae83348e3cb54-dirty,1,1,1,1,1,410,random_trajectory,34,0,0,0,14,-8544,0,1538,1540,native
ebde781a11596519c7a452de26bae83348e3cb54-dirty,1,1,1,1,1,111,heuristic_trajectory,34,0,3,8,5,-3920,0,1538,1540,native
ebde781a11596519c7a452de26bae83348e3cb54-dirty,1,1,1,1,1,711,high_stack_holes,17,0,1,3,0,-9344,0,603,605,native
ebde781a11596519c7a452de26bae83348e3cb54-dirty,1,1,1,1,1,411,random_trajectory,34,0,0,0,14,-11264,0,1538,1540,native
ebde781a11596519c7a452de26bae83348e3cb54-dirty,1,1,1,1,1,112,heuristic_trajectory,34,0,0,3,9,-5968,0,1538,1540,native
ebde781a11596519c7a452de26bae83348e3cb54-dirty,1,1,1,1,1,712,high_stack_holes,17,0,1,0,17,-14256,0,501,503,native
ebde781a11596519c7a452de26bae83348e3cb54-dirty,1,1,1,1,1,412,random_trajectory,34,0,3,2,1,-2272,0,1538,1540,native
ebde781a11596519c7a452de26bae83348e3cb54-dirty,1,1,1,1,1,113,heuristic_trajectory,34,0,2,4,2,-2176,0,1538,1540,native
ebde781a11596519c7a452de26bae83348e3cb54-dirty,1,1,1,1,1,713,high_stack_holes,34,0,1,2,7,-13088,0,688,690,native
ebde781a11596519c7a452de26bae83348e3cb54-dirty,1,1,1,1,1,413,random_trajectory,17,0,0,0,0,0,1,195,197,native
ebde781a11596519c7a452de26bae83348e3cb54-dirty,1,1,1,1,1,114,heuristic_trajectory,34,0,2,7,2,-2400,0,1538,1540,native
ebde781a11596519c7a452de26bae83348e3cb54-dirty,1,1,1,1,1,714,high_stack_holes,34,0,1,3,15,-12160,0,824,826,native
ebde781a11596519c7a452de26bae83348e3cb54-dirty,1,1,1,1,1,414,random_trajectory,17,0,1,3,9,-12080,0,671,673,native
ebde781a11596519c7a452de26bae83348e3cb54-dirty,1,1,1,1,1,115,heuristic_trajectory,17,0,0,3,2,-2032,0,773,775,native
ebde781a11596519c7a452de26bae83348e3cb54-dirty,1,1,1,1,1,715,high_stack_holes,17,0,1,1,6,-13440,0,603,605,native
ebde781a11596519c7a452de26bae83348e3cb54-dirty,1,1,1,1,1,415,random_trajectory,17,0,1,3,9,-12080,0,671,673,native
ebde781a11596519c7a452de26bae83348e3cb54-dirty,1,1,1,1,1,116,heuristic_trajectory,34,0,1,0,4,-4720,0,1538,1540,native
ebde781a11596519c7a452de26bae83348e3cb54-dirty,1,1,1,1,1,716,high_stack_holes,34,0,2,6,13,-10608,0,1538,1540,native
ebde781a11596519c7a452de26bae83348e3cb54-dirty,1,1,1,1,1,416,random_trajectory,9,0,0,0,3,-5760,0,413,415,native
ebde781a11596519c7a452de26bae83348e3cb54-dirty,1,1,1,1,1,117,heuristic_trajectory,17,0,0,5,6,-4480,0,773,775,native
ebde781a11596519c7a452de26bae83348e3cb54-dirty,1,1,1,1,1,717,high_stack_holes,17,0,0,6,15,-11248,0,399,401,native
ebde781a11596519c7a452de26bae83348e3cb54-dirty,1,1,1,1,1,417,random_trajectory,34,0,1,6,8,-6528,0,1538,1540,native
ebde781a11596519c7a452de26bae83348e3cb54-dirty,1,1,1,1,1,118,heuristic_trajectory,17,0,1,6,5,-5312,0,773,775,native
ebde781a11596519c7a452de26bae83348e3cb54-dirty,1,1,1,1,1,718,high_stack_holes,17,0,1,3,16,-15152,0,467,469,native
ebde781a11596519c7a452de26bae83348e3cb54-dirty,1,1,1,1,1,418,random_trajectory,17,0,1,6,8,-6112,0,773,775,native
ebde781a11596519c7a452de26bae83348e3cb54-dirty,1,1,1,1,1,119,heuristic_trajectory,9,0,0,4,1,-992,0,413,415,native
ebde781a11596519c7a452de26bae83348e3cb54-dirty,1,1,1,1,1,719,high_stack_holes,34,0,1,1,14,-11680,0,1538,1540,native
ebde781a11596519c7a452de26bae83348e3cb54-dirty,1,1,1,1,1,419,random_trajectory,9,0,0,5,0,-576,0,413,415,native
ebde781a11596519c7a452de26bae83348e3cb54-dirty,1,1,1,1,1,120,heuristic_trajectory,17,0,1,4,7,-4880,0,773,775,native
ebde781a11596519c7a452de26bae83348e3cb54-dirty,1,1,1,1,1,720,high_stack_holes,17,0,1,6,14,-12144,0,331,333,native
ebde781a11596519c7a452de26bae83348e3cb54-dirty,1,1,1,1,1,420,random_trajectory,9,0,0,5,0,-576,0,413,415,native
ebde781a11596519c7a452de26bae83348e3cb54-dirty,1,1,1,1,1,121,heuristic_trajectory,34,0,1,8,2,-2768,0,1538,1540,native
ebde781a11596519c7a452de26bae83348e3cb54-dirty,1,1,1,1,1,721,high_stack_holes,17,0,0,0,0,0,1,195,197,native
ebde781a11596519c7a452de26bae83348e3cb54-dirty,1,1,1,1,1,421,random_trajectory,34,0,3,2,1,-2272,0,1538,1540,native
ebde781a11596519c7a452de26bae83348e3cb54-dirty,1,1,1,1,1,122,heuristic_trajectory,34,0,3,8,2,-1600,0,1538,1540,native
ebde781a11596519c7a452de26bae83348e3cb54-dirty,1,1,1,1,1,722,high_stack_holes,34,0,0,2,0,-432,0,1538,1540,native
ebde781a11596519c7a452de26bae83348e3cb54-dirty,1,1,1,1,1,422,random_trajectory,17,0,0,7,0,-2080,0,773,775,native
ebde781a11596519c7a452de26bae83348e3cb54-dirty,1,1,1,1,1,123,heuristic_trajectory,34,0,0,6,3,-2752,0,1538,1540,native
ebde781a11596519c7a452de26bae83348e3cb54-dirty,1,1,1,1,1,723,high_stack_holes,17,0,1,3,13,-11728,0,399,401,native
ebde781a11596519c7a452de26bae83348e3cb54-dirty,1,1,1,1,1,423,random_trajectory,34,0,0,7,0,-1376,0,1538,1540,native
ebde781a11596519c7a452de26bae83348e3cb54-dirty,1,1,1,1,1,124,heuristic_trajectory,17,0,0,6,0,-544,0,773,775,native
ebde781a11596519c7a452de26bae83348e3cb54-dirty,1,1,1,1,1,724,high_stack_holes,34,0,1,3,17,-14448,0,892,894,native
ebde781a11596519c7a452de26bae83348e3cb54-dirty,1,1,1,1,1,424,random_trajectory,17,0,0,0,14,-14624,0,297,299,native
ebde781a11596519c7a452de26bae83348e3cb54-dirty,1,1,1,1,1,125,heuristic_trajectory,34,0,1,0,3,-3168,0,1538,1540,native
ebde781a11596519c7a452de26bae83348e3cb54-dirty,1,1,1,1,1,725,high_stack_holes,34,0,1,8,5,-5088,0,1538,1540,native
ebde781a11596519c7a452de26bae83348e3cb54-dirty,1,1,1,1,1,425,random_trajectory,17,0,1,6,8,-6112,0,773,775,native
ebde781a11596519c7a452de26bae83348e3cb54-dirty,1,1,1,1,1,126,heuristic_trajectory,17,0,0,6,0,-832,0,773,775,native
ebde781a11596519c7a452de26bae83348e3cb54-dirty,1,1,1,1,1,726,high_stack_holes,17,0,1,6,11,-10848,0,467,469,native
ebde781a11596519c7a452de26bae83348e3cb54-dirty,1,1,1,1,1,426,random_trajectory,17,0,1,4,14,-11712,0,773,775,native
ebde781a11596519c7a452de26bae83348e3cb54-dirty,1,1,1,1,1,127,heuristic_trajectory,17,0,0,6,5,-3840,0,773,775,native
ebde781a11596519c7a452de26bae83348e3cb54-dirty,1,1,1,1,1,727,high_stack_holes,17,0,1,1,12,-13472,0,467,469,native
ebde781a11596519c7a452de26bae83348e3cb54-dirty,1,1,1,1,1,427,random_trajectory,9,0,0,1,14,-13904,0,311,313,native
ebde781a11596519c7a452de26bae83348e3cb54-dirty,1,1,1,1,1,128,heuristic_trajectory,34,0,3,2,0,-1296,0,1538,1540,native
ebde781a11596519c7a452de26bae83348e3cb54-dirty,1,1,1,1,1,728,high_stack_holes,17,0,1,8,10,-8256,0,773,775,native
ebde781a11596519c7a452de26bae83348e3cb54-dirty,1,1,1,1,1,428,random_trajectory,34,0,1,1,3,-4448,0,1538,1540,native
ebde781a11596519c7a452de26bae83348e3cb54-dirty,1,1,1,1,1,129,heuristic_trajectory,34,0,2,0,5,-4736,0,1538,1540,native
ebde781a11596519c7a452de26bae83348e3cb54-dirty,1,1,1,1,1,729,high_stack_holes,34,0,1,2,15,-11056,0,1164,1166,native
ebde781a11596519c7a452de26bae83348e3cb54-dirty,1,1,1,1,1,429,random_trajectory,17,0,1,8,1,-2880,0,773,775,native
ebde781a11596519c7a452de26bae83348e3cb54-dirty,1,1,1,1,1,130,heuristic_trajectory,17,0,0,2,6,-3792,0,773,775,native
ebde781a11596519c7a452de26bae83348e3cb54-dirty,1,1,1,1,1,730,high_stack_holes,17,0,1,8,16,-13968,0,535,537,native
ebde781a11596519c7a452de26bae83348e3cb54-dirty,1,1,1,1,1,430,random_trajectory,34,0,0,7,0,-1376,0,1538,1540,native
ebde781a11596519c7a452de26bae83348e3cb54-dirty,1,1,1,1,1,131,heuristic_trajectory,17,0,1,6,0,-1360,0,773,775,native
ebde781a11596519c7a452de26bae83348e3cb54-dirty,1,1,1,1,1,731,high_stack_holes,17,0,1,8,12,-8400,0,773,775,native
ebde781a11596519c7a452de26bae83348e3cb54-dirty,1,1,1,1,1,431,random_trajectory,17,0,1,0,16,-15392,0,263,265,native
ebde781a11596519c7a452de26bae83348e3cb54-dirty,1,1,1,1,1,132,heuristic_trajectory,34,0,0,5,5,-4416,0,1538,1540,native
ebde781a11596519c7a452de26bae83348e3cb54-dirty,1,1,1,1,1,732,high_stack_holes,34,0,1,6,15,-10640,0,1164,1166,native
ebde781a11596519c7a452de26bae83348e3cb54-dirty,1,1,1,1,1,432,random_trajectory,34,0,0,0,14,-8544,0,1538,1540,native
ebde781a11596519c7a452de26bae83348e3cb54-dirty,1,1,1,1,1,133,heuristic_trajectory,34,0,1,1,2,-2592,0,1538,1540,native
ebde781a11596519c7a452de26bae83348e3cb54-dirty,1,1,1,1,1,733,high_stack_holes,9,0,0,7,10,-13712,0,277,279,native
ebde781a11596519c7a452de26bae83348e3cb54-dirty,1,1,1,1,1,433,random_trajectory,17,0,0,0,0,0,1,195,197,native
ebde781a11596519c7a452de26bae83348e3cb54-dirty,1,1,1,1,1,134,heuristic_trajectory,17,0,1,7,0,-1008,0,773,775,native
ebde781a11596519c7a452de26bae83348e3cb54-dirty,1,1,1,1,1,734,high_stack_holes,17,0,1,4,7,-7600,0,773,775,native
ebde781a11596519c7a452de26bae83348e3cb54-dirty,1,1,1,1,1,434,random_trajectory,34,0,0,0,14,-13504,0,1266,1268,native
ebde781a11596519c7a452de26bae83348e3cb54-dirty,1,1,1,1,1,135,heuristic_trajectory,17,0,1,7,0,-1040,0,773,775,native
ebde781a11596519c7a452de26bae83348e3cb54-dirty,1,1,1,1,1,735,high_stack_holes,17,0,1,3,16,-11728,0,501,503,native
ebde781a11596519c7a452de26bae83348e3cb54-dirty,1,1,1,1,1,435,random_trajectory,9,0,0,5,0,-576,0,413,415,native
ebde781a11596519c7a452de26bae83348e3cb54-dirty,1,1,1,1,1,136,heuristic_trajectory,17,0,1,9,2,-1840,0,773,775,native
ebde781a11596519c7a452de26bae83348e3cb54-dirty,1,1,1,1,1,736,high_stack_holes,34,0,1,0,17,-12000,0,1266,1268,native
ebde781a11596519c7a452de26bae83348e3cb54-dirty,1,1,1,1,1,436,random_trajectory,34,0,0,7,0,-1376,0,1538,1540,native
ebde781a11596519c7a452de26bae83348e3cb54-dirty,1,1,1,1,1,137,heuristic_trajectory,34,0,2,1,2,-2288,0,1538,1540,native
ebde781a11596519c7a452de26bae83348e3cb54-dirty,1,1,1,1,1,737,high_stack_holes,34,0,3,1,14,-13696,0,1436,1438,native
ebde781a11596519c7a452de26bae83348e3cb54-dirty,1,1,1,1,1,437,random_trajectory,34,0,0,0,14,-14240,0,824,826,native
ebde781a11596519c7a452de26bae83348e3cb54-dirty,1,1,1,1,1,138,heuristic_trajectory,34,0,2,7,7,-5312,0,1538,1540,native
ebde781a11596519c7a452de26bae83348e3cb54-dirty,1,1,1,1,1,738,high_stack_holes,34,0,2,7,13,-10736,0,1334,1336,native
ebde781a11596519c7a452de26bae83348e3cb54-dirty,1,1,1,1,1,438,random_trajectory,34,0,3,1,15,-14944,0,654,656,native
ebde781a11596519c7a452de26bae83348e3cb54-dirty,1,1,1,1,1,139,heuristic_trajectory,34,0,1,8,0,-768,0,1538,1540,native
ebde781a11596519c7a452de26bae83348e3cb54-dirty,1,1,1,1,1,739,high_stack_holes,17,0,0,0,0,0,1,195,197,native
ebde781a11596519c7a452de26bae83348e3cb54-dirty,1,1,1,1,1,439,random_trajectory,17,0,0,0,14,-14624,0,297,299,native
ebde781a11596519c7a452de26bae83348e3cb54-dirty,1,1,1,1,1,140,heuristic_trajectory,34,0,3,8,5,-3920,0,1538,1540,native
ebde781a11596519c7a452de26bae83348e3cb54-dirty,1,1,1,1,1,740,high_stack_holes,34,0,1,2,16,-13616,0,1300,1302,native
ebde781a11596519c7a452de26bae83348e3cb54-dirty,1,1,1,1,1,440,random_trajectory,34,0,3,2,1,-2272,0,1538,1540,native
ebde781a11596519c7a452de26bae83348e3cb54-dirty,1,1,1,1,1,141,heuristic_trajectory,17,0,0,1,2,-2000,0,773,775,native
ebde781a11596519c7a452de26bae83348e3cb54-dirty,1,1,1,1,1,741,high_stack_holes,34,0,3,4,15,-11520,0,1300,1302,native
ebde781a11596519c7a452de26bae83348e3cb54-dirty,1,1,1,1,1,441,random_trajectory,17,0,1,8,1,-8976,0,773,775,native
ebde781a11596519c7a452de26bae83348e3cb54-dirty,1,1,1,1,1,142,heuristic_trajectory,17,0,0,5,6,-5296,0,773,775,native
ebde781a11596519c7a452de26bae83348e3cb54-dirty,1,1,1,1,1,742,high_stack_holes,17,0,1,1,15,-14864,0,297,299,native
ebde781a11596519c7a452de26bae83348e3cb54-dirty,1,1,1,1,1,442,random_trajectory,34,0,0,0,14,-13504,0,1266,1268,native
ebde781a11596519c7a452de26bae83348e3cb54-dirty,1,1,1,1,1,143,heuristic_trajectory,17,0,0,6,5,-3440,0,773,775,native
ebde781a11596519c7a452de26bae83348e3cb54-dirty,1,1,1,1,1,743,high_stack_holes,34,0,3,4,7,-7424,0,1538,1540,native
ebde781a11596519c7a452de26bae83348e3cb54-dirty,1,1,1,1,1,443,random_trajectory,34,0,0,7,0,-1376,0,1538,1540,native
ebde781a11596519c7a452de26bae83348e3cb54-dirty,1,1,1,1,1,144,heuristic_trajectory,34,0,3,3,1,-2512,0,1538,1540,native
ebde781a11596519c7a452de26bae83348e3cb54-dirty,1,1,1,1,1,744,high_stack_holes,17,0,1,0,11,-10336,0,705,707,native
ebde781a11596519c7a452de26bae83348e3cb54-dirty,1,1,1,1,1,444,random_trajectory,34,0,3,2,1,-2272,0,1538,1540,native
ebde781a11596519c7a452de26bae83348e3cb54-dirty,1,1,1,1,1,145,heuristic_trajectory,17,0,0,6,0,-832,0,773,775,native
ebde781a11596519c7a452de26bae83348e3cb54-dirty,1,1,1,1,1,745,high_stack_holes,9,0,0,1,1,-12320,0,379,381,native
ebde781a11596519c7a452de26bae83348e3cb54-dirty,1,1,1,1,1,445,random_trajectory,9,0,0,1,14,-13168,0,413,415,native
ebde781a11596519c7a452de26bae83348e3cb54-dirty,1,1,1,1,1,146,heuristic_trajectory,34,0,3,7,5,-4560,0,1538,1540,native
ebde781a11596519c7a452de26bae83348e3cb54-dirty,1,1,1,1,1,746,high_stack_holes,34,0,1,0,16,-13952,0,1096,1098,native
ebde781a11596519c7a452de26bae83348e3cb54-dirty,1,1,1,1,1,446,random_trajectory,34,0,0,0,14,-8544,0,1538,1540,native
ebde781a11596519c7a452de26bae83348e3cb54-dirty,1,1,1,1,1,147,heuristic_trajectory,34,0,3,8,2,-2384,0,1538,1540,native
ebde781a11596519c7a452de26bae83348e3cb54-dirty,1,1,1,1,1,747,high_stack_holes,9,0,0,6,14,-10816,0,311,313,native
ebde781a11596519c7a452de26bae83348e3cb54-dirty,1,1,1,1,1,447,random_trajectory,34,0,1,1,3,-4448,0,1538,1540,native
ebde781a11596519c7a452de26bae83348e3cb54-dirty,1,1,1,1,1,148,heuristic_trajectory,34,0,1,4,2,-2288,0,1538,1540,native
ebde781a11596519c7a452de26bae83348e3cb54-dirty,1,1,1,1,1,748,high_stack_holes,17,0,1,7,5,-13664,0,467,469,native
ebde781a11596519c7a452de26bae83348e3cb54-dirty,1,1,1,1,1,448,random_trajectory,17,0,1,0,16,-15392,0,263,265,native
ebde781a11596519c7a452de26bae83348e3cb54-dirty,1,1,1,1,1,149,heuristic_trajectory,9,0,0,1,6,-4592,0,413,415,native
ebde781a11596519c7a452de26bae83348e3cb54-dirty,1,1,1,1,1,749,high_stack_holes,34,0,0,7,7,-5184,0,1538,1540,native
ebde781a11596519c7a452de26bae83348e3cb54-dirty,1,1,1,1,1,449,random_trajectory,9,0,0,1,14,-13904,0,311,313,native
ebde781a11596519c7a452de26bae83348e3cb54-dirty,1,1,1,1,1,150,heuristic_trajectory,34,0,0,7,5,-3920,0,1538,1540,native
ebde781a11596519c7a452de26bae83348e3cb54-dirty,1,1,1,1,1,750,high_stack_holes,17,0,0,7,12,-10016,0,773,775,native
ebde781a11596519c7a452de26bae83348e3cb54-dirty,1,1,1,1,1,450,random_trajectory,17,0,1,8,11,-14176,0,229,231,native
ebde781a11596519c7a452de26bae83348e3cb54-dirty,1,1,1,1,1,151,heuristic_trajectory,17,0,1,6,0,-1360,0,773,775,native
ebde781a11596519c7a452de26bae83348e3cb54-dirty,1,1,1,1,1,751,high_stack_holes,34,0,3,1,15,-14928,0,756,758,native
ebde781a11596519c7a452de26bae83348e3cb54-dirty,1,1,1,1,1,451,random_trajectory,34,0,0,0,0,0,1,382,384,native
ebde781a11596519c7a452de26bae83348e3cb54-dirty,1,1,1,1,1,152,heuristic_trajectory,9,0,0,0,3,-2368,0,413,415,native
ebde781a11596519c7a452de26bae83348e3cb54-dirty,1,1,1,1,1,752,high_stack_holes,34,0,3,5,10,-9968,0,1538,1540,native
ebde781a11596519c7a452de26bae83348e3cb54-dirty,1,1,1,1,1,452,random_trajectory,9,0,0,3,18,-12432,0,277,279,native
ebde781a11596519c7a452de26bae83348e3cb54-dirty,1,1,1,1,1,153,heuristic_trajectory,34,0,1,2,1,-1264,0,1538,1540,native
ebde781a11596519c7a452de26bae83348e3cb54-dirty,1,1,1,1,1,753,high_stack_holes,34,0,2,2,13,-10928,0,1198,1200,native
ebde781a11596519c7a452de26bae83348e3cb54-dirty,1,1,1,1,1,453,random_trajectory,17,0,1,0,0,-6080,0,773,775,native
ebde781a11596519c7a452de26bae83348e3cb54-dirty,1,1,1,1,1,154,heuristic_trajectory,34,0,3,8,0,-1008,0,1538,1540,native
ebde781a11596519c7a452de26bae83348e3cb54-dirty,1,1,1,1,1,754,high_stack_holes,34,0,3,5,16,-14848,0,790,792,native
ebde781a11596519c7a452de26bae83348e3cb54-dirty,1,1,1,1,1,454,random_trajectory,17,0,0,0,0,-1680,0,773,775,native
ebde781a11596519c7a452de26bae83348e3cb54-dirty,1,1,1,1,1,155,heuristic_trajectory,17,0,0,5,7,-4976,0,773,775,native
ebde781a11596519c7a452de26bae83348e3cb54-dirty,1,1,1,1,1,755,high_stack_holes,17,0,1,4,12,-12784,0,705,707,native
ebde781a11596519c7a452de26bae83348e3cb54-dirty,1,1,1,1,1,455,random_trajectory,34,0,1,0,14,-13072,0,518,520,native
ebde781a11596519c7a452de26bae83348e3cb54-dirty,1,1,1,1,1,156,heuristic_trajectory,17,0,1,3,7,-5600,0,773,775,native
ebde781a11596519c7a452de26bae83348e3cb54-dirty,1,1,1,1,1,756,high_stack_holes,17,0,1,9,6,-10368,0,603,605,native
ebde781a11596519c7a452de26bae83348e3cb54-dirty,1,1,1,1,1,456,random_trajectory,17,0,1,2,6,-9616,0,501,503,native
ebde781a11596519c7a452de26bae83348e3cb54-dirty,1,1,1,1,1,157,heuristic_trajectory,34,0,3,4,5,-4176,0,1538,1540,native
ebde781a11596519c7a452de26bae83348e3cb54-dirty,1,1,1,1,1,757,high_stack_holes,17,0,0,0,17,-13600,0,603,605,native
ebde781a11596519c7a452de26bae83348e3cb54-dirty,1,1,1,1,1,457,random_trajectory,17,0,0,0,0,-1680,0,773,775,native
ebde781a11596519c7a452de26bae83348e3cb54-dirty,1,1,1,1,1,158,heuristic_trajectory,17,0,0,6,0,-704,0,773,775,native
ebde781a11596519c7a452de26bae83348e3cb54-dirty,1,1,1,1,1,758,high_stack_holes,34,0,0,2,2,-2112,0,1538,1540,native
ebde781a11596519c7a452de26bae83348e3cb54-dirty,1,1,1,1,1,458,random_trajectory,17,0,1,8,11,-14176,0,229,231,native
ebde781a11596519c7a452de26bae83348e3cb54-dirty,1,1,1,1,1,159,heuristic_trajectory,17,0,1,8,2,-2576,0,773,775,native
ebde781a11596519c7a452de26bae83348e3cb54-dirty,1,1,1,1,1,759,high_stack_holes,34,0,1,4,16,-12848,0,518,520,native
ebde781a11596519c7a452de26bae83348e3cb54-dirty,1,1,1,1,1,459,random_trajectory,17,0,1,0,0,-6080,0,773,775,native
ebde781a11596519c7a452de26bae83348e3cb54-dirty,1,1,1,1,1,160,heuristic_trajectory,17,0,0,4,0,-416,0,773,775,native
ebde781a11596519c7a452de26bae83348e3cb54-dirty,1,1,1,1,1,760,high_stack_holes,34,0,3,2,4,-12336,0,790,792,native
ebde781a11596519c7a452de26bae83348e3cb54-dirty,1,1,1,1,1,460,random_trajectory,17,0,1,1,15,-13264,0,297,299,native
ebde781a11596519c7a452de26bae83348e3cb54-dirty,1,1,1,1,1,161,heuristic_trajectory,34,0,0,5,0,-592,0,1538,1540,native
ebde781a11596519c7a452de26bae83348e3cb54-dirty,1,1,1,1,1,761,high_stack_holes,34,0,1,7,2,-3104,0,1538,1540,native
ebde781a11596519c7a452de26bae83348e3cb54-dirty,1,1,1,1,1,461,random_trajectory,17,0,1,3,15,-10032,0,467,469,native
ebde781a11596519c7a452de26bae83348e3cb54-dirty,1,1,1,1,1,162,heuristic_trajectory,17,0,1,5,6,-5232,0,773,775,native
ebde781a11596519c7a452de26bae83348e3cb54-dirty,1,1,1,1,1,762,high_stack_holes,17,0,1,6,13,-10992,0,501,503,native
ebde781a11596519c7a452de26bae83348e3cb54-dirty,1,1,1,1,1,462,random_trajectory,34,0,1,8,4,-11232,0,926,928,native
ebde781a11596519c7a452de26bae83348e3cb54-dirty,1,1,1,1,1,163,heuristic_trajectory,34,0,1,8,2,-2768,0,1538,1540,native
ebde781a11596519c7a452de26bae83348e3cb54-dirty,1,1,1,1,1,763,high_stack_holes,17,0,1,6,7,-13152,0,331,333,native
ebde781a11596519c7a452de26bae83348e3cb54-dirty,1,1,1,1,1,463,random_trajectory,34,0,0,0,0,-688,0,1538,1540,native
ebde781a11596519c7a452de26bae83348e3cb54-dirty,1,1,1,1,1,164,heuristic_trajectory,34,0,0,2,0,-736,0,1538,1540,native
ebde781a11596519c7a452de26bae83348e3cb54-dirty,1,1,1,1,1,764,high_stack_holes,17,0,0,6,1,-800,0,773,775,native
ebde781a11596519c7a452de26bae83348e3cb54-dirty,1,1,1,1,1,464,random_trajectory,9,0,0,8,14,-14464,0,141,143,native
ebde781a11596519c7a452de26bae83348e3cb54-dirty,1,1,1,1,1,165,heuristic_trajectory,17,0,0,4,6,-4816,0,773,775,native
ebde781a11596519c7a452de26bae83348e3cb54-dirty,1,1,1,1,1,765,high_stack_holes,17,0,1,2,0,-10592,0,637,639,native
ebde781a11596519c7a452de26bae83348e3cb54-dirty,1,1,1,1,1,465,random_trajectory,34,0,0,0,7,-9184,0,1300,1302,native
ebde781a11596519c7a452de26bae83348e3cb54-dirty,1,1,1,1,1,166,heuristic_trajectory,17,0,0,4,5,-4432,0,773,775,native
ebde781a11596519c7a452de26bae83348e3cb54-dirty,1,1,1,1,1,766,high_stack_holes,17,0,1,1,16,-14608,0,467,469,native
ebde781a11596519c7a452de26bae83348e3cb54-dirty,1,1,1,1,1,466,random_trajectory,34,0,0,0,0,-4960,0,1538,1540,native
ebde781a11596519c7a452de26bae83348e3cb54-dirty,1,1,1,1,1,167,heuristic_trajectory,17,0,0,4,5,-4432,0,773,775,native
ebde781a11596519c7a452de26bae83348e3cb54-dirty,1,1,1,1,1,767,high_stack_holes,34,0,1,5,10,-7488,0,1538,1540,native
ebde781a11596519c7a452de26bae83348e3cb54-dirty,1,1,1,1,1,467,random_trajectory,17,0,1,1,6,-8816,0,671,673,native
ebde781a11596519c7a452de26bae83348e3cb54-dirty,1,1,1,1,1,168,heuristic_trajectory,34,0,0,4,3,-2672,0,1538,1540,native
ebde781a11596519c7a452de26bae83348e3cb54-dirty,1,1,1,1,1,768,high_stack_holes,17,0,1,6,11,-10272,0,603,605,native
ebde781a11596519c7a452de26bae83348e3cb54-dirty,1,1,1,1,1,468,random_trajectory,34,0,0,0,0,-3216,0,1538,1540,native
ebde781a11596519c7a452de26bae83348e3cb54-dirty,1,1,1,1,1,169,heuristic_trajectory,17,0,1,6,6,-4640,0,773,775,native
ebde781a11596519c7a452de26bae83348e3cb54-dirty,1,1,1,1,1,769,high_stack_holes,34,0,0,3,18,-13568,0,688,690,native
ebde781a11596519c7a452de26bae83348e3cb54-dirty,1,1,1,1,1,469,random_trajectory,34,0,3,1,6,-7504,0,1538,1540,native
ebde781a11596519c7a452de26bae83348e3cb54-dirty,1,1,1,1,1,170,heuristic_trajectory,34,0,0,1,3,-2288,0,1538,1540,native
ebde781a11596519c7a452de26bae83348e3cb54-dirty,1,1,1,1,1,770,high_stack_holes,34,0,0,6,0,-1248,0,1538,1540,native
ebde781a11596519c7a452de26bae83348e3cb54-dirty,1,1,1,1,1,470,random_trajectory,17,0,0,0,0,-384,0,773,775,native
ebde781a11596519c7a452de26bae83348e3cb54-dirty,1,1,1,1,1,171,heuristic_trajectory,17,0,1,6,6,-4640,0,773,775,native
ebde781a11596519c7a452de26bae83348e3cb54-dirty,1,1,1,1,1,771,high_stack_holes,34,0,1,2,11,-10784,0,1062,1064,native
ebde781a11596519c7a452de26bae83348e3cb54-dirty,1,1,1,1,1,471,random_trajectory,34,0,0,0,0,-2960,0,1538,1540,native
ebde781a11596519c7a452de26bae83348e3cb54-dirty,1,1,1,1,1,172,heuristic_trajectory,34,0,0,1,5,-3840,0,1538,1540,native
ebde781a11596519c7a452de26bae83348e3cb54-dirty,1,1,1,1,1,772,high_stack_holes,34,0,3,6,14,-14624,0,960,962,native
ebde781a11596519c7a452de26bae83348e3cb54-dirty,1,1,1,1,1,472,random_trajectory,17,0,0,0,0,-384,0,773,775,native
ebde781a11596519c7a452de26bae83348e3cb54-dirty,1,1,1,1,1,173,heuristic_trajectory,34,0,3,8,2,-2384,0,1538,1540,native
ebde781a11596519c7a452de26bae83348e3cb54-dirty,1,1,1,1,1,773,high_stack_holes,34,0,2,1,15,-12064,0,1538,1540,native
ebde781a11596519c7a452de26bae83348e3cb54-dirty,1,1,1,1,1,473,random_trajectory,17,0,1,8,0,-3648,0,773,775,native
ebde781a11596519c7a452de26bae83348e3cb54-dirty,1,1,1,1,1,174,heuristic_trajectory,34,0,3,7,1,-848,0,1538,1540,native
ebde781a11596519c7a452de26bae83348e3cb54-dirty,1,1,1,1,1,774,high_stack_holes,34,0,1,7,12,-9872,0,1538,1540,native
ebde781a11596519c7a452de26bae83348e3cb54-dirty,1,1,1,1,1,474,random_trajectory,17,0,1,0,9,-11664,0,399,401,native
ebde781a11596519c7a452de26bae83348e3cb54-dirty,1,1,1,1,1,175,heuristic_trajectory,34,0,1,2,5,-4288,0,1538,1540,native
ebde781a11596519c7a452de26bae83348e3cb54-dirty,1,1,1,1,1,775,high_stack_holes,9,0,0,3,16,-12992,0,209,211,native
ebde781a11596519c7a452de26bae83348e3cb54-dirty,1,1,1,1,1,475,random_trajectory,17,0,1,0,0,-6080,0,773,775,native
ebde781a11596519c7a452de26bae83348e3cb54-dirty,1,1,1,1,1,176,heuristic_trajectory,17,0,1,4,0,-1024,0,773,775,native
ebde781a11596519c7a452de26bae83348e3cb54-dirty,1,1,1,1,1,776,high_stack_holes,9,0,0,2,8,-7136,0,413,415,native
ebde781a11596519c7a452de26bae83348e3cb54-dirty,1,1,1,1,1,476,random_trajectory,34,0,0,0,0,-2960,0,1538,1540,native
ebde781a11596519c7a452de26bae83348e3cb54-dirty,1,1,1,1,1,177,heuristic_trajectory,17,0,0,2,1,-1680,0,773,775,native
ebde781a11596519c7a452de26bae83348e3cb54-dirty,1,1,1,1,1,777,high_stack_holes,17,0,1,6,14,-11280,0,433,435,native
ebde781a11596519c7a452de26bae83348e3cb54-dirty,1,1,1,1,1,477,random_trajectory,17,0,0,0,0,-1680,0,773,775,native
ebde781a11596519c7a452de26bae83348e3cb54-dirty,1,1,1,1,1,178,heuristic_trajectory,17,0,0,0,7,-4896,0,773,775,native
ebde781a11596519c7a452de26bae83348e3cb54-dirty,1,1,1,1,1,778,high_stack_holes,17,0,1,8,17,-14384,0,467,469,native
ebde781a11596519c7a452de26bae83348e3cb54-dirty,1,1,1,1,1,478,random_trajectory,17,0,1,1,6,-8816,0,671,673,native
ebde781a11596519c7a452de26bae83348e3cb54-dirty,1,1,1,1,1,179,heuristic_trajectory,34,0,2,7,0,-1216,0,1538,1540,native
ebde781a11596519c7a452de26bae83348e3cb54-dirty,1,1,1,1,1,779,high_stack_holes,34,0,1,0,12,-9008,0,1538,1540,native
ebde781a11596519c7a452de26bae83348e3cb54-dirty,1,1,1,1,1,479,random_trajectory,34,0,0,4,16,-6400,0,1538,1540,native
ebde781a11596519c7a452de26bae83348e3cb54-dirty,1,1,1,1,1,180,heuristic_trajectory,17,0,1,0,3,-3520,0,773,775,native
ebde781a11596519c7a452de26bae83348e3cb54-dirty,1,1,1,1,1,780,high_stack_holes,9,0,0,2,15,-10624,0,413,415,native
ebde781a11596519c7a452de26bae83348e3cb54-dirty,1,1,1,1,1,480,random_trajectory,17,0,1,5,2,-2496,0,773,775,native
ebde781a11596519c7a452de26bae83348e3cb54-dirty,1,1,1,1,1,181,heuristic_trajectory,9,0,0,3,7,-5456,0,413,415,native
ebde781a11596519c7a452de26bae83348e3cb54-dirty,1,1,1,1,1,781,high_stack_holes,34,0,1,7,15,-13536,0,858,860,native
ebde781a11596519c7a452de26bae83348e3cb54-dirty,1,1,1,1,1,481,random_trajectory,34,0,1,8,4,-11232,0,926,928,native
ebde781a11596519c7a452de26bae83348e3cb54-dirty,1,1,1,1,1,182,heuristic_trajectory,34,0,2,6,5,-4528,0,1538,1540,native
ebde781a11596519c7a452de26bae83348e3cb54-dirty,1,1,1,1,1,782,high_stack_holes,17,0,1,8,5,-5152,0,773,775,native
ebde781a11596519c7a452de26bae83348e3cb54-dirty,1,1,1,1,1,482,random_trajectory,9,0,0,8,14,-14464,0,141,143,native
ebde781a11596519c7a452de26bae83348e3cb54-dirty,1,1,1,1,1,183,heuristic_trajectory,34,0,0,6,2,-1920,0,1538,1540,native
ebde781a11596519c7a452de26bae83348e3cb54-dirty,1,1,1,1,1,783,high_stack_holes,34,0,3,1,13,-11344,0,1096,1098,native
ebde781a11596519c7a452de26bae83348e3cb54-dirty,1,1,1,1,1,483,random_trajectory,34,0,0,0,0,-3216,0,1538,1540,native
ebde781a11596519c7a452de26bae83348e3cb54-dirty,1,1,1,1,1,184,heuristic_trajectory,34,0,3,7,0,-992,0,1538,1540,native
ebde781a11596519c7a452de26bae83348e3cb54-dirty,1,1,1,1,1,784,high_stack_holes,17,0,1,2,1,-12288,0,365,367,native
ebde781a11596519c7a452de26bae83348e3cb54-dirty,1,1,1,1,1,484,random_trajectory,34,0,1,8,4,-11232,0,926,928,native
ebde781a11596519c7a452de26bae83348e3cb54-dirty,1,1,1,1,1,185,heuristic_trajectory,34,0,2,3,2,-2400,0,1538,1540,native
ebde781a11596519c7a452de26bae83348e3cb54-dirty,1,1,1,1,1,785,high_stack_holes,9,0,0,3,12,-9856,0,413,415,native
ebde781a11596519c7a452de26bae83348e3cb54-dirty,1,1,1,1,1,485,random_trajectory,17,0,1,0,9,-11664,0,399,401,native
ebde781a11596519c7a452de26bae83348e3cb54-dirty,1,1,1,1,1,186,heuristic_trajectory,9,0,0,0,3,-3152,0,413,415,native
ebde781a11596519c7a452de26bae83348e3cb54-dirty,1,1,1,1,1,786,high_stack_holes,17,0,1,8,14,-10192,0,637,639,native
ebde781a11596519c7a452de26bae83348e3cb54-dirty,1,1,1,1,1,486,random_trajectory,17,0,1,1,15,-13264,0,297,299,native
ebde781a11596519c7a452de26bae83348e3cb54-dirty,1,1,1,1,1,187,heuristic_trajectory,17,0,1,8,4,-4720,0,773,775,native
ebde781a11596519c7a452de26bae83348e3cb54-dirty,1,1,1,1,1,787,high_stack_holes,17,0,1,5,16,-14496,0,297,299,native
ebde781a11596519c7a452de26bae83348e3cb54-dirty,1,1,1,1,1,487,random_trajectory,34,0,0,0,0,-2960,0,1538,1540,native
ebde781a11596519c7a452de26bae83348e3cb54-dirty,1,1,1,1,1,188,heuristic_trajectory,17,0,1,3,5,-4672,0,773,775,native
ebde781a11596519c7a452de26bae83348e3cb54-dirty,1,1,1,1,1,788,high_stack_holes,34,0,1,6,1,-2576,0,1538,1540,native
ebde781a11596519c7a452de26bae83348e3cb54-dirty,1,1,1,1,1,488,random_trajectory,34,0,0,0,0,-2960,0,1538,1540,native
ebde781a11596519c7a452de26bae83348e3cb54-dirty,1,1,1,1,1,189,heuristic_trajectory,34,0,2,3,6,-4816,0,1538,1540,native
ebde781a11596519c7a452de26bae83348e3cb54-dirty,1,1,1,1,1,789,high_stack_holes,17,0,1,4,12,-10992,0,569,571,native
ebde781a11596519c7a452de26bae83348e3cb54-dirty,1,1,1,1,1,489,random_trajectory,17,0,1,0,9,-11664,0,399,401,native
ebde781a11596519c7a452de26bae83348e3cb54-dirty,1,1,1,1,1,190,heuristic_trajectory,17,0,0,6,4,-4064,0,773,775,native
ebde781a11596519c7a452de26bae83348e3cb54-dirty,1,1,1,1,1,790,high_stack_holes,17,0,1,3,11,-13376,0,399,401,native
ebde781a11596519c7a452de26bae83348e3cb54-dirty,1,1,1,1,1,490,random_trajectory,9,0,0,8,14,-14464,0,141,143,native
ebde781a11596519c7a452de26bae83348e3cb54-dirty,1,1,1,1,1,191,heuristic_trajectory,34,0,3,8,2,-1600,0,1538,1540,native
ebde781a11596519c7a452de26bae83348e3cb54-dirty,1,1,1,1,1,791,high_stack_holes,9,0,0,1,15,-12320,0,413,415,native
ebde781a11596519c7a452de26bae83348e3cb54-dirty,1,1,1,1,1,491,random_trajectory,34,0,0,0,0,-4960,0,1538,1540,native
ebde781a11596519c7a452de26bae83348e3cb54-dirty,1,1,1,1,1,192,heuristic_trajectory,17,0,0,0,2,-1568,0,773,775,native
ebde781a11596519c7a452de26bae83348e3cb54-dirty,1,1,1,1,1,792,high_stack_holes,17,0,1,6,14,-10992,0,501,503,native
ebde781a11596519c7a452de26bae83348e3cb54-dirty,1,1,1,1,1,492,random_trajectory,34,0,1,0,11,-12800,0,518,520,native
ebde781a11596519c7a452de26bae83348e3cb54-dirty,1,1,1,1,1,193,heuristic_trajectory,34,0,3,8,2,-1600,0,1538,1540,native
ebde781a11596519c7a452de26bae83348e3cb54-dirty,1,1,1,1,1,793,high_stack_holes,34,0,3,5,3,-11888,0,960,962,native
ebde781a11596519c7a452de26bae83348e3cb54-dirty,1,1,1,1,1,493,random_trajectory,17,0,1,2,6,-9616,0,501,503,native
ebde781a11596519c7a452de26bae83348e3cb54-dirty,1,1,1,1,1,194,heuristic_trajectory,17,0,0,2,2,-2464,0,773,775,native
ebde781a11596519c7a452de26bae83348e3cb54-dirty,1,1,1,1,1,794,high_stack_holes,17,0,0,4,0,-480,0,773,775,native
ebde781a11596519c7a452de26bae83348e3cb54-dirty,1,1,1,1,1,494,random_trajectory,34,0,3,1,6,-7504,0,1538,1540,native
ebde781a11596519c7a452de26bae83348e3cb54-dirty,1,1,1,1,1,195,heuristic_trajectory,17,0,1,0,4,-2720,0,773,775,native
ebde781a11596519c7a452de26bae83348e3cb54-dirty,1,1,1,1,1,795,high_stack_holes,17,0,1,2,12,-10672,0,705,707,native
ebde781a11596519c7a452de26bae83348e3cb54-dirty,1,1,1,1,1,495,random_trajectory,34,0,0,0,0,-4960,0,1538,1540,native
ebde781a11596519c7a452de26bae83348e3cb54-dirty,1,1,1,1,1,196,heuristic_trajectory,17,0,0,1,4,-2784,0,773,775,native
ebde781a11596519c7a452de26bae83348e3cb54-dirty,1,1,1,1,1,796,high_stack_holes,17,0,1,6,16,-13152,0,569,571,native
ebde781a11596519c7a452de26bae83348e3cb54-dirty,1,1,1,1,1,496,random_trajectory,9,0,0,8,0,-2208,0,413,415,native
ebde781a11596519c7a452de26bae83348e3cb54-dirty,1,1,1,1,1,197,heuristic_trajectory,9,0,0,3,7,-4448,0,413,415,native
ebde781a11596519c7a452de26bae83348e3cb54-dirty,1,1,1,1,1,797,high_stack_holes,34,0,2,7,4,-3568,0,1538,1540,native
ebde781a11596519c7a452de26bae83348e3cb54-dirty,1,1,1,1,1,497,random_trajectory,17,0,1,8,16,-14784,0,229,231,native
ebde781a11596519c7a452de26bae83348e3cb54-dirty,1,1,1,1,1,198,heuristic_trajectory,17,0,1,5,4,-3888,0,773,775,native
ebde781a11596519c7a452de26bae83348e3cb54-dirty,1,1,1,1,1,798,high_stack_holes,17,0,1,5,12,-11232,0,671,673,native
ebde781a11596519c7a452de26bae83348e3cb54-dirty,1,1,1,1,1,498,random_trajectory,17,0,1,1,15,-13264,0,297,299,native
ebde781a11596519c7a452de26bae83348e3cb54-dirty,1,1,1,1,1,199,heuristic_trajectory,34,0,0,1,9,-5856,0,1538,1540,native
ebde781a11596519c7a452de26bae83348e3cb54-dirty,1,1,1,1,1,799,high_stack_holes,17,0,1,5,7,-14048,0,637,639,native
ebde781a11596519c7a452de26bae83348e3cb54-dirty,1,1,1,1,1,499,random_trajectory,17,0,0,2,18,-12016,0,365,367,native
ebde781a11596519c7a452de26bae83348e3cb54-dirty,1,1,1,1,1,200,heuristic_trajectory,17,0,1,4,3,-2944,0,773,775,native
ebde781a11596519c7a452de26bae83348e3cb54-dirty,1,1,1,1,1,500,random_trajectory,34,0,3,3,0,-4672,0,1538,1540,native
ebde781a11596519c7a452de26bae83348e3cb54-dirty,1,1,1,1,1,201,heuristic_trajectory,17,0,1,8,2,-2704,0,773,775,native
ebde781a11596519c7a452de26bae83348e3cb54-dirty,1,1,1,1,1,501,random_trajectory,34,0,0,0,0,-304,0,1538,1540,native
ebde781a11596519c7a452de26bae83348e3cb54-dirty,1,1,1,1,1,202,heuristic_trajectory,17,0,1,0,4,-3792,0,773,775,native
ebde781a11596519c7a452de26bae83348e3cb54-dirty,1,1,1,1,1,502,random_trajectory,34,0,2,0,4,-10288,0,688,690,native
ebde781a11596519c7a452de26bae83348e3cb54-dirty,1,1,1,1,1,203,heuristic_trajectory,9,0,0,6,4,-2672,0,413,415,native
ebde781a11596519c7a452de26bae83348e3cb54-dirty,1,1,1,1,1,503,random_trajectory,17,0,1,0,10,-11792,0,331,333,native
ebde781a11596519c7a452de26bae83348e3cb54-dirty,1,1,1,1,1,204,heuristic_trajectory,34,0,1,6,2,-1968,0,1538,1540,native
ebde781a11596519c7a452de26bae83348e3cb54-dirty,1,1,1,1,1,504,random_trajectory,17,0,1,3,0,-2368,0,773,775,native
ebde781a11596519c7a452de26bae83348e3cb54-dirty,1,1,1,1,1,205,heuristic_trajectory,34,0,2,2,5,-3712,0,1538,1540,native
ebde781a11596519c7a452de26bae83348e3cb54-dirty,1,1,1,1,1,505,random_trajectory,9,0,0,8,5,-10000,0,277,279,native
ebde781a11596519c7a452de26bae83348e3cb54-dirty,1,1,1,1,1,206,heuristic_trajectory,34,0,2,5,0,-720,0,1538,1540,native
ebde781a11596519c7a452de26bae83348e3cb54-dirty,1,1,1,1,1,506,random_trajectory,34,0,3,1,8,-11120,0,688,690,native
ebde781a11596519c7a452de26bae83348e3cb54-dirty,1,1,1,1,1,207,heuristic_trajectory,34,0,2,0,9,-6144,0,1538,1540,native
ebde781a11596519c7a452de26bae83348e3cb54-dirty,1,1,1,1,1,507,random_trajectory,34,0,3,8,10,-13248,0,688,690,native
ebde781a11596519c7a452de26bae83348e3cb54-dirty,1,1,1,1,1,208,heuristic_trajectory,34,0,1,0,4,-3808,0,1538,1540,native
ebde781a11596519c7a452de26bae83348e3cb54-dirty,1,1,1,1,1,508,random_trajectory,17,0,1,5,4,-1472,0,773,775,native
ebde781a11596519c7a452de26bae83348e3cb54-dirty,1,1,1,1,1,209,heuristic_trajectory,17,0,0,3,8,-5680,0,773,775,native
ebde781a11596519c7a452de26bae83348e3cb54-dirty,1,1,1,1,1,509,random_trajectory,34,0,1,3,0,-5088,0,1538,1540,native
ebde781a11596519c7a452de26bae83348e3cb54-dirty,1,1,1,1,1,210,heuristic_trajectory,17,0,1,0,5,-3808,0,773,775,native
ebde781a11596519c7a452de26bae83348e3cb54-dirty,1,1,1,1,1,510,random_trajectory,17,0,1,3,0,-2368,0,773,775,native
ebde781a11596519c7a452de26bae83348e3cb54-dirty,1,1,1,1,1,211,heuristic_trajectory,17,0,1,3,6,-4880,0,773,775,native
ebde781a11596519c7a452de26bae83348e3cb54-dirty,1,1,1,1,1,511,random_trajectory,34,0,3,8,10,-13248,0,688,690,native
ebde781a11596519c7a452de26bae83348e3cb54-dirty,1,1,1,1,1,212,heuristic_trajectory,17,0,0,5,1,-912,0,773,775,native
ebde781a11596519c7a452de26bae83348e3cb54-dirty,1,1,1,1,1,512,random_trajectory,34,0,3,5,17,-8240,0,1198,1200,native
ebde781a11596519c7a452de26bae83348e3cb54-dirty,1,1,1,1,1,213,heuristic_trajectory,17,0,1,6,2,-3440,0,773,775,native
ebde781a11596519c7a452de26bae83348e3cb54-dirty,1,1,1,1,1,513,random_trajectory,34,0,1,3,0,-5344,0,1538,1540,native
ebde781a11596519c7a452de26bae83348e3cb54-dirty,1,1,1,1,1,214,heuristic_trajectory,17,0,1,6,4,-3728,0,773,775,native
ebde781a11596519c7a452de26bae83348e3cb54-dirty,1,1,1,1,1,514,random_trajectory,34,0,0,0,0,-304,0,1538,1540,native
ebde781a11596519c7a452de26bae83348e3cb54-dirty,1,1,1,1,1,215,heuristic_trajectory,34,0,3,1,3,-2960,0,1538,1540,native
ebde781a11596519c7a452de26bae83348e3cb54-dirty,1,1,1,1,1,515,random_trajectory,34,0,1,3,0,-5344,0,1538,1540,native
ebde781a11596519c7a452de26bae83348e3cb54-dirty,1,1,1,1,1,216,heuristic_trajectory,17,0,1,0,2,-1760,0,773,775,native
ebde781a11596519c7a452de26bae83348e3cb54-dirty,1,1,1,1,1,516,random_trajectory,17,0,1,3,0,-2368,0,773,775,native
ebde781a11596519c7a452de26bae83348e3cb54-dirty,1,1,1,1,1,217,heuristic_trajectory,34,0,0,6,3,-2800,0,1538,1540,native
ebde781a11596519c7a452de26bae83348e3cb54-dirty,1,1,1,1,1,517,random_trajectory,17,0,1,3,0,-2368,0,773,775,native
ebde781a11596519c7a452de26bae83348e3cb54-dirty,1,1,1,1,1,218,heuristic_trajectory,17,0,1,0,4,-2880,0,773,775,native
ebde781a11596519c7a452de26bae83348e3cb54-dirty,1,1,1,1,1,518,random_trajectory,17,0,1,5,4,-1472,0,773,775,native
ebde781a11596519c7a452de26bae83348e3cb54-dirty,1,1,1,1,1,219,heuristic_trajectory,34,0,2,1,0,-592,0,1538,1540,native
ebde781a11596519c7a452de26bae83348e3cb54-dirty,1,1,1,1,1,519,random_trajectory,34,0,3,4,0,-704,0,1538,1540,native
ebde781a11596519c7a452de26bae83348e3cb54-dirty,1,1,1,1,1,220,heuristic_trajectory,34,0,1,1,3,-2496,0,1538,1540,native
ebde781a11596519c7a452de26bae83348e3cb54-dirty,1,1,1,1,1,520,random_trajectory,34,0,2,0,4,-10288,0,688,690,native
ebde781a11596519c7a452de26bae83348e3cb54-dirty,1,1,1,1,1,221,heuristic_trajectory,34,0,2,7,2,-2720,0,1538,1540,native
ebde781a11596519c7a452de26bae83348e3cb54-dirty,1,1,1,1,1,521,random_trajectory,34,0,1,8,17,-14160,0,654,656,native
ebde781a11596519c7a452de26bae83348e3cb54-dirty,1,1,1,1,1,222,heuristic_trajectory,17,0,0,3,3,-3040,0,773,775,native
ebde781a11596519c7a452de26bae83348e3cb54-dirty,1,1,1,1,1,522,random_trajectory,17,0,1,0,10,-11792,0,331,333,native
ebde781a11596519c7a452de26bae83348e3cb54-dirty,1,1,1,1,1,223,heuristic_trajectory,17,0,1,2,2,-1728,0,773,775,native
ebde781a11596519c7a452de26bae83348e3cb54-dirty,1,1,1,1,1,523,random_trajectory,34,0,1,8,0,-3216,0,1538,1540,native
ebde781a11596519c7a452de26bae83348e3cb54-dirty,1,1,1,1,1,224,heuristic_trajectory,34,0,2,7,4,-4016,0,1538,1540,native
ebde781a11596519c7a452de26bae83348e3cb54-dirty,1,1,1,1,1,524,random_trajectory,9,0,0,0,18,-14576,0,175,177,native
ebde781a11596519c7a452de26bae83348e3cb54-dirty,1,1,1,1,1,225,heuristic_trajectory,17,0,0,0,5,-3632,0,773,775,native
ebde781a11596519c7a452de26bae83348e3cb54-dirty,1,1,1,1,1,525,random_trajectory,17,0,1,3,0,-2368,0,773,775,native
ebde781a11596519c7a452de26bae83348e3cb54-dirty,1,1,1,1,1,226,heuristic_trajectory,34,0,0,4,2,-1936,0,1538,1540,native
ebde781a11596519c7a452de26bae83348e3cb54-dirty,1,1,1,1,1,526,random_trajectory,17,0,0,0,13,-13008,0,331,333,native
ebde781a11596519c7a452de26bae83348e3cb54-dirty,1,1,1,1,1,227,heuristic_trajectory,34,0,2,6,3,-2400,0,1538,1540,native
ebde781a11596519c7a452de26bae83348e3cb54-dirty,1,1,1,1,1,527,random_trajectory,34,0,1,3,0,-5344,0,1538,1540,native
ebde781a11596519c7a452de26bae83348e3cb54-dirty,1,1,1,1,1,228,heuristic_trajectory,34,0,1,0,0,-880,0,1538,1540,native
ebde781a11596519c7a452de26bae83348e3cb54-dirty,1,1,1,1,1,528,random_trajectory,17,0,1,2,12,-13760,0,399,401,native
ebde781a11596519c7a452de26bae83348e3cb54-dirty,1,1,1,1,1,229,heuristic_trajectory,17,0,0,0,4,-3520,0,773,775,native
ebde781a11596519c7a452de26bae83348e3cb54-dirty,1,1,1,1,1,529,random_trajectory,9,0,0,5,17,-7936,0,345,347,native
ebde781a11596519c7a452de26bae83348e3cb54-dirty,1,1,1,1,1,230,heuristic_trajectory,17,0,0,5,3,-3056,0,773,775,native
ebde781a11596519c7a452de26bae83348e3cb54-dirty,1,1,1,1,1,530,random_trajectory,34,0,1,3,0,-5344,0,1538,1540,native
ebde781a11596519c7a452de26bae83348e3cb54-dirty,1,1,1,1,1,231,heuristic_trajectory,17,0,0,2,3,-2288,0,773,775,native
ebde781a11596519c7a452de26bae83348e3cb54-dirty,1,1,1,1,1,531,random_trajectory,34,0,1,8,17,-14160,0,654,656,native
ebde781a11596519c7a452de26bae83348e3cb54-dirty,1,1,1,1,1,232,heuristic_trajectory,9,0,0,1,5,-4272,0,413,415,native
ebde781a11596519c7a452de26bae83348e3cb54-dirty,1,1,1,1,1,532,random_trajectory,17,0,0,0,13,-13008,0,331,333,native
ebde781a11596519c7a452de26bae83348e3cb54-dirty,1,1,1,1,1,233,heuristic_trajectory,34,0,1,2,0,-1264,0,1538,1540,native
ebde781a11596519c7a452de26bae83348e3cb54-dirty,1,1,1,1,1,533,random_trajectory,17,0,1,8,13,-13632,0,365,367,native
ebde781a11596519c7a452de26bae83348e3cb54-dirty,1,1,1,1,1,234,heuristic_trajectory,17,0,0,1,1,-1712,0,773,775,native
ebde781a11596519c7a452de26bae83348e3cb54-dirty,1,1,1,1,1,534,random_trajectory,34,0,3,5,17,-8240,0,1198,1200,native
ebde781a11596519c7a452de26bae83348e3cb54-dirty,1,1,1,1,1,235,heuristic_trajectory,17,0,0,4,5,-4080,0,773,775,native
ebde781a11596519c7a452de26bae83348e3cb54-dirty,1,1,1,1,1,535,random_trajectory,17,0,1,5,17,-7648,0,603,605,native
ebde781a11596519c7a452de26bae83348e3cb54-dirty,1,1,1,1,1,236,heuristic_trajectory,17,0,1,4,1,-2064,0,773,775,native
ebde781a11596519c7a452de26bae83348e3cb54-dirty,1,1,1,1,1,536,random_trajectory,17,0,1,0,4,-10704,0,399,401,native
ebde781a11596519c7a452de26bae83348e3cb54-dirty,1,1,1,1,1,237,heuristic_trajectory,17,0,1,0,1,-1392,0,773,775,native
ebde781a11596519c7a452de26bae83348e3cb54-dirty,1,1,1,1,1,537,random_trajectory,17,0,1,3,0,-2368,0,773,775,native
ebde781a11596519c7a452de26bae83348e3cb54-dirty,1,1,1,1,1,238,heuristic_trajectory,34,0,3,7,0,-1456,0,1538,1540,native
ebde781a11596519c7a452de26bae83348e3cb54-dirty,1,1,1,1,1,538,random_trajectory,17,0,1,0,4,-10704,0,399,401,native
ebde781a11596519c7a452de26bae83348e3cb54-dirty,1,1,1,1,1,239,heuristic_trajectory,34,0,3,7,2,-1584,0,1538,1540,native
ebde781a11596519c7a452de26bae83348e3cb54-dirty,1,1,1,1,1,539,random_trajectory,34,0,0,0,0,-304,0,1538,1540,native
ebde781a11596519c7a452de26bae83348e3cb54-dirty,1,1,1,1,1,240,heuristic_trajectory,17,0,1,6,2,-3440,0,773,775,native
ebde781a11596519c7a452de26bae83348e3cb54-dirty,1,1,1,1,1,540,random_trajectory,34,0,2,0,4,-10288,0,688,690,native
ebde781a11596519c7a452de26bae83348e3cb54-dirty,1,1,1,1,1,241,heuristic_trajectory,34,0,1,4,5,-3712,0,1538,1540,native
ebde781a11596519c7a452de26bae83348e3cb54-dirty,1,1,1,1,1,541,random_trajectory,34,0,0,0,0,0,1,382,384,native
ebde781a11596519c7a452de26bae83348e3cb54-dirty,1,1,1,1,1,242,heuristic_trajectory,34,0,2,1,4,-3584,0,1538,1540,native
ebde781a11596519c7a452de26bae83348e3cb54-dirty,1,1,1,1,1,542,random_trajectory,9,0,0,0,18,-14576,0,175,177,native
ebde781a11596519c7a452de26bae83348e3cb54-dirty,1,1,1,1,1,243,heuristic_trajectory,17,0,0,4,6,-4576,0,773,775,native
ebde781a11596519c7a452de26bae83348e3cb54-dirty,1,1,1,1,1,543,random_trajectory,17,0,1,3,0,-2368,0,773,775,native
ebde781a11596519c7a452de26bae83348e3cb54-dirty,1,1,1,1,1,244,heuristic_trajectory,34,0,3,8,7,-6096,0,1538,1540,native
ebde781a11596519c7a452de26bae83348e3cb54-dirty,1,1,1,1,1,544,random_trajectory,34,0,1,8,17,-14160,0,654,656,native
ebde781a11596519c7a452de26bae83348e3cb54-dirty,1,1,1,1,1,245,heuristic_trajectory,34,0,3,0,2,-1856,0,1538,1540,native
ebde781a11596519c7a452de26bae83348e3cb54-dirty,1,1,1,1,1,545,random_trajectory,17,0,1,0,10,-11792,0,331,333,native
ebde781a11596519c7a452de26bae83348e3cb54-dirty,1,1,1,1,1,246,heuristic_trajectory,34,0,0,4,6,-5040,0,1538,1540,native
ebde781a11596519c7a452de26bae83348e3cb54-dirty,1,1,1,1,1,546,random_trajectory,34,0,2,0,4,-10288,0,688,690,native
ebde781a11596519c7a452de26bae83348e3cb54-dirty,1,1,1,1,1,247,heuristic_trajectory,17,0,1,0,5,-4592,0,773,775,native
ebde781a11596519c7a452de26bae83348e3cb54-dirty,1,1,1,1,1,547,random_trajectory,17,0,1,5,17,-7648,0,603,605,native
ebde781a11596519c7a452de26bae83348e3cb54-dirty,1,1,1,1,1,248,heuristic_trajectory,34,0,2,0,3,-2688,0,1538,1540,native
ebde781a11596519c7a452de26bae83348e3cb54-dirty,1,1,1,1,1,548,random_trajectory,17,0,1,0,4,-10704,0,399,401,native
ebde781a11596519c7a452de26bae83348e3cb54-dirty,1,1,1,1,1,249,heuristic_trajectory,34,0,0,7,2,-1552,0,1538,1540,native
ebde781a11596519c7a452de26bae83348e3cb54-dirty,1,1,1,1,1,549,random_trajectory,17,0,1,0,4,-10704,0,399,401,native
ebde781a11596519c7a452de26bae83348e3cb54-dirty,1,1,1,1,1,250,heuristic_trajectory,17,0,1,4,2,-2576,0,773,775,native
ebde781a11596519c7a452de26bae83348e3cb54-dirty,1,1,1,1,1,550,random_trajectory,34,0,2,0,18,-13648,0,994,996,native
ebde781a11596519c7a452de26bae83348e3cb54-dirty,1,1,1,1,1,251,heuristic_trajectory,17,0,1,5,0,-1904,0,773,775,native
ebde781a11596519c7a452de26bae83348e3cb54-dirty,1,1,1,1,1,551,random_trajectory,34,0,2,4,17,-14816,0,688,690,native
ebde781a11596519c7a452de26bae83348e3cb54-dirty,1,1,1,1,1,252,heuristic_trajectory,34,0,1,5,3,-2400,0,1538,1540,native
ebde781a11596519c7a452de26bae83348e3cb54-dirty,1,1,1,1,1,552,random_trajectory,34,0,2,1,18,-15392,0,416,418,native
ebde781a11596519c7a452de26bae83348e3cb54-dirty,1,1,1,1,1,253,heuristic_trajectory,34,0,2,5,1,-1984,0,1538,1540,native
ebde781a11596519c7a452de26bae83348e3cb54-dirty,1,1,1,1,1,553,random_trajectory,9,0,0,7,10,-5696,0,413,415,native
ebde781a11596519c7a452de26bae83348e3cb54-dirty,1,1,1,1,1,254,heuristic_trajectory,34,0,1,2,2,-2032,0,1538,1540,native
ebde781a11596519c7a452de26bae83348e3cb54-dirty,1,1,1,1,1,554,random_trajectory,9,0,0,0,0,-288,0,413,415,native
ebde781a11596519c7a452de26bae83348e3cb54-dirty,1,1,1,1,1,255,heuristic_trajectory,17,0,1,0,2,-1904,0,773,775,native
ebde781a11596519c7a452de26bae83348e3cb54-dirty,1,1,1,1,1,555,random_trajectory,17,0,1,1,4,-4320,0,773,775,native
ebde781a11596519c7a452de26bae83348e3cb54-dirty,1,1,1,1,1,256,heuristic_trajectory,17,0,0,6,2,-1456,0,773,775,native
ebde781a11596519c7a452de26bae83348e3cb54-dirty,1,1,1,1,1,556,random_trajectory,17,0,0,1,18,-12576,0,637,639,native
ebde781a11596519c7a452de26bae83348e3cb54-dirty,1,1,1,1,1,257,heuristic_trajectory,34,0,1,2,2,-2032,0,1538,1540,native
ebde781a11596519c7a452de26bae83348e3cb54-dirty,1,1,1,1,1,557,random_trajectory,17,0,1,8,9,-8384,0,773,775,native
ebde781a11596519c7a452de26bae83348e3cb54-dirty,1,1,1,1,1,258,heuristic_trajectory,17,0,1,2,2,-2528,0,773,775,native
ebde781a11596519c7a452de26bae83348e3cb54-dirty,1,1,1,1,1,558,random_trajectory,17,0,0,1,18,-12576,0,637,639,native
ebde781a11596519c7a452de26bae83348e3cb54-dirty,1,1,1,1,1,259,heuristic_trajectory,9,0,0,5,2,-2416,0,413,415,native
ebde781a11596519c7a452de26bae83348e3cb54-dirty,1,1,1,1,1,559,random_trajectory,34,0,2,1,18,-15392,0,416,418,native
ebde781a11596519c7a452de26bae83348e3cb54-dirty,1,1,1,1,1,260,heuristic_trajectory,34,0,3,7,1,-1712,0,1538,1540,native
ebde781a11596519c7a452de26bae83348e3cb54-dirty,1,1,1,1,1,560,random_trajectory,17,0,1,2,0,-2336,0,773,775,native
ebde781a11596519c7a452de26bae83348e3cb54-dirty,1,1,1,1,1,261,heuristic_trajectory,17,0,0,4,4,-3216,0,773,775,native
ebde781a11596519c7a452de26bae83348e3cb54-dirty,1,1,1,1,1,561,random_trajectory,34,0,2,1,13,-10016,0,1538,1540,native
ebde781a11596519c7a452de26bae83348e3cb54-dirty,1,1,1,1,1,262,heuristic_trajectory,17,0,1,9,0,-2000,0,773,775,native
ebde781a11596519c7a452de26bae83348e3cb54-dirty,1,1,1,1,1,562,random_trajectory,34,0,3,3,5,-5248,0,1538,1540,native
ebde781a11596519c7a452de26bae83348e3cb54-dirty,1,1,1,1,1,263,heuristic_trajectory,34,0,3,4,3,-2576,0,1538,1540,native
ebde781a11596519c7a452de26bae83348e3cb54-dirty,1,1,1,1,1,563,random_trajectory,9,0,0,7,10,-5696,0,413,415,native
ebde781a11596519c7a452de26bae83348e3cb54-dirty,1,1,1,1,1,264,heuristic_trajectory,34,0,0,3,0,-576,0,1538,1540,native
ebde781a11596519c7a452de26bae83348e3cb54-dirty,1,1,1,1,1,564,random_trajectory,9,0,0,7,10,-5696,0,413,415,native
ebde781a11596519c7a452de26bae83348e3cb54-dirty,1,1,1,1,1,265,heuristic_trajectory,9,0,0,4,0,-848,0,413,415,native
ebde781a11596519c7a452de26bae83348e3cb54-dirty,1,1,1,1,1,565,random_trajectory,9,0,0,3,14,-10464,0,413,415,native
ebde781a11596519c7a452de26bae83348e3cb54-dirty,1,1,1,1,1,266,heuristic_trajectory,17,0,1,5,3,-3184,0,773,775,native
ebde781a11596519c7a452de26bae83348e3cb54-dirty,1,1,1,1,1,566,random_trajectory,17,0,1,8,9,-8384,0,773,775,native
ebde781a11596519c7a452de26bae83348e3cb54-dirty,1,1,1,1,1,267,heuristic_trajectory,34,0,1,0,0,-880,0,1538,1540,native
ebde781a11596519c7a452de26bae83348e3cb54-dirty,1,1,1,1,1,567,random_trajectory,17,0,1,5,7,-13312,0,535,537,native
ebde781a11596519c7a452de26bae83348e3cb54-dirty,1,1,1,1,1,268,heuristic_trajectory,17,0,0,5,2,-1776,0,773,775,native
ebde781a11596519c7a452de26bae83348e3cb54-dirty,1,1,1,1,1,568,random_trajectory,34,0,2,4,17,-14816,0,688,690,native
ebde781a11596519c7a452de26bae83348e3cb54-dirty,1,1,1,1,1,269,heuristic_trajectory,34,0,2,0,2,-2192,0,1538,1540,native
ebde781a11596519c7a452de26bae83348e3cb54-dirty,1,1,1,1,1,569,random_trajectory,17,0,1,6,0,-7904,0,773,775,native
ebde781a11596519c7a452de26bae83348e3cb54-dirty,1,1,1,1,1,270,heuristic_trajectory,17,0,1,4,1,-2064,0,773,775,native
ebde781a11596519c7a452de26bae83348e3cb54-dirty,1,1,1,1,1,570,random_trajectory,34,0,2,1,13,-10016,0,1538,1540,native
ebde781a11596519c7a452de26bae83348e3cb54-dirty,1,1,1,1,1,271,heuristic_trajectory,17,0,1,2,3,-2320,0,773,775,native
ebde781a11596519c7a452de26bae83348e3cb54-dirty,1,1,1,1,1,571,random_trajectory,17,0,1,2,0,-2336,0,773,775,native
ebde781a11596519c7a452de26bae83348e3cb54-dirty,1,1,1,1,1,272,heuristic_trajectory,34,0,3,8,2,-1712,0,1538,1540,native
ebde781a11596519c7a452de26bae83348e3cb54-dirty,1,1,1,1,1,572,random_trajectory,34,0,2,1,18,-15392,0,416,418,native
ebde781a11596519c7a452de26bae83348e3cb54-dirty,1,1,1,1,1,273,heuristic_trajectory,17,0,0,4,1,-2096,0,773,775,native
ebde781a11596519c7a452de26bae83348e3cb54-dirty,1,1,1,1,1,573,random_trajectory,34,0,3,8,9,-11984,0,1300,1302,native
ebde781a11596519c7a452de26bae83348e3cb54-dirty,1,1,1,1,1,274,heuristic_trajectory,9,0,0,0,4,-2416,0,413,415,native
ebde781a11596519c7a452de26bae83348e3cb54-dirty,1,1,1,1,1,574,random_trajectory,17,0,1,8,9,-8384,0,773,775,native
ebde781a11596519c7a452de26bae83348e3cb54-dirty,1,1,1,1,1,275,heuristic_trajectory,34,0,2,0,3,-2688,0,1538,1540,native
ebde781a11596519c7a452de26bae83348e3cb54-dirty,1,1,1,1,1,575,random_trajectory,9,0,0,3,14,-10464,0,413,415,native
ebde781a11596519c7a452de26bae83348e3cb54-dirty,1,1,1,1,1,276,heuristic_trajectory,17,0,0,7,4,-3408,0,773,775,native
ebde781a11596519c7a452de26bae83348e3cb54-dirty,1,1,1,1,1,576,random_trajectory,34,0,2,0,18,-13648,0,994,996,native
ebde781a11596519c7a452de26bae83348e3cb54-dirty,1,1,1,1,1,277,heuristic_trajectory,34,0,1,1,3,-2624,0,1538,1540,native
ebde781a11596519c7a452de26bae83348e3cb54-dirty,1,1,1,1,1,577,random_trajectory,17,0,1,2,0,-2336,0,773,775,native
ebde781a11596519c7a452de26bae83348e3cb54-dirty,1,1,1,1,1,278,heuristic_trajectory,17,0,1,3,1,-1104,0,773,775,native
ebde781a11596519c7a452de26bae83348e3cb54-dirty,1,1,1,1,1,578,random_trajectory,17,0,1,2,0,-2336,0,773,775,native
ebde781a11596519c7a452de26bae83348e3cb54-dirty,1,1,1,1,1,279,heuristic_trajectory,34,0,1,6,2,-1968,0,1538,1540,native
ebde781a11596519c7a452de26bae83348e3cb54-dirty,1,1,1,1,1,579,random_trajectory,34,0,3,3,5,-5248,0,1538,1540,native
ebde781a11596519c7a452de26bae83348e3cb54-dirty,1,1,1,1,1,280,heuristic_trajectory,17,0,1,2,2,-2992,0,773,775,native
ebde781a11596519c7a452de26bae83348e3cb54-dirty,1,1,1,1,1,580,random_trajectory,17,0,1,1,4,-4320,0,773,775,native
ebde781a11596519c7a452de26bae83348e3cb54-dirty,1,1,1,1,1,281,heuristic_trajectory,17,0,0,2,4,-3376,0,773,775,native
ebde781a11596519c7a452de26bae83348e3cb54-dirty,1,1,1,1,1,581,random_trajectory,34,0,2,1,13,-10016,0,1538,1540,native
ebde781a11596519c7a452de26bae83348e3cb54-dirty,1,1,1,1,1,282,heuristic_trajectory,34,0,3,7,0,-2160,0,1538,1540,native
ebde781a11596519c7a452de26bae83348e3cb54-dirty,1,1,1,1,1,582,random_trajectory,17,0,0,1,18,-12576,0,637,639,native
ebde781a11596519c7a452de26bae83348e3cb54-dirty,1,1,1,1,1,283,heuristic_trajectory,9,0,0,2,5,-3248,0,413,415,native
ebde781a11596519c7a452de26bae83348e3cb54-dirty,1,1,1,1,1,583,random_trajectory,34,0,2,7,9,-6624,0,1538,1540,native
ebde781a11596519c7a452de26bae83348e3cb54-dirty,1,1,1,1,1,284,heuristic_trajectory,34,0,2,0,3,-2688,0,1538,1540,native
ebde781a11596519c7a452de26bae83348e3cb54-dirty,1,1,1,1,1,584,random_trajectory,34,0,3,8,0,-896,0,1538,1540,native
ebde781a11596519c7a452de26bae83348e3cb54-dirty,1,1,1,1,1,285,heuristic_trajectory,9,0,0,6,4,-2672,0,413,415,native
ebde781a11596519c7a452de26bae83348e3cb54-dirty,1,1,1,1,1,585,random_trajectory,34,0,3,8,0,-896,0,1538,1540,native
ebde781a11596519c7a452de26bae83348e3cb54-dirty,1,1,1,1,1,286,heuristic_trajectory,17,0,1,0,4,-4048,0,773,775,native
ebde781a11596519c7a452de26bae83348e3cb54-dirty,1,1,1,1,1,586,random_trajectory,34,0,3,8,0,-896,0,1538,1540,native
ebde781a11596519c7a452de26bae83348e3cb54-dirty,1,1,1,1,1,287,heuristic_trajectory,34,0,3,2,0,-1264,0,1538,1540,native
ebde781a11596519c7a452de26bae83348e3cb54-dirty,1,1,1,1,1,587,random_trajectory,17,0,1,6,0,-1424,0,773,775,native
ebde781a11596519c7a452de26bae83348e3cb54-dirty,1,1,1,1,1,288,heuristic_trajectory,17,0,0,0,5,-3632,0,773,775,native
ebde781a11596519c7a452de26bae83348e3cb54-dirty,1,1,1,1,1,588,random_trajectory,17,0,1,6,0,-7904,0,773,775,native
ebde781a11596519c7a452de26bae83348e3cb54-dirty,1,1,1,1,1,289,heuristic_trajectory,34,0,3,2,0,-1264,0,1538,1540,native
ebde781a11596519c7a452de26bae83348e3cb54-dirty,1,1,1,1,1,589,random_trajectory,17,0,1,6,0,-7904,0,773,775,native
ebde781a11596519c7a452de26bae83348e3cb54-dirty,1,1,1,1,1,290,heuristic_trajectory,9,0,0,7,4,-2864,0,413,415,native
ebde781a11596519c7a452de26bae83348e3cb54-dirty,1,1,1,1,1,590,random_trajectory,34,0,2,7,9,-6624,0,1538,1540,native
ebde781a11596519c7a452de26bae83348e3cb54-dirty,1,1,1,1,1,291,heuristic_trajectory,9,0,0,5,4,-3376,0,413,415,native
ebde781a11596519c7a452de26bae83348e3cb54-dirty,1,1,1,1,1,591,random_trajectory,17,0,1,6,0,-1424,0,773,775,native
ebde781a11596519c7a452de26bae83348e3cb54-dirty,1,1,1,1,1,292,heuristic_trajectory,17,0,1,6,5,-4080,0,773,775,native
ebde781a11596519c7a452de26bae83348e3cb54-dirty,1,1,1,1,1,592,random_trajectory,9,0,0,7,10,-5696,0,413,415,native
ebde781a11596519c7a452de26bae83348e3cb54-dirty,1,1,1,1,1,293,heuristic_trajectory,17,0,1,6,6,-4720,0,773,775,native
ebde781a11596519c7a452de26bae83348e3cb54-dirty,1,1,1,1,1,593,random_trajectory,9,0,0,0,0,-288,0,413,415,native
ebde781a11596519c7a452de26bae83348e3cb54-dirty,1,1,1,1,1,294,heuristic_trajectory,34,0,2,1,0,-592,0,1538,1540,native
ebde781a11596519c7a452de26bae83348e3cb54-dirty,1,1,1,1,1,594,random_trajectory,17,0,1,5,7,-13312,0,535,537,native
ebde781a11596519c7a452de26bae83348e3cb54-dirty,1,1,1,1,1,295,heuristic_trajectory,17,0,1,0,2,-1904,0,773,775,native
ebde781a11596519c7a452de26bae83348e3cb54-dirty,1,1,1,1,1,595,random_trajectory,17,0,1,6,0,-1424,0,773,775,native
ebde781a11596519c7a452de26bae83348e3cb54-dirty,1,1,1,1,1,296,heuristic_trajectory,34,0,3,0,3,-3280,0,1538,1540,native
ebde781a11596519c7a452de26bae83348e3cb54-dirty,1,1,1,1,1,596,random_trajectory,17,0,1,2,0,-2336,0,773,775,native
ebde781a11596519c7a452de26bae83348e3cb54-dirty,1,1,1,1,1,297,heuristic_trajectory,34,0,3,0,3,-3280,0,1538,1540,native
ebde781a11596519c7a452de26bae83348e3cb54-dirty,1,1,1,1,1,597,random_trajectory,34,0,2,1,18,-15392,0,416,418,native
ebde781a11596519c7a452de26bae83348e3cb54-dirty,1,1,1,1,1,298,heuristic_trajectory,9,0,0,1,1,-1232,0,413,415,native
ebde781a11596519c7a452de26bae83348e3cb54-dirty,1,1,1,1,1,598,random_trajectory,17,0,1,2,0,-2336,0,773,775,native
ebde781a11596519c7a452de26bae83348e3cb54-dirty,1,1,1,1,1,299,heuristic_trajectory,17,0,1,0,4,-2256,0,773,775,native
ebde781a11596519c7a452de26bae83348e3cb54-dirty,1,1,1,1,1,599,random_trajectory,17,0,0,0,0,0,1,195,197,native
