commit,arch,board_repr,lanes,depth,precision,state_id,category,root_candidates,leaf_candidates,rotation,x,y,score,no_move,core_cycles,request_interval_cycles,driver
ebde781a11596519c7a452de26bae83348e3cb54-dirty,1,1,1,1,3,802,blocked_spawn,17,0,1,6,0,-7461,0,603,605,native
ebde781a11596519c7a452de26bae83348e3cb54-dirty,1,1,1,1,3,801,equal_scores,34,0,1,4,2,-2427,0,1538,1540,native
ebde781a11596519c7a452de26bae83348e3cb54-dirty,1,1,1,1,3,0,heuristic_trajectory,17,0,0,5,2,-1815,0,773,775,native
ebde781a11596519c7a452de26bae83348e3cb54-dirty,1,1,1,1,3,600,high_stack_holes,34,0,2,4,16,-9522,0,858,860,native
ebde781a11596519c7a452de26bae83348e3cb54-dirty,1,1,1,1,3,800,last_candidate_winner,17,0,1,9,1,-4671,0,773,775,native
ebde781a11596519c7a452de26bae83348e3cb54-dirty,1,1,1,1,3,839,no_move,34,0,0,0,0,0,1,382,384,native
ebde781a11596519c7a452de26bae83348e3cb54-dirty,1,1,1,1,3,300,random_trajectory,34,0,2,7,5,-5253,0,1538,1540,native
ebde781a11596519c7a452de26bae83348e3cb54-dirty,1,1,1,1,3,845,walls,34,0,0,1,0,-888,0,1538,1540,native
ebde781a11596519c7a452de26bae83348e3cb54-dirty,1,1,1,1,3,817,wells,9,0,0,0,6,-3210,0,413,415,native
ebde781a11596519c7a452de26bae83348e3cb54-dirty,1,1,1,1,3,806,blocked_spawn,34,0,1,8,0,-8319,0,824,826,native
ebde781a11596519c7a452de26bae83348e3cb54-dirty,1,1,1,1,3,805,equal_scores,17,0,0,1,0,-894,0,773,775,native
ebde781a11596519c7a452de26bae83348e3cb54-dirty,1,1,1,1,3,1,heuristic_trajectory,17,0,1,0,3,-2150,0,773,775,native
ebde781a11596519c7a452de26bae83348e3cb54-dirty,1,1,1,1,3,601,high_stack_holes,34,0,3,0,16,-9309,0,790,792,native
ebde781a11596519c7a452de26bae83348e3cb54-dirty,1,1,1,1,3,803,last_candidate_winner,9,0,0,8,8,-5073,0,413,415,native
ebde781a11596519c7a452de26bae83348e3cb54-dirty,1,1,1,1,3,882,no_move,17,0,0,0,0,0,1,195,197,native
ebde781a11596519c7a452de26bae83348e3cb54-dirty,1,1,1,1,3,301,random_trajectory,34,0,1,7,4,-4536,0,1538,1540,native
ebde781a11596519c7a452de26bae83348e3cb54-dirty,1,1,1,1,3,851,walls,34,0,0,6,0,-888,0,1538,1540,native
ebde781a11596519c7a452de26bae83348e3cb54-dirty,1,1,1,1,3,827,wells,17,0,1,3,5,-3123,0,773,775,native
ebde781a11596519c7a452de26bae83348e3cb54-dirty,1,1,1,1,3,808,blocked_spawn,17,0,1,1,0,-8280,0,501,503,native
ebde781a11596519c7a452de26bae83348e3cb54-dirty,1,1,1,1,3,809,equal_scores,9,0,0,2,2,-1419,0,413,415,native
ebde781a11596519c7a452de26bae83348e3cb54-dirty,1,1,1,1,3,2,heuristic_trajectory,17,0,0,5,2,-1514,0,773,775,native
ebde781a11596519c7a452de26bae83348e3cb54-dirty,1,1,1,1,3,602,high_stack_holes,34,0,3,3,12,-7185,0,1538,1540,native
ebde781a11596519c7a452de26bae83348e3cb54-dirty,1,1,1,1,3,804,last_candidate_winner,17,0,1,8,2,-2907,0,773,775,native
ebde781a11596519c7a452de26bae83348e3cb54-dirty,1,1,1,1,3,888,no_move,34,0,0,0,0,0,1,382,384,native
ebde781a11596519c7a452de26bae83348e3cb54-dirty,1,1,1,1,3,302,random_trajectory,34,0,1,7,4,-4536,0,1538,1540,native
ebde781a11596519c7a452de26bae83348e3cb54-dirty,1,1,1,1,3,898,walls,9,0,0,6,0,-852,0,413,415,native
ebde781a11596519c7a452de26bae83348e3cb54-dirty,1,1,1,1,3,832,wells,17,0,1,2,5,-2879,0,773,775,native
ebde781a11596519c7a452de26bae83348e3cb54-dirty,1,1,1,1,3,811,blocked_spawn,17,0,1,8,0,-4800,0,671,673,native
ebde781a11596519c7a452de26bae83348e3cb54-dirty,1,1,1,1,3,821,equal_scores,34,0,2,1,3,-2769,0,1538,1540,native
ebde781a11596519c7a452de26bae83348e3cb54-dirty,1,1,1,1,3,3,heuristic_trajectory,34,0,1,6,0,-887,0,1538,1540,native
ebde781a11596519c7a452de26bae83348e3cb54-dirty,1,1,1,1,3,603,high_stack_holes,34,0,1,6,14,-9177,0,1232,1234,native
ebde781a11596519c7a452de26bae83348e3cb54-dirty,1,1,1,1,3,807,last_candidate_winner,17,0,1,8,2,-1841,0,773,775,native
ebde781a11596519c7a452de26bae83348e3cb54-dirty,1,1,1,1,3,942,no_move,17,0,0,0,0,0,1,195,197,native
ebde781a11596519c7a452de26bae83348e3cb54-dirty,1,1,1,1,3,303,random_trajectory,17,0,1,0,8,-9537,0,263,265,native
ebde781a11596519c7a452de26bae83348e3cb54-dirty,1,1,1,1,3,911,walls,17,0,0,0,0,-975,0,773,775,native
ebde781a11596519c7a452de26bae83348e3cb54-dirty,1,1,1,1,3,846,wells,9,0,0,0,6,-3174,0,413,415,native
ebde781a11596519c7a452de26bae83348e3cb54-dirty,1,1,1,1,3,813,blocked_spawn,17,0,0,0,0,-7011,0,399,401,native
ebde781a11596519c7a452de26bae83348e3cb54-dirty,1,1,1,1,3,822,equal_scores,34,0,0,1,3,-1935,0,1538,1540,native
ebde781a11596519c7a452de26bae83348e3cb54-dirty,1,1,1,1,3,4,heuristic_trajectory,34,0,3,3,4,-3093,0,1538,1540,native
ebde781a11596519c7a452de26bae83348e3cb54-dirty,1,1,1,1,3,604,high_stack_holes,34,0,3,3,16,-9834,0,586,588,native
ebde781a11596519c7a452de26bae83348e3cb54-dirty,1,1,1,1,3,810,last_candidate_winner,17,0,1,8,1,-1710,0,773,775,native
ebde781a11596519c7a452de26bae83348e3cb54-dirty,1,1,1,1,3,969,no_move,9,0,0,0,0,0,1,107,109,native
ebde781a11596519c7a452de26bae83348e3cb54-dirty,1,1,1,1,3,304,random_trajectory,17,0,1,7,4,-4224,0,773,775,native
ebde781a11596519c7a452de26bae83348e3cb54-dirty,1,1,1,1,3,914,walls,17,0,0,1,0,-939,0,773,775,native
ebde781a11596519c7a452de26bae83348e3cb54-dirty,1,1,1,1,3,848,wells,17,0,1,3,5,-3123,0,773,775,native
ebde781a11596519c7a452de26bae83348e3cb54-dirty,1,1,1,1,3,814,blocked_spawn,17,0,1,4,0,-6585,0,331,333,native
ebde781a11596519c7a452de26bae83348e3cb54-dirty,1,1,1,1,3,830,equal_scores,17,0,1,5,2,-1914,0,773,775,native
ebde781a11596519c7a452de26bae83348e3cb54-dirty,1,1,1,1,3,5,heuristic_trajectory,9,0,0,6,2,-1896,0,413,415,native
ebde781a11596519c7a452de26bae83348e3cb54-dirty,1,1,1,1,3,605,high_stack_holes,34,0,3,6,3,-2393,0,1538,1540,native
ebde781a11596519c7a452de26bae83348e3cb54-dirty,1,1,1,1,3,812,last_candidate_winner,17,0,1,9,2,-1932,0,773,775,native
ebde781a11596519c7a452de26bae83348e3cb54-dirty,1,1,1,1,3,976,no_move,17,0,0,0,0,0,1,195,197,native
ebde781a11596519c7a452de26bae83348e3cb54-dirty,1,1,1,1,3,305,random_trajectory,17,0,1,4,15,-6471,0,773,775,native
ebde781a11596519c7a452de26bae83348e3cb54-dirty,1,1,1,1,3,922,walls,34,0,0,0,0,-888,0,1538,1540,native
ebde781a11596519c7a452de26bae83348e3cb54-dirty,1,1,1,1,3,858,wells,34,0,3,6,4,-2813,0,1538,1540,native
ebde781a11596519c7a452de26bae83348e3cb54-dirty,1,1,1,1,3,815,blocked_spawn,34,0,1,3,0,-8595,0,552,554,native
ebde781a11596519c7a452de26bae83348e3cb54-dirty,1,1,1,1,3,831,equal_scores,17,0,0,4,1,-1062,0,773,775,native
ebde781a11596519c7a452de26bae83348e3cb54-dirty,1,1,1,1,3,6,heuristic_trajectory,17,0,1,0,4,-2489,0,773,775,native
ebde781a11596519c7a452de26bae83348e3cb54-dirty,1,1,1,1,3,606,high_stack_holes,17,0,1,2,15,-9516,0,603,605,native
ebde781a11596519c7a452de26bae83348e3cb54-dirty,1,1,1,1,3,816,last_candidate_winner,34,0,3,8,2,-1496,0,1538,1540,native
ebde781a11596519c7a452de26bae83348e3cb54-dirty,1,1,1,1,3,986,no_move,9,0,0,0,0,0,1,107,109,native
ebde781a11596519c7a452de26bae83348e3cb54-dirty,1,1,1,1,3,306,random_trajectory,9,0,0,0,0,-1326,0,413,415,native
ebde781a11596519c7a452de26bae83348e3cb54-dirty,1,1,1,1,3,941,walls,17,0,0,6,0,-975,0,773,775,native
ebde781a11596519c7a452de26bae83348e3cb54-dirty,1,1,1,1,3,867,wells,34,0,2,6,5,-2843,0,1538,1540,native
ebde781a11596519c7a452de26bae83348e3cb54-dirty,1,1,1,1,3,818,blocked_spawn,9,0,0,5,0,-7779,0,209,211,native
ebde781a11596519c7a452de26bae83348e3cb54-dirty,1,1,1,1,3,836,equal_scores,34,0,1,7,2,-2004,0,1538,1540,native
ebde781a11596519c7a452de26bae83348e3cb54-dirty,1,1,1,1,3,7,heuristic_trajectory,9,0,0,8,3,-1644,0,413,415,native
ebde781a11596519c7a452de26bae83348e3cb54-dirty,1,1,1,1,3,607,high_stack_holes,34,0,1,7,16,-9267,0,1334,1336,native
ebde781a11596519c7a452de26bae83348e3cb54-dirty,1,1,1,1,3,819,last_candidate_winner,17,0,1,9,0,-1408,0,773,775,native
ebde781a11596519c7a452de26bae83348e3cb54-dirty,1,1,1,1,3,307,random_trajectory,17,0,1,0,17,-10275,0,263,265,native
ebde781a11596519c7a452de26bae83348e3cb54-dirty,1,1,1,1,3,961,walls,17,0,0,6,0,-939,0,773,775,native
ebde781a11596519c7a452de26bae83348e3cb54-dirty,1,1,1,1,3,868,wells,9,0,0,0,6,-3231,0,413,415,native
ebde781a11596519c7a452de26bae83348e3cb54-dirty,1,1,1,1,3,820,blocked_spawn,34,0,0,1,0,-5868,0,1096,1098,native
ebde781a11596519c7a452de26bae83348e3cb54-dirty,1,1,1,1,3,837,equal_scores,9,0,0,0,1,-1215,0,413,415,native
ebde781a11596519c7a452de26bae83348e3cb54-dirty,1,1,1,1,3,8,heuristic_trajectory,17,0,0,2,7,-3111,0,773,775,native
ebde781a11596519c7a452de26bae83348e3cb54-dirty,1,1,1,1,3,608,high_stack_holes,17,0,0,6,16,-8892,0,773,775,native
ebde781a11596519c7a452de26bae83348e3cb54-dirty,1,1,1,1,3,824,last_candidate_winner,17,0,1,8,0,-1248,0,773,775,native
ebde781a11596519c7a452de26bae83348e3cb54-dirty,1,1,1,1,3,308,random_trajectory,9,0,0,8,6,-7113,0,413,415,native
ebde781a11596519c7a452de26bae83348e3cb54-dirty,1,1,1,1,3,977,walls,17,0,0,6,0,-248,0,773,775,native
ebde781a11596519c7a452de26bae83348e3cb54-dirty,1,1,1,1,3,890,wells,9,0,0,8,6,-3102,0,413,415,native
ebde781a11596519c7a452de26bae83348e3cb54-dirty,1,1,1,1,3,823,blocked_spawn,34,0,3,3,17,-9066,0,688,690,native
ebde781a11596519c7a452de26bae83348e3cb54-dirty,1,1,1,1,3,849,equal_scores,9,0,0,4,4,-2598,0,413,415,native
ebde781a11596519c7a452de26bae83348e3cb54-dirty,1,1,1,1,3,9,heuristic_trajectory,17,0,1,0,4,-2754,0,773,775,native
ebde781a11596519c7a452de26bae83348e3cb54-dirty,1,1,1,1,3,609,high_stack_holes,34,0,1,2,14,-9411,0,1266,1268,native
ebde781a11596519c7a452de26bae83348e3cb54-dirty,1,1,1,1,3,825,last_candidate_winner,17,0,1,9,0,-182,0,773,775,native
ebde781a11596519c7a452de26bae83348e3cb54-dirty,1,1,1,1,3,309,random_trajectory,17,0,1,3,4,-2292,0,773,775,native
ebde781a11596519c7a452de26bae83348e3cb54-dirty,1,1,1,1,3,980,walls,34,0,0,6,0,-888,0,1538,1540,native
ebde781a11596519c7a452de26bae83348e3cb54-dirty,1,1,1,1,3,894,wells,34,0,1,4,4,-2206,0,1538,1540,native
ebde781a11596519c7a452de26bae83348e3cb54-dirty,1,1,1,1,3,828,blocked_spawn,17,0,1,8,0,-8253,0,331,333,native
ebde781a11596519c7a452de26bae83348e3cb54-dirty,1,1,1,1,3,853,equal_scores,9,0,0,0,1,-1026,0,413,415,native
ebde781a11596519c7a452de26bae83348e3cb54-dirty,1,1,1,1,3,10,heuristic_trajectory,17,0,0,3,1,-590,0,773,775,native
ebde781a11596519c7a452de26bae83348e3cb54-dirty,1,1,1,1,3,610,high_stack_holes,34,0,3,8,17,-9027,0,1062,1064,native
ebde781a11596519c7a452de26bae83348e3cb54-dirty,1,1,1,1,3,826,last_candidate_winner,17,0,1,9,3,-2333,0,773,775,native
ebde781a11596519c7a452de26bae83348e3cb54-dirty,1,1,1,1,3,310,random_trajectory,17,0,1,0,5,-8682,0,365,367,native
ebde781a11596519c7a452de26bae83348e3cb54-dirty,1,1,1,1,3,993,walls,34,0,0,6,0,-852,0,1538,1540,native
ebde781a11596519c7a452de26bae83348e3cb54-dirty,1,1,1,1,3,895,wells,17,0,1,9,0,-635,0,773,775,native
ebde781a11596519c7a452de26bae83348e3cb54-dirty,1,1,1,1,3,834,blocked_spawn,34,0,0,4,0,-6612,0,1300,1302,native
ebde781a11596519c7a452de26bae83348e3cb54-dirty,1,1,1,1,3,863,equal_scores,9,0,0,1,0,-720,0,413,415,native
ebde781a11596519c7a452de26bae83348e3cb54-dirty,1,1,1,1,3,11,heuristic_trajectory,34,0,2,5,2,-1282,0,1538,1540,native
ebde781a11596519c7a452de26bae83348e3cb54-dirty,1,1,1,1,3,611,high_stack_holes,17,0,1,0,7,-4647,0,773,775,native
ebde781a11596519c7a452de26bae83348e3cb54-dirty,1,1,1,1,3,829,last_candidate_winner,34,0,3,8,1,-1506,0,1538,1540,native
ebde781a11596519c7a452de26bae83348e3cb54-dirty,1,1,1,1,3,311,random_trajectory,17,0,0,0,0,-222,0,773,775,native
ebde781a11596519c7a452de26bae83348e3cb54-dirty,1,1,1,1,3,907,wells,34,0,3,8,5,-2879,0,1538,1540,native
ebde781a11596519c7a452de26bae83348e3cb54-dirty,1,1,1,1,3,835,blocked_spawn,34,0,3,0,0,-5124,0,790,792,native
ebde781a11596519c7a452de26bae83348e3cb54-dirty,1,1,1,1,3,870,equal_scores,17,0,0,2,2,-1728,0,773,775,native
ebde781a11596519c7a452de26bae83348e3cb54-dirty,1,1,1,1,3,12,heuristic_trajectory,17,0,1,8,5,-3428,0,773,775,native
ebde781a11596519c7a452de26bae83348e3cb54-dirty,1,1,1,1,3,612,high_stack_holes,17,0,1,1,13,-9525,0,433,435,native
ebde781a11596519c7a452de26bae83348e3cb54-dirty,1,1,1,1,3,833,last_candidate_winner,34,0,3,8,1,-1091,0,1538,1540,native
ebde781a11596519c7a452de26bae83348e3cb54-dirty,1,1,1,1,3,312,random_trajectory,9,0,0,0,3,-3954,0,413,415,native
ebde781a11596519c7a452de26bae83348e3cb54-dirty,1,1,1,1,3,908,wells,34,0,3,1,4,-2140,0,1538,1540,native
ebde781a11596519c7a452de26bae83348e3cb54-dirty,1,1,1,1,3,838,blocked_spawn,17,0,1,2,0,-7503,0,433,435,native
ebde781a11596519c7a452de26bae83348e3cb54-dirty,1,1,1,1,3,878,equal_scores,9,0,0,4,3,-2502,0,413,415,native
ebde781a11596519c7a452de26bae83348e3cb54-dirty,1,1,1,1,3,13,heuristic_trajectory,34,0,1,1,0,-749,0,1538,1540,native
ebde781a11596519c7a452de26bae83348e3cb54-dirty,1,1,1,1,3,613,high_stack_holes,34,0,1,4,15,-10200,0,586,588,native
ebde781a11596519c7a452de26bae83348e3cb54-dirty,1,1,1,1,3,841,last_candidate_winner,17,0,1,8,0,-774,0,773,775,native
ebde781a11596519c7a452de26bae83348e3cb54-dirty,1,1,1,1,3,313,random_trajectory,34,0,1,5,15,-8430,0,756,758,native
ebde781a11596519c7a452de26bae83348e3cb54-dirty,1,1,1,1,3,929,wells,34,0,1,0,5,-2843,0,1538,1540,native
ebde781a11596519c7a452de26bae83348e3cb54-dirty,1,1,1,1,3,840,blocked_spawn,34,0,0,6,0,-6345,0,790,792,native
ebde781a11596519c7a452de26bae83348e3cb54-dirty,1,1,1,1,3,880,equal_scores,9,0,0,0,3,-2226,0,413,415,native
ebde781a11596519c7a452de26bae83348e3cb54-dirty,1,1,1,1,3,14,heuristic_trajectory,17,0,0,5,2,-1743,0,773,775,native
ebde781a11596519c7a452de26bae83348e3cb54-dirty,1,1,1,1,3,614,high_stack_holes,17,0,0,0,0,-633,0,773,775,native
ebde781a11596519c7a452de26bae83348e3cb54-dirty,1,1,1,1,3,847,last_candidate_winner,34,0,3,8,1,-1073,0,1538,1540,native
ebde781a11596519c7a452de26bae83348e3cb54-dirty,1,1,1,1,3,314,random_trajectory,9,0,0,0,0,-1326,0,413,415,native
ebde781a11596519c7a452de26bae83348e3cb54-dirty,1,1,1,1,3,937,wells,34,0,2,2,5,-3195,0,1538,1540,native
ebde781a11596519c7a452de26bae83348e3cb54-dirty,1,1,1,1,3,842,blocked_spawn,17,0,1,1,0,-3774,0,569,571,native
ebde781a11596519c7a452de26bae83348e3cb54-dirty,1,1,1,1,3,886,equal_scores,17,0,0,2,0,-1662,0,773,775,native
ebde781a11596519c7a452de26bae83348e3cb54-dirty,1,1,1,1,3,15,heuristic_trajectory,17,0,1,0,5,-2412,0,773,775,native
ebde781a11596519c7a452de26bae83348e3cb54-dirty,1,1,1,1,3,615,high_stack_holes,17,0,0,6,12,-9000,0,535,537,native
ebde781a11596519c7a452de26bae83348e3cb54-dirty,1,1,1,1,3,850,last_candidate_winner,17,0,1,8,0,-1524,0,773,775,native
ebde781a11596519c7a452de26bae83348e3cb54-dirty,1,1,1,1,3,315,random_trajectory,9,0,0,0,6,-9300,0,175,177,native
ebde781a11596519c7a452de26bae83348e3cb54-dirty,1,1,1,1,3,943,wells,17,0,1,0,5,-2897,0,773,775,native
ebde781a11596519c7a452de26bae83348e3cb54-dirty,1,1,1,1,3,843,blocked_spawn,34,0,1,6,0,-8370,0,552,554,native
ebde781a11596519c7a452de26bae83348e3cb54-dirty,1,1,1,1,3,887,equal_scores,17,0,0,2,4,-2238,0,773,775,native
ebde781a11596519c7a452de26bae83348e3cb54-dirty,1,1,1,1,3,16,heuristic_trajectory,34,0,1,8,0,-530,0,1538,1540,native
ebde781a11596519c7a452de26bae83348e3cb54-dirty,1,1,1,1,3,616,high_stack_holes,34,0,3,5,10,-9339,0,790,792,native
ebde781a11596519c7a452de26bae83348e3cb54-dirty,1,1,1,1,3,857,last_candidate_winner,34,0,3,8,0,-932,0,1538,1540,native
ebde781a11596519c7a452de26bae83348e3cb54-dirty,1,1,1,1,3,316,random_trajectory,34,0,1,5,0,-1566,0,1538,1540,native
ebde781a11596519c7a452de26bae83348e3cb54-dirty,1,1,1,1,3,945,wells,34,0,2,7,5,-2861,0,1538,1540,native
ebde781a11596519c7a452de26bae83348e3cb54-dirty,1,1,1,1,3,844,blocked_spawn,9,0,0,1,0,-4329,0,379,381,native
ebde781a11596519c7a452de26bae83348e3cb54-dirty,1,1,1,1,3,896,equal_scores,17,0,1,0,6,-3537,0,773,775,native
ebde781a11596519c7a452de26bae83348e3cb54-dirty,1,1,1,1,3,17,heuristic_trajectory,17,0,0,6,2,-942,0,773,775,native
ebde781a11596519c7a452de26bae83348e3cb54-dirty,1,1,1,1,3,617,high_stack_holes,34,0,2,5,13,-7893,0,1538,1540,native
ebde781a11596519c7a452de26bae83348e3cb54-dirty,1,1,1,1,3,859,last_candidate_winner,34,0,3,8,3,-1848,0,1538,1540,native
ebde781a11596519c7a452de26bae83348e3cb54-dirty,1,1,1,1,3,317,random_trajectory,17,0,1,0,5,-8682,0,365,367,native
ebde781a11596519c7a452de26bae83348e3cb54-dirty,1,1,1,1,3,948,wells,17,0,0,7,6,-3189,0,773,775,native
ebde781a11596519c7a452de26bae83348e3cb54-dirty,1,1,1,1,3,852,blocked_spawn,34,0,2,1,17,-9357,0,722,724,native
ebde781a11596519c7a452de26bae83348e3cb54-dirty,1,1,1,1,3,897,equal_scores,9,0,0,1,0,-840,0,413,415,native
ebde781a11596519c7a452de26bae83348e3cb54-dirty,1,1,1,1,3,18,heuristic_trajectory,34,0,3,2,2,-1430,0,1538,1540,native
ebde781a11596519c7a452de26bae83348e3cb54-dirty,1,1,1,1,3,618,high_stack_holes,9,0,0,1,18,-9333,0,311,313,native
ebde781a11596519c7a452de26bae83348e3cb54-dirty,1,1,1,1,3,865,last_candidate_winner,34,0,3,8,0,-629,0,1538,1540,native
ebde781a11596519c7a452de26bae83348e3cb54-dirty,1,1,1,1,3,318,random_trajectory,17,0,1,4,15,-6471,0,773,775,native
ebde781a11596519c7a452de26bae83348e3cb54-dirty,1,1,1,1,3,957,wells,17,0,1,1,5,-2915,0,773,775,native
ebde781a11596519c7a452de26bae83348e3cb54-dirty,1,1,1,1,3,854,blocked_spawn,17,0,1,3,0,-7923,0,535,537,native
ebde781a11596519c7a452de26bae83348e3cb54-dirty,1,1,1,1,3,899,equal_scores,17,0,0,4,0,-702,0,773,775,native
ebde781a11596519c7a452de26bae83348e3cb54-dirty,1,1,1,1,3,19,heuristic_trajectory,34,0,1,2,2,-2118,0,1538,1540,native
ebde781a11596519c7a452de26bae83348e3cb54-dirty,1,1,1,1,3,619,high_stack_holes,9,0,0,2,17,-9459,0,277,279,native
ebde781a11596519c7a452de26bae83348e3cb54-dirty,1,1,1,1,3,869,last_candidate_winner,17,0,1,9,2,-3885,0,773,775,native
ebde781a11596519c7a452de26bae83348e3cb54-dirty,1,1,1,1,3,319,random_trajectory,9,0,0,0,6,-9300,0,175,177,native
ebde781a11596519c7a452de26bae83348e3cb54-dirty,1,1,1,1,3,962,wells,17,0,1,0,0,-1272,0,773,775,native
ebde781a11596519c7a452de26bae83348e3cb54-dirty,1,1,1,1,3,855,blocked_spawn,17,0,0,4,0,-6324,0,705,707,native
ebde781a11596519c7a452de26bae83348e3cb54-dirty,1,1,1,1,3,905,equal_scores,17,0,1,3,0,-1116,0,773,775,native
ebde781a11596519c7a452de26bae83348e3cb54-dirty,1,1,1,1,3,20,heuristic_trajectory,34,0,2,3,0,-1008,0,1538,1540,native
ebde781a11596519c7a452de26bae83348e3cb54-dirty,1,1,1,1,3,620,high_stack_holes,9,0,0,0,0,0,1,107,109,native
ebde781a11596519c7a452de26bae83348e3cb54-dirty,1,1,1,1,3,876,last_candidate_winner,34,0,3,8,3,-3377,0,1538,1540,native
ebde781a11596519c7a452de26bae83348e3cb54-dirty,1,1,1,1,3,320,random_trajectory,34,0,1,5,0,-2808,0,1538,1540,native
ebde781a11596519c7a452de26bae83348e3cb54-dirty,1,1,1,1,3,967,wells,17,0,1,7,5,-2915,0,773,775,native
ebde781a11596519c7a452de26bae83348e3cb54-dirty,1,1,1,1,3,856,blocked_spawn,34,0,1,6,0,-6102,0,1198,1200,native
ebde781a11596519c7a452de26bae83348e3cb54-dirty,1,1,1,1,3,909,equal_scores,9,0,0,1,4,-1971,0,413,415,native
ebde781a11596519c7a452de26bae83348e3cb54-dirty,1,1,1,1,3,21,heuristic_trajectory,34,0,0,7,5,-3086,0,1538,1540,native
ebde781a11596519c7a452de26bae83348e3cb54-dirty,1,1,1,1,3,621,high_stack_holes,17,0,1,2,13,-9609,0,433,435,native
ebde781a11596519c7a452de26bae83348e3cb54-dirty,1,1,1,1,3,877,last_candidate_winner,17,0,1,8,0,-578,0,773,775,native
ebde781a11596519c7a452de26bae83348e3cb54-dirty,1,1,1,1,3,321,random_trajectory,9,0,0,0,0,-1326,0,413,415,native
ebde781a11596519c7a452de26bae83348e3cb54-dirty,1,1,1,1,3,984,wells,17,0,0,1,6,-3336,0,773,775,native
ebde781a11596519c7a452de26bae83348e3cb54-dirty,1,1,1,1,3,860,blocked_spawn,17,0,0,1,0,-5952,0,501,503,native
ebde781a11596519c7a452de26bae83348e3cb54-dirty,1,1,1,1,3,910,equal_scores,17,0,0,3,3,-1746,0,773,775,native
ebde781a11596519c7a452de26bae83348e3cb54-dirty,1,1,1,1,3,22,heuristic_trajectory,34,0,3,8,2,-1856,0,1538,1540,native
ebde781a11596519c7a452de26bae83348e3cb54-dirty,1,1,1,1,3,622,high_stack_holes,17,0,1,7,6,-8514,0,569,571,native
ebde781a11596519c7a452de26bae83348e3cb54-dirty,1,1,1,1,3,883,last_candidate_winner,34,0,3,8,7,-4874,0,1538,1540,native
ebde781a11596519c7a452de26bae83348e3cb54-dirty,1,1,1,1,3,322,random_trajectory,34,0,3,0,11,-9738,0,484,486,native
ebde781a11596519c7a452de26bae83348e3cb54-dirty,1,1,1,1,3,990,wells,34,0,3,3,4,-2206,0,1538,1540,native
ebde781a11596519c7a452de26bae83348e3cb54-dirty,1,1,1,1,3,861,blocked_spawn,17,0,1,1,0,-6732,0,603,605,native
ebde781a11596519c7a452de26bae83348e3cb54-dirty,1,1,1,1,3,912,equal_scores,34,0,3,1,2,-2169,0,1538,1540,native
ebde781a11596519c7a452de26bae83348e3cb54-dirty,1,1,1,1,3,23,heuristic_trajectory,34,0,2,2,8,-3351,0,1538,1540,native
ebde781a11596519c7a452de26bae83348e3cb54-dirty,1,1,1,1,3,623,high_stack_holes,17,0,0,7,6,-3768,0,773,775,native
ebde781a11596519c7a452de26bae83348e3cb54-dirty,1,1,1,1,3,893,last_candidate_winner,34,0,3,8,3,-2060,0,1538,1540,native
ebde781a11596519c7a452de26bae83348e3cb54-dirty,1,1,1,1,3,323,random_trajectory,17,0,1,0,17,-10275,0,263,265,native
ebde781a11596519c7a452de26bae83348e3cb54-dirty,1,1,1,1,3,994,wells,34,0,1,0,4,-2224,0,1538,1540,native
ebde781a11596519c7a452de26bae83348e3cb54-dirty,1,1,1,1,3,862,blocked_spawn,17,0,1,6,17,-9360,0,399,401,native
ebde781a11596519c7a452de26bae83348e3cb54-dirty,1,1,1,1,3,917,equal_scores,17,0,0,4,2,-1830,0,773,775,native
ebde781a11596519c7a452de26bae83348e3cb54-dirty,1,1,1,1,3,24,heuristic_trajectory,17,0,0,4,4,-2568,0,773,775,native
ebde781a11596519c7a452de26bae83348e3cb54-dirty,1,1,1,1,3,624,high_stack_holes,17,0,1,5,13,-9693,0,467,469,native
ebde781a11596519c7a452de26bae83348e3cb54-dirty,1,1,1,1,3,900,last_candidate_winner,17,0,1,9,2,-1910,0,773,775,native
ebde781a11596519c7a452de26bae83348e3cb54-dirty,1,1,1,1,3,324,random_trajectory,34,0,3,4,15,-7695,0,1062,1064,native
ebde781a11596519c7a452de26bae83348e3cb54-dirty,1,1,1,1,3,864,blocked_spawn,17,0,1,1,0,-8877,0,297,299,native
ebde781a11596519c7a452de26bae83348e3cb54-dirty,1,1,1,1,3,919,equal_scores,17,0,0,3,0,-702,0,773,775,native
ebde781a11596519c7a452de26bae83348e3cb54-dirty,1,1,1,1,3,25,heuristic_trajectory,17,0,1,9,0,-1473,0,773,775,native
ebde781a11596519c7a452de26bae83348e3cb54-dirty,1,1,1,1,3,625,high_stack_holes,9,0,0,7,17,-8973,0,243,245,native
ebde781a11596519c7a452de26bae83348e3cb54-dirty,1,1,1,1,3,904,last_candidate_winner,34,0,3,8,1,-1227,0,1538,1540,native
ebde781a11596519c7a452de26bae83348e3cb54-dirty,1,1,1,1,3,325,random_trajectory,17,0,1,9,8,-9066,0,297,299,native
ebde781a11596519c7a452de26bae83348e3cb54-dirty,1,1,1,1,3,866,blocked_spawn,34,0,1,8,0,-8217,0,552,554,native
ebde781a11596519c7a452de26bae83348e3cb54-dirty,1,1,1,1,3,920,equal_scores,34,0,0,0,0,-462,0,1538,1540,native
ebde781a11596519c7a452de26bae83348e3cb54-dirty,1,1,1,1,3,26,heuristic_trajectory,9,0,0,0,8,-3624,0,413,415,native
ebde781a11596519c7a452de26bae83348e3cb54-dirty,1,1,1,1,3,626,high_stack_holes,17,0,0,1,11,-6681,0,773,775,native
ebde781a11596519c7a452de26bae83348e3cb54-dirty,1,1,1,1,3,915,last_candidate_winner,34,0,3,8,1,-1503,0,1538,1540,native
ebde781a11596519c7a452de26bae83348e3cb54-dirty,1,1,1,1,3,326,random_trajectory,34,0,1,5,15,-8430,0,756,758,native
ebde781a11596519c7a452de26bae83348e3cb54-dirty,1,1,1,1,3,871,blocked_spawn,9,0,0,3,0,-5205,0,345,347,native
ebde781a11596519c7a452de26bae83348e3cb54-dirty,1,1,1,1,3,924,equal_scores,34,0,1,1,2,-2154,0,1538,1540,native
ebde781a11596519c7a452de26bae83348e3cb54-dirty,1,1,1,1,3,27,heuristic_trajectory,34,0,2,0,2,-1881,0,1538,1540,native
ebde781a11596519c7a452de26bae83348e3cb54-dirty,1,1,1,1,3,627,high_stack_holes,17,0,1,0,13,-8850,0,467,469,native
ebde781a11596519c7a452de26bae83348e3cb54-dirty,1,1,1,1,3,918,last_candidate_winner,17,0,1,8,1,-1467,0,773,775,native
ebde781a11596519c7a452de26bae83348e3cb54-dirty,1,1,1,1,3,327,random_trajectory,34,0,1,8,8,-7299,0,1538,1540,native
ebde781a11596519c7a452de26bae83348e3cb54-dirty,1,1,1,1,3,872,blocked_spawn,34,0,1,7,0,-8727,0,722,724,native
ebde781a11596519c7a452de26bae83348e3cb54-dirty,1,1,1,1,3,925,equal_scores,34,0,0,3,5,-2751,0,1538,1540,native
ebde781a11596519c7a452de26bae83348e3cb54-dirty,1,1,1,1,3,28,heuristic_trajectory,9,0,0,1,4,-2274,0,413,415,native
ebde781a11596519c7a452de26bae83348e3cb54-dirty,1,1,1,1,3,628,high_stack_holes,17,0,1,1,1,-9975,0,331,333,native
ebde781a11596519c7a452de26bae83348e3cb54-dirty,1,1,1,1,3,921,last_candidate_winner,34,0,3,8,0,-702,0,1538,1540,native
ebde781a11596519c7a452de26bae83348e3cb54-dirty,1,1,1,1,3,328,random_trajectory,17,0,1,9,12,-9936,0,297,299,native
ebde781a11596519c7a452de26bae83348e3cb54-dirty,1,1,1,1,3,873,blocked_spawn,34,0,2,7,18,-10092,0,416,418,native
ebde781a11596519c7a452de26bae83348e3cb54-dirty,1,1,1,1,3,928,equal_scores,34,0,1,3,1,-1608,0,1538,1540,native
ebde781a11596519c7a452de26bae83348e3cb54-dirty,1,1,1,1,3,29,heuristic_trajectory,17,0,1,6,0,-662,0,773,775,native
ebde781a11596519c7a452de26bae83348e3cb54-dirty,1,1,1,1,3,629,high_stack_holes,17,0,0,5,0,-2277,0,773,775,native
ebde781a11596519c7a452de26bae83348e3cb54-dirty,1,1,1,1,3,932,last_candidate_winner,17,0,1,9,2,-1688,0,773,775,native
ebde781a11596519c7a452de26bae83348e3cb54-dirty,1,1,1,1,3,329,random_trajectory,34,0,0,0,0,-948,0,1538,1540,native
ebde781a11596519c7a452de26bae83348e3cb54-dirty,1,1,1,1,3,874,blocked_spawn,34,0,3,3,17,-8709,0,790,792,native
ebde781a11596519c7a452de26bae83348e3cb54-dirty,1,1,1,1,3,930,equal_scores,34,0,2,2,0,-942,0,1538,1540,native
ebde781a11596519c7a452de26bae83348e3cb54-dirty,1,1,1,1,3,30,heuristic_trajectory,34,0,2,6,2,-1616,0,1538,1540,native
ebde781a11596519c7a452de26bae83348e3cb54-dirty,1,1,1,1,3,630,high_stack_holes,34,0,2,1,14,-8877,0,1164,1166,native
ebde781a11596519c7a452de26bae83348e3cb54-dirty,1,1,1,1,3,935,last_candidate_winner,34,0,3,8,3,-2759,0,1538,1540,native
ebde781a11596519c7a452de26bae83348e3cb54-dirty,1,1,1,1,3,330,random_trajectory,9,0,0,0,0,-1326,0,413,415,native
ebde781a11596519c7a452de26bae83348e3cb54-dirty,1,1,1,1,3,875,blocked_spawn,17,0,1,4,17,-9429,0,297,299,native
ebde781a11596519c7a452de26bae83348e3cb54-dirty,1,1,1,1,3,934,equal_scores,34,0,0,7,2,-1128,0,1538,1540,native
ebde781a11596519c7a452de26bae83348e3cb54-dirty,1,1,1,1,3,31,heuristic_trajectory,9,0,0,2,1,-1251,0,413,415,native
ebde781a11596519c7a452de26bae83348e3cb54-dirty,1,1,1,1,3,631,high_stack_holes,34,0,3,0,17,-9519,0,790,792,native
ebde781a11596519c7a452de26bae83348e3cb54-dirty,1,1,1,1,3,946,last_candidate_winner,17,0,1,8,2,-1448,0,773,775,native
ebde781a11596519c7a452de26bae83348e3cb54-dirty,1,1,1,1,3,331,random_trajectory,34,0,1,7,4,-4536,0,1538,1540,native
ebde781a11596519c7a452de26bae83348e3cb54-dirty,1,1,1,1,3,879,blocked_spawn,17,0,1,6,0,-9858,0,331,333,native
ebde781a11596519c7a452de26bae83348e3cb54-dirty,1,1,1,1,3,936,equal_scores,34,0,0,4,0,-567,0,1538,1540,native
ebde781a11596519c7a452de26bae83348e3cb54-dirty,1,1,1,1,3,32,heuristic_trajectory,34,0,3,1,3,-2172,0,1538,1540,native
ebde781a11596519c7a452de26bae83348e3cb54-dirty,1,1,1,1,3,632,high_stack_holes,34,0,3,3,2,-2670,0,1538,1540,native
ebde781a11596519c7a452de26bae83348e3cb54-dirty,1,1,1,1,3,947,last_candidate_winner,17,0,1,9,1,-1361,0,773,775,native
ebde781a11596519c7a452de26bae83348e3cb54-dirty,1,1,1,1,3,332,random_trajectory,17,0,0,4,18,-8934,0,297,299,native
ebde781a11596519c7a452de26bae83348e3cb54-dirty,1,1,1,1,3,881,blocked_spawn,17,0,1,0,0,-7161,0,399,401,native
ebde781a11596519c7a452de26bae83348e3cb54-dirty,1,1,1,1,3,944,equal_scores,17,0,0,6,1,-912,0,773,775,native
ebde781a11596519c7a452de26bae83348e3cb54-dirty,1,1,1,1,3,33,heuristic_trajectory,9,0,0,0,8,-3624,0,413,415,native
ebde781a11596519c7a452de26bae83348e3cb54-dirty,1,1,1,1,3,633,high_stack_holes,17,0,1,4,15,-9507,0,501,503,native
ebde781a11596519c7a452de26bae83348e3cb54-dirty,1,1,1,1,3,949,last_candidate_winner,17,0,1,9,1,-1280,0,773,775,native
ebde781a11596519c7a452de26bae83348e3cb54-dirty,1,1,1,1,3,333,random_trajectory,34,0,1,5,0,-1566,0,1538,1540,native
ebde781a11596519c7a452de26bae83348e3cb54-dirty,1,1,1,1,3,884,blocked_spawn,9,0,0,1,0,-6378,0,345,347,native
ebde781a11596519c7a452de26bae83348e3cb54-dirty,1,1,1,1,3,950,equal_scores,34,0,1,6,2,-1968,0,1538,1540,native
ebde781a11596519c7a452de26bae83348e3cb54-dirty,1,1,1,1,3,34,heuristic_trajectory,17,0,0,4,1,-1353,0,773,775,native
ebde781a11596519c7a452de26bae83348e3cb54-dirty,1,1,1,1,3,634,high_stack_holes,17,0,1,4,7,-9444,0,365,367,native
ebde781a11596519c7a452de26bae83348e3cb54-dirty,1,1,1,1,3,951,last_candidate_winner,9,0,0,8,4,-2355,0,413,415,native
ebde781a11596519c7a452de26bae83348e3cb54-dirty,1,1,1,1,3,334,random_trajectory,17,0,1,9,12,-9936,0,297,299,native
ebde781a11596519c7a452de26bae83348e3cb54-dirty,1,1,1,1,3,885,blocked_spawn,34,0,0,3,0,-6681,0,1198,1200,native
ebde781a11596519c7a452de26bae83348e3cb54-dirty,1,1,1,1,3,952,equal_scores,9,0,0,2,0,-858,0,413,415,native
ebde781a11596519c7a452de26bae83348e3cb54-dirty,1,1,1,1,3,35,heuristic_trajectory,34,0,3,3,2,-2234,0,1538,1540,native
ebde781a11596519c7a452de26bae83348e3cb54-dirty,1,1,1,1,3,635,high_stack_holes,34,0,3,1,5,-4050,0,1538,1540,native
ebde781a11596519c7a452de26bae83348e3cb54-dirty,1,1,1,1,3,953,last_candidate_winner,9,0,0,8,5,-2601,0,413,415,native
ebde781a11596519c7a452de26bae83348e3cb54-dirty,1,1,1,1,3,335,random_trajectory,34,0,0,0,0,-948,0,1538,1540,native
ebde781a11596519c7a452de26bae83348e3cb54-dirty,1,1,1,1,3,889,blocked_spawn,17,0,0,1,0,-3654,0,705,707,native
ebde781a11596519c7a452de26bae83348e3cb54-dirty,1,1,1,1,3,954,equal_scores,17,0,1,0,2,-978,0,773,775,native
ebde781a11596519c7a452de26bae83348e3cb54-dirty,1,1,1,1,3,36,heuristic_trajectory,17,0,1,0,4,-2489,0,773,775,native
ebde781a11596519c7a452de26bae83348e3cb54-dirty,1,1,1,1,3,636,high_stack_holes,34,0,1,2,12,-9588,0,722,724,native
ebde781a11596519c7a452de26bae83348e3cb54-dirty,1,1,1,1,3,971,last_candidate_winner,17,0,1,8,3,-2155,0,773,775,native
ebde781a11596519c7a452de26bae83348e3cb54-dirty,1,1,1,1,3,336,random_trajectory,17,0,0,0,0,-222,0,773,775,native
ebde781a11596519c7a452de26bae83348e3cb54-dirty,1,1,1,1,3,891,blocked_spawn,17,0,0,4,0,-7605,0,331,333,native
ebde781a11596519c7a452de26bae83348e3cb54-dirty,1,1,1,1,3,956,equal_scores,9,0,0,0,4,-2529,0,413,415,native
ebde781a11596519c7a452de26bae83348e3cb54-dirty,1,1,1,1,3,37,heuristic_trajectory,17,0,1,0,8,-3744,0,773,775,native
ebde781a11596519c7a452de26bae83348e3cb54-dirty,1,1,1,1,3,637,high_stack_holes,34,0,3,7,14,-9921,0,586,588,native
ebde781a11596519c7a452de26bae83348e3cb54-dirty,1,1,1,1,3,972,last_candidate_winner,17,0,1,9,0,-578,0,773,775,native
ebde781a11596519c7a452de26bae83348e3cb54-dirty,1,1,1,1,3,337,random_trajectory,34,0,1,5,0,-2808,0,1538,1540,native
ebde781a11596519c7a452de26bae83348e3cb54-dirty,1,1,1,1,3,892,blocked_spawn,34,0,1,5,0,-4947,0,960,962,native
ebde781a11596519c7a452de26bae83348e3cb54-dirty,1,1,1,1,3,958,equal_scores,9,0,0,1,4,-2238,0,413,415,native
ebde781a11596519c7a452de26bae83348e3cb54-dirty,1,1,1,1,3,38,heuristic_trajectory,17,0,1,6,3,-2088,0,773,775,native
ebde781a11596519c7a452de26bae83348e3cb54-dirty,1,1,1,1,3,638,high_stack_holes,17,0,1,1,11,-6768,0,773,775,native
ebde781a11596519c7a452de26bae83348e3cb54-dirty,1,1,1,1,3,979,last_candidate_winner,9,0,0,8,2,-1863,0,413,415,native
ebde781a11596519c7a452de26bae83348e3cb54-dirty,1,1,1,1,3,338,random_trajectory,34,0,1,5,0,-2808,0,1538,1540,native
ebde781a11596519c7a452de26bae83348e3cb54-dirty,1,1,1,1,3,901,blocked_spawn,34,0,1,3,0,-6732,0,1096,1098,native
ebde781a11596519c7a452de26bae83348e3cb54-dirty,1,1,1,1,3,959,equal_scores,17,0,0,3,0,-564,0,773,775,native
ebde781a11596519c7a452de26bae83348e3cb54-dirty,1,1,1,1,3,39,heuristic_trajectory,34,0,1,6,0,-887,0,1538,1540,native
ebde781a11596519c7a452de26bae83348e3cb54-dirty,1,1,1,1,3,639,high_stack_holes,34,0,3,4,14,-8724,0,1538,1540,native
ebde781a11596519c7a452de26bae83348e3cb54-dirty,1,1,1,1,3,988,last_candidate_winner,9,0,0,8,8,-5001,0,413,415,native
ebde781a11596519c7a452de26bae83348e3cb54-dirty,1,1,1,1,3,339,random_trajectory,34,0,1,7,4,-4536,0,1538,1540,native
ebde781a11596519c7a452de26bae83348e3cb54-dirty,1,1,1,1,3,902,blocked_spawn,17,0,1,3,0,-8247,0,433,435,native
ebde781a11596519c7a452de26bae83348e3cb54-dirty,1,1,1,1,3,963,equal_scores,17,0,0,1,1,-702,0,773,775,native
ebde781a11596519c7a452de26bae83348e3cb54-dirty,1,1,1,1,3,40,heuristic_trajectory,34,0,0,5,1,-1004,0,1538,1540,native
ebde781a11596519c7a452de26bae83348e3cb54-dirty,1,1,1,1,3,640,high_stack_holes,17,0,1,6,7,-8790,0,603,605,native
ebde781a11596519c7a452de26bae83348e3cb54-dirty,1,1,1,1,3,989,last_candidate_winner,17,0,1,9,2,-3917,0,773,775,native
ebde781a11596519c7a452de26bae83348e3cb54-dirty,1,1,1,1,3,340,random_trajectory,17,0,0,0,0,-222,0,773,775,native
ebde781a11596519c7a452de26bae83348e3cb54-dirty,1,1,1,1,3,903,blocked_spawn,17,0,1,0,0,-3891,0,569,571,native
ebde781a11596519c7a452de26bae83348e3cb54-dirty,1,1,1,1,3,964,equal_scores,17,0,0,1,0,-702,0,773,775,native
ebde781a11596519c7a452de26bae83348e3cb54-dirty,1,1,1,1,3,41,heuristic_trajectory,17,0,1,8,1,-993,0,773,775,native
ebde781a11596519c7a452de26bae83348e3cb54-dirty,1,1,1,1,3,641,high_stack_holes,17,0,0,0,0,0,1,195,197,native
ebde781a11596519c7a452de26bae83348e3cb54-dirty,1,1,1,1,3,998,last_candidate_winner,17,0,1,9,0,-1761,0,773,775,native
ebde781a11596519c7a452de26bae83348e3cb54-dirty,1,1,1,1,3,341,random_trajectory,17,0,1,9,12,-9936,0,297,299,native
ebde781a11596519c7a452de26bae83348e3cb54-dirty,1,1,1,1,3,906,blocked_spawn,9,0,0,0,0,-6621,0,277,279,native
ebde781a11596519c7a452de26bae83348e3cb54-dirty,1,1,1,1,3,968,equal_scores,34,0,0,6,3,-2307,0,1538,1540,native
ebde781a11596519c7a452de26bae83348e3cb54-dirty,1,1,1,1,3,42,heuristic_trajectory,9,0,0,0,6,-2682,0,413,415,native
ebde781a11596519c7a452de26bae83348e3cb54-dirty,1,1,1,1,3,642,high_stack_holes,17,0,1,3,13,-8508,0,739,741,native
ebde781a11596519c7a452de26bae83348e3cb54-dirty,1,1,1,1,3,999,last_candidate_winner,17,0,1,9,0,-356,0,773,775,native
ebde781a11596519c7a452de26bae83348e3cb54-dirty,1,1,1,1,3,342,random_trajectory,9,0,0,8,6,-7113,0,413,415,native
ebde781a11596519c7a452de26bae83348e3cb54-dirty,1,1,1,1,3,913,blocked_spawn,17,0,1,1,0,-6924,0,433,435,native
ebde781a11596519c7a452de26bae83348e3cb54-dirty,1,1,1,1,3,970,equal_scores,17,0,1,0,3,-1284,0,773,775,native
ebde781a11596519c7a452de26bae83348e3cb54-dirty,1,1,1,1,3,43,heuristic_trajectory,17,0,1,7,2,-1983,0,773,775,native
ebde781a11596519c7a452de26bae83348e3cb54-dirty,1,1,1,1,3,643,high_stack_holes,9,0,0,2,15,-8592,0,277,279,native
ebde781a11596519c7a452de26bae83348e3cb54-dirty,1,1,1,1,3,343,random_trajectory,34,0,3,4,15,-7695,0,1062,1064,native
ebde781a11596519c7a452de26bae83348e3cb54-dirty,1,1,1,1,3,916,blocked_spawn,17,0,1,7,0,-9282,0,365,367,native
ebde781a11596519c7a452de26bae83348e3cb54-dirty,1,1,1,1,3,982,equal_scores,34,0,0,4,3,-2172,0,1538,1540,native
ebde781a11596519c7a452de26bae83348e3cb54-dirty,1,1,1,1,3,44,heuristic_trajectory,17,0,1,8,0,-836,0,773,775,native
ebde781a11596519c7a452de26bae83348e3cb54-dirty,1,1,1,1,3,644,high_stack_holes,17,0,0,6,2,-1926,0,773,775,native
ebde781a11596519c7a452de26bae83348e3cb54-dirty,1,1,1,1,3,344,random_trajectory,17,0,1,9,12,-9936,0,297,299,native
ebde781a11596519c7a452de26bae83348e3cb54-dirty,1,1,1,1,3,923,blocked_spawn,34,0,0,0,17,-9405,0,1062,1064,native
ebde781a11596519c7a452de26bae83348e3cb54-dirty,1,1,1,1,3,985,equal_scores,17,0,0,3,3,-2466,0,773,775,native
ebde781a11596519c7a452de26bae83348e3cb54-dirty,1,1,1,1,3,45,heuristic_trajectory,17,0,1,9,1,-943,0,773,775,native
ebde781a11596519c7a452de26bae83348e3cb54-dirty,1,1,1,1,3,645,high_stack_holes,9,0,0,1,15,-9222,0,345,347,native
ebde781a11596519c7a452de26bae83348e3cb54-dirty,1,1,1,1,3,345,random_trajectory,34,0,1,5,0,-1566,0,1538,1540,native
ebde781a11596519c7a452de26bae83348e3cb54-dirty,1,1,1,1,3,926,blocked_spawn,9,0,0,2,18,-9105,0,141,143,native
ebde781a11596519c7a452de26bae83348e3cb54-dirty,1,1,1,1,3,987,equal_scores,34,0,0,1,2,-1560,0,1538,1540,native
ebde781a11596519c7a452de26bae83348e3cb54-dirty,1,1,1,1,3,46,heuristic_trajectory,9,0,0,1,1,-978,0,413,415,native
ebde781a11596519c7a452de26bae83348e3cb54-dirty,1,1,1,1,3,646,high_stack_holes,17,0,1,3,3,-8988,0,331,333,native
ebde781a11596519c7a452de26bae83348e3cb54-dirty,1,1,1,1,3,346,random_trajectory,34,0,1,8,8,-7299,0,1538,1540,native
ebde781a11596519c7a452de26bae83348e3cb54-dirty,1,1,1,1,3,927,blocked_spawn,17,0,1,0,17,-9852,0,263,265,native
ebde781a11596519c7a452de26bae83348e3cb54-dirty,1,1,1,1,3,992,equal_scores,34,0,0,5,0,-498,0,1538,1540,native
ebde781a11596519c7a452de26bae83348e3cb54-dirty,1,1,1,1,3,47,heuristic_trajectory,34,0,1,6,0,-887,0,1538,1540,native
ebde781a11596519c7a452de26bae83348e3cb54-dirty,1,1,1,1,3,647,high_stack_holes,17,0,1,5,0,-2253,0,773,775,native
ebde781a11596519c7a452de26bae83348e3cb54-dirty,1,1,1,1,3,347,random_trajectory,34,0,3,4,15,-7695,0,1062,1064,native
ebde781a11596519c7a452de26bae83348e3cb54-dirty,1,1,1,1,3,931,blocked_spawn,17,0,1,5,17,-7320,0,399,401,native
ebde781a11596519c7a452de26bae83348e3cb54-dirty,1,1,1,1,3,48,heuristic_trajectory,17,0,0,6,5,-3846,0,773,775,native
ebde781a11596519c7a452de26bae83348e3cb54-dirty,1,1,1,1,3,648,high_stack_holes,9,0,0,2,17,-9867,0,243,245,native
ebde781a11596519c7a452de26bae83348e3cb54-dirty,1,1,1,1,3,348,random_trajectory,9,0,0,0,6,-9300,0,175,177,native
ebde781a11596519c7a452de26bae83348e3cb54-dirty,1,1,1,1,3,933,blocked_spawn,34,0,3,5,17,-7227,0,1130,1132,native
ebde781a11596519c7a452de26bae83348e3cb54-dirty,1,1,1,1,3,49,heuristic_trajectory,9,0,0,3,4,-2667,0,413,415,native
ebde781a11596519c7a452de26bae83348e3cb54-dirty,1,1,1,1,3,649,high_stack_holes,34,0,2,3,18,-9255,0,756,758,native
ebde781a11596519c7a452de26bae83348e3cb54-dirty,1,1,1,1,3,349,random_trajectory,9,0,0,8,6,-7113,0,413,415,native
ebde781a11596519c7a452de26bae83348e3cb54-dirty,1,1,1,1,3,938,blocked_spawn,17,0,1,8,0,-7155,0,671,673,native
ebde781a11596519c7a452de26bae83348e3cb54-dirty,1,1,1,1,3,50,heuristic_trajectory,17,0,1,3,2,-2052,0,773,775,native
ebde781a11596519c7a452de26bae83348e3cb54-dirty,1,1,1,1,3,650,high_stack_holes,17,0,0,2,10,-6126,0,773,775,native
ebde781a11596519c7a452de26bae83348e3cb54-dirty,1,1,1,1,3,350,random_trajectory,17,0,1,2,0,-3195,0,773,775,native
ebde781a11596519c7a452de26bae83348e3cb54-dirty,1,1,1,1,3,939,blocked_spawn,17,0,1,2,0,-7146,0,263,265,native
ebde781a11596519c7a452de26bae83348e3cb54-dirty,1,1,1,1,3,51,heuristic_trajectory,17,0,1,9,1,-840,0,773,775,native
ebde781a11596519c7a452de26bae83348e3cb54-dirty,1,1,1,1,3,651,high_stack_holes,17,0,1,1,16,-9255,0,501,503,native
ebde781a11596519c7a452de26bae83348e3cb54-dirty,1,1,1,1,3,351,random_trajectory,17,0,1,2,0,-3195,0,773,775,native
ebde781a11596519c7a452de26bae83348e3cb54-dirty,1,1,1,1,3,940,blocked_spawn,34,0,0,4,0,-4926,0,1436,1438,native
ebde781a11596519c7a452de26bae83348e3cb54-dirty,1,1,1,1,3,52,heuristic_trajectory,9,0,0,7,1,-1911,0,413,415,native
ebde781a11596519c7a452de26bae83348e3cb54-dirty,1,1,1,1,3,652,high_stack_holes,34,0,3,7,14,-9120,0,926,928,native
ebde781a11596519c7a452de26bae83348e3cb54-dirty,1,1,1,1,3,352,random_trajectory,17,0,1,0,0,-4029,0,773,775,native
ebde781a11596519c7a452de26bae83348e3cb54-dirty,1,1,1,1,3,955,blocked_spawn,17,0,1,0,0,-4896,0,671,673,native
ebde781a11596519c7a452de26bae83348e3cb54-dirty,1,1,1,1,3,53,heuristic_trajectory,34,0,2,5,5,-3261,0,1538,1540,native
ebde781a11596519c7a452de26bae83348e3cb54-dirty,1,1,1,1,3,653,high_stack_holes,9,0,0,0,0,-240,0,413,415,native
ebde781a11596519c7a452de26bae83348e3cb54-dirty,1,1,1,1,3,353,random_trajectory,17,0,0,7,18,-9915,0,229,231,native
ebde781a11596519c7a452de26bae83348e3cb54-dirty,1,1,1,1,3,960,blocked_spawn,17,0,0,4,0,-5934,0,535,537,native
ebde781a11596519c7a452de26bae83348e3cb54-dirty,1,1,1,1,3,54,heuristic_trajectory,17,0,1,6,5,-3326,0,773,775,native
ebde781a11596519c7a452de26bae83348e3cb54-dirty,1,1,1,1,3,654,high_stack_holes,9,0,0,4,13,-9543,0,209,211,native
ebde781a11596519c7a452de26bae83348e3cb54-dirty,1,1,1,1,3,354,random_trajectory,17,0,1,2,0,-2004,0,773,775,native
ebde781a11596519c7a452de26bae83348e3cb54-dirty,1,1,1,1,3,965,blocked_spawn,34,0,3,5,0,-5133,0,1300,1302,native
ebde781a11596519c7a452de26bae83348e3cb54-dirty,1,1,1,1,3,55,heuristic_trajectory,17,0,0,1,2,-1269,0,773,775,native
ebde781a11596519c7a452de26bae83348e3cb54-dirty,1,1,1,1,3,655,high_stack_holes,17,0,1,8,16,-9696,0,365,367,native
ebde781a11596519c7a452de26bae83348e3cb54-dirty,1,1,1,1,3,355,random_trajectory,17,0,1,2,0,-2004,0,773,775,native
ebde781a11596519c7a452de26bae83348e3cb54-dirty,1,1,1,1,3,966,blocked_spawn,34,0,1,2,0,-7959,0,960,962,native
ebde781a11596519c7a452de26bae83348e3cb54-dirty,1,1,1,1,3,56,heuristic_trajectory,9,0,0,7,2,-1641,0,413,415,native
ebde781a11596519c7a452de26bae83348e3cb54-dirty,1,1,1,1,3,656,high_stack_holes,17,0,0,0,11,-6174,0,773,775,native
ebde781a11596519c7a452de26bae83348e3cb54-dirty,1,1,1,1,3,356,random_trajectory,34,0,0,0,0,-258,0,1538,1540,native
ebde781a11596519c7a452de26bae83348e3cb54-dirty,1,1,1,1,3,973,blocked_spawn,17,0,1,7,0,-4416,0,637,639,native
ebde781a11596519c7a452de26bae83348e3cb54-dirty,1,1,1,1,3,57,heuristic_trajectory,34,0,0,7,2,-1892,0,1538,1540,native
ebde781a11596519c7a452de26bae83348e3cb54-dirty,1,1,1,1,3,657,high_stack_holes,17,0,1,2,15,-9150,0,365,367,native
ebde781a11596519c7a452de26bae83348e3cb54-dirty,1,1,1,1,3,357,random_trajectory,17,0,0,7,18,-9915,0,229,231,native
ebde781a11596519c7a452de26bae83348e3cb54-dirty,1,1,1,1,3,974,blocked_spawn,9,0,0,3,0,-6375,0,345,347,native
ebde781a11596519c7a452de26bae83348e3cb54-dirty,1,1,1,1,3,58,heuristic_trajectory,34,0,1,0,0,-848,0,1538,1540,native
ebde781a11596519c7a452de26bae83348e3cb54-dirty,1,1,1,1,3,658,high_stack_holes,17,0,1,1,16,-9729,0,331,333,native
ebde781a11596519c7a452de26bae83348e3cb54-dirty,1,1,1,1,3,358,random_trajectory,17,0,1,2,0,-3195,0,773,775,native
ebde781a11596519c7a452de26bae83348e3cb54-dirty,1,1,1,1,3,975,blocked_spawn,17,0,0,5,0,-6156,0,569,571,native
ebde781a11596519c7a452de26bae83348e3cb54-dirty,1,1,1,1,3,59,heuristic_trajectory,34,0,3,8,3,-2267,0,1538,1540,native
ebde781a11596519c7a452de26bae83348e3cb54-dirty,1,1,1,1,3,659,high_stack_holes,17,0,0,6,15,-8346,0,773,775,native
ebde781a11596519c7a452de26bae83348e3cb54-dirty,1,1,1,1,3,359,random_trajectory,9,0,0,8,2,-6639,0,413,415,native
ebde781a11596519c7a452de26bae83348e3cb54-dirty,1,1,1,1,3,978,blocked_spawn,9,0,0,7,0,-7305,0,209,211,native
ebde781a11596519c7a452de26bae83348e3cb54-dirty,1,1,1,1,3,60,heuristic_trajectory,34,0,3,8,3,-2114,0,1538,1540,native
ebde781a11596519c7a452de26bae83348e3cb54-dirty,1,1,1,1,3,660,high_stack_holes,17,0,1,5,15,-9204,0,535,537,native
ebde781a11596519c7a452de26bae83348e3cb54-dirty,1,1,1,1,3,360,random_trajectory,17,0,1,2,0,-2004,0,773,775,native
ebde781a11596519c7a452de26bae83348e3cb54-dirty,1,1,1,1,3,981,blocked_spawn,34,0,1,2,17,-5871,0,1028,1030,native
ebde781a11596519c7a452de26bae83348e3cb54-dirty,1,1,1,1,3,61,heuristic_trajectory,34,0,2,4,1,-1503,0,1538,1540,native
ebde781a11596519c7a452de26bae83348e3cb54-dirty,1,1,1,1,3,661,high_stack_holes,34,0,3,5,9,-7995,0,926,928,native
ebde781a11596519c7a452de26bae83348e3cb54-dirty,1,1,1,1,3,361,random_trajectory,34,0,3,2,16,-8724,0,892,894,native
ebde781a11596519c7a452de26bae83348e3cb54-dirty,1,1,1,1,3,983,blocked_spawn,34,0,1,3,15,-9939,0,586,588,native
ebde781a11596519c7a452de26bae83348e3cb54-dirty,1,1,1,1,3,62,heuristic_trajectory,34,0,2,0,2,-1182,0,1538,1540,native
ebde781a11596519c7a452de26bae83348e3cb54-dirty,1,1,1,1,3,662,high_stack_holes,34,0,0,7,0,-240,0,1538,1540,native
ebde781a11596519c7a452de26bae83348e3cb54-dirty,1,1,1,1,3,362,random_trajectory,17,0,1,2,0,-3195,0,773,775,native
ebde781a11596519c7a452de26bae83348e3cb54-dirty,1,1,1,1,3,991,blocked_spawn,34,0,1,8,0,-8385,0,824,826,native
ebde781a11596519c7a452de26bae83348e3cb54-dirty,1,1,1,1,3,63,heuristic_trajectory,34,0,2,7,0,-808,0,1538,1540,native
ebde781a11596519c7a452de26bae83348e3cb54-dirty,1,1,1,1,3,663,high_stack_holes,34,0,2,2,16,-9927,0,756,758,native
ebde781a11596519c7a452de26bae83348e3cb54-dirty,1,1,1,1,3,363,random_trajectory,17,0,0,3,12,-5277,0,773,775,native
ebde781a11596519c7a452de26bae83348e3cb54-dirty,1,1,1,1,3,995,blocked_spawn,17,0,1,8,0,-6996,0,603,605,native
ebde781a11596519c7a452de26bae83348e3cb54-dirty,1,1,1,1,3,64,heuristic_trajectory,17,0,1,0,0,-1517,0,773,775,native
ebde781a11596519c7a452de26bae83348e3cb54-dirty,1,1,1,1,3,664,high_stack_holes,9,0,0,2,17,-9966,0,243,245,native
ebde781a11596519c7a452de26bae83348e3cb54-dirty,1,1,1,1,3,364,random_trajectory,9,0,0,0,0,0,1,107,109,native
ebde781a11596519c7a452de26bae83348e3cb54-dirty,1,1,1,1,3,996,blocked_spawn,34,0,3,3,0,-6105,0,1096,1098,native
ebde781a11596519c7a452de26bae83348e3cb54-dirty,1,1,1,1,3,65,heuristic_trajectory,34,0,3,0,3,-1961,0,1538,1540,native
ebde781a11596519c7a452de26bae83348e3cb54-dirty,1,1,1,1,3,665,high_stack_holes,17,0,1,1,11,-7098,0,773,775,native
ebde781a11596519c7a452de26bae83348e3cb54-dirty,1,1,1,1,3,365,random_trajectory,17,0,0,3,12,-5277,0,773,775,native
ebde781a11596519c7a452de26bae83348e3cb54-dirty,1,1,1,1,3,997,blocked_spawn,17,0,1,5,0,-7395,0,467,469,native
ebde781a11596519c7a452de26bae83348e3cb54-dirty,1,1,1,1,3,66,heuristic_trajectory,34,0,0,5,2,-1677,0,1538,1540,native
ebde781a11596519c7a452de26bae83348e3cb54-dirty,1,1,1,1,3,666,high_stack_holes,9,0,0,1,15,-8880,0,345,347,native
ebde781a11596519c7a452de26bae83348e3cb54-dirty,1,1,1,1,3,366,random_trajectory,17,0,1,0,0,-4029,0,773,775,native
ebde781a11596519c7a452de26bae83348e3cb54-dirty,1,1,1,1,3,67,heuristic_trajectory,17,0,0,7,2,-1902,0,773,775,native
ebde781a11596519c7a452de26bae83348e3cb54-dirty,1,1,1,1,3,667,high_stack_holes,34,0,1,7,17,-9765,0,722,724,native
ebde781a11596519c7a452de26bae83348e3cb54-dirty,1,1,1,1,3,367,random_trajectory,34,0,1,8,11,-9834,0,484,486,native
ebde781a11596519c7a452de26bae83348e3cb54-dirty,1,1,1,1,3,68,heuristic_trajectory,34,0,2,6,2,-1980,0,1538,1540,native
ebde781a11596519c7a452de26bae83348e3cb54-dirty,1,1,1,1,3,668,high_stack_holes,34,0,1,3,12,-7941,0,1538,1540,native
ebde781a11596519c7a452de26bae83348e3cb54-dirty,1,1,1,1,3,368,random_trajectory,9,0,0,8,2,-6639,0,413,415,native
ebde781a11596519c7a452de26bae83348e3cb54-dirty,1,1,1,1,3,69,heuristic_trajectory,17,0,0,6,0,-302,0,773,775,native
ebde781a11596519c7a452de26bae83348e3cb54-dirty,1,1,1,1,3,669,high_stack_holes,9,0,0,6,16,-9219,0,379,381,native
ebde781a11596519c7a452de26bae83348e3cb54-dirty,1,1,1,1,3,369,random_trajectory,17,0,0,7,18,-9915,0,229,231,native
ebde781a11596519c7a452de26bae83348e3cb54-dirty,1,1,1,1,3,70,heuristic_trajectory,17,0,1,8,2,-1920,0,773,775,native
ebde781a11596519c7a452de26bae83348e3cb54-dirty,1,1,1,1,3,670,high_stack_holes,34,0,1,1,15,-9108,0,858,860,native
ebde781a11596519c7a452de26bae83348e3cb54-dirty,1,1,1,1,3,370,random_trajectory,34,0,1,8,8,-9648,0,484,486,native
ebde781a11596519c7a452de26bae83348e3cb54-dirty,1,1,1,1,3,71,heuristic_trajectory,17,0,1,2,1,-1193,0,773,775,native
ebde781a11596519c7a452de26bae83348e3cb54-dirty,1,1,1,1,3,671,high_stack_holes,9,0,0,0,0,-240,0,413,415,native
ebde781a11596519c7a452de26bae83348e3cb54-dirty,1,1,1,1,3,371,random_trajectory,34,0,3,2,0,-1155,0,1538,1540,native
ebde781a11596519c7a452de26bae83348e3cb54-dirty,1,1,1,1,3,72,heuristic_trajectory,34,0,3,0,3,-1976,0,1538,1540,native
ebde781a11596519c7a452de26bae83348e3cb54-dirty,1,1,1,1,3,672,high_stack_holes,17,0,1,5,16,-9432,0,569,571,native
ebde781a11596519c7a452de26bae83348e3cb54-dirty,1,1,1,1,3,372,random_trajectory,17,0,1,0,0,-10047,0,229,231,native
ebde781a11596519c7a452de26bae83348e3cb54-dirty,1,1,1,1,3,73,heuristic_trajectory,9,0,0,1,2,-1914,0,413,415,native
ebde781a11596519c7a452de26bae83348e3cb54-dirty,1,1,1,1,3,673,high_stack_holes,17,0,1,7,16,-9234,0,535,537,native
ebde781a11596519c7a452de26bae83348e3cb54-dirty,1,1,1,1,3,373,random_trajectory,34,0,3,2,0,-1155,0,1538,1540,native
ebde781a11596519c7a452de26bae83348e3cb54-dirty,1,1,1,1,3,74,heuristic_trajectory,17,0,1,9,4,-2900,0,773,775,native
ebde781a11596519c7a452de26bae83348e3cb54-dirty,1,1,1,1,3,674,high_stack_holes,17,0,1,9,5,-4116,0,773,775,native
ebde781a11596519c7a452de26bae83348e3cb54-dirty,1,1,1,1,3,374,random_trajectory,34,0,3,8,1,-8193,0,1198,1200,native
ebde781a11596519c7a452de26bae83348e3cb54-dirty,1,1,1,1,3,75,heuristic_trajectory,34,0,2,0,0,-1095,0,1538,1540,native
ebde781a11596519c7a452de26bae83348e3cb54-dirty,1,1,1,1,3,675,high_stack_holes,17,0,1,2,13,-9156,0,637,639,native
ebde781a11596519c7a452de26bae83348e3cb54-dirty,1,1,1,1,3,375,random_trajectory,9,0,0,8,2,-6639,0,413,415,native
ebde781a11596519c7a452de26bae83348e3cb54-dirty,1,1,1,1,3,76,heuristic_trajectory,17,0,1,8,1,-993,0,773,775,native
ebde781a11596519c7a452de26bae83348e3cb54-dirty,1,1,1,1,3,676,high_stack_holes,34,0,1,0,16,-9318,0,1062,1064,native
ebde781a11596519c7a452de26bae83348e3cb54-dirty,1,1,1,1,3,376,random_trajectory,17,0,1,0,16,-9198,0,399,401,native
ebde781a11596519c7a452de26bae83348e3cb54-dirty,1,1,1,1,3,77,heuristic_trajectory,9,0,0,4,2,-1710,0,413,415,native
ebde781a11596519c7a452de26bae83348e3cb54-dirty,1,1,1,1,3,677,high_stack_holes,17,0,1,7,16,-8870,0,467,469,native
ebde781a11596519c7a452de26bae83348e3cb54-dirty,1,1,1,1,3,377,random_trajectory,34,0,3,8,0,-636,0,1538,1540,native
ebde781a11596519c7a452de26bae83348e3cb54-dirty,1,1,1,1,3,78,heuristic_trajectory,17,0,0,4,2,-2328,0,773,775,native
ebde781a11596519c7a452de26bae83348e3cb54-dirty,1,1,1,1,3,678,high_stack_holes,34,0,1,5,12,-8967,0,1198,1200,native
ebde781a11596519c7a452de26bae83348e3cb54-dirty,1,1,1,1,3,378,random_trajectory,34,0,1,8,11,-9834,0,484,486,native
ebde781a11596519c7a452de26bae83348e3cb54-dirty,1,1,1,1,3,79,heuristic_trajectory,9,0,0,8,4,-2478,0,413,415,native
ebde781a11596519c7a452de26bae83348e3cb54-dirty,1,1,1,1,3,679,high_stack_holes,9,0,0,1,15,-9162,0,311,313,native
ebde781a11596519c7a452de26bae83348e3cb54-dirty,1,1,1,1,3,379,random_trajectory,34,0,3,8,17,-9468,0,722,724,native
ebde781a11596519c7a452de26bae83348e3cb54-dirty,1,1,1,1,3,80,heuristic_trajectory,17,0,0,3,3,-2115,0,773,775,native
ebde781a11596519c7a452de26bae83348e3cb54-dirty,1,1,1,1,3,680,high_stack_holes,17,0,1,4,6,-4272,0,773,775,native
ebde781a11596519c7a452de26bae83348e3cb54-dirty,1,1,1,1,3,380,random_trajectory,9,0,0,8,2,-6639,0,413,415,native
ebde781a11596519c7a452de26bae83348e3cb54-dirty,1,1,1,1,3,81,heuristic_trajectory,17,0,1,8,1,-993,0,773,775,native
ebde781a11596519c7a452de26bae83348e3cb54-dirty,1,1,1,1,3,681,high_stack_holes,17,0,1,0,13,-8715,0,637,639,native
ebde781a11596519c7a452de26bae83348e3cb54-dirty,1,1,1,1,3,381,random_trajectory,17,0,1,0,0,-10047,0,229,231,native
ebde781a11596519c7a452de26bae83348e3cb54-dirty,1,1,1,1,3,82,heuristic_trajectory,9,0,0,7,2,-1641,0,413,415,native
ebde781a11596519c7a452de26bae83348e3cb54-dirty,1,1,1,1,3,682,high_stack_holes,9,0,0,8,6,-8862,0,209,211,native
ebde781a11596519c7a452de26bae83348e3cb54-dirty,1,1,1,1,3,382,random_trajectory,9,0,0,0,0,0,1,107,109,native
ebde781a11596519c7a452de26bae83348e3cb54-dirty,1,1,1,1,3,83,heuristic_trajectory,17,0,1,8,2,-1940,0,773,775,native
ebde781a11596519c7a452de26bae83348e3cb54-dirty,1,1,1,1,3,683,high_stack_holes,34,0,2,1,15,-8549,0,1538,1540,native
ebde781a11596519c7a452de26bae83348e3cb54-dirty,1,1,1,1,3,383,random_trajectory,34,0,0,0,16,-7632,0,1538,1540,native
ebde781a11596519c7a452de26bae83348e3cb54-dirty,1,1,1,1,3,84,heuristic_trajectory,34,0,2,6,2,-1878,0,1538,1540,native
ebde781a11596519c7a452de26bae83348e3cb54-dirty,1,1,1,1,3,684,high_stack_holes,17,0,1,5,15,-8868,0,739,741,native
ebde781a11596519c7a452de26bae83348e3cb54-dirty,1,1,1,1,3,384,random_trajectory,34,0,3,8,17,-9468,0,722,724,native
ebde781a11596519c7a452de26bae83348e3cb54-dirty,1,1,1,1,3,85,heuristic_trajectory,34,0,2,4,2,-2019,0,1538,1540,native
ebde781a11596519c7a452de26bae83348e3cb54-dirty,1,1,1,1,3,685,high_stack_holes,34,0,1,5,17,-9975,0,416,418,native
ebde781a11596519c7a452de26bae83348e3cb54-dirty,1,1,1,1,3,385,random_trajectory,34,0,3,8,17,-9468,0,722,724,native
ebde781a11596519c7a452de26bae83348e3cb54-dirty,1,1,1,1,3,86,heuristic_trajectory,9,0,0,0,3,-2001,0,413,415,native
ebde781a11596519c7a452de26bae83348e3cb54-dirty,1,1,1,1,3,686,high_stack_holes,17,0,1,1,3,-2424,0,773,775,native
ebde781a11596519c7a452de26bae83348e3cb54-dirty,1,1,1,1,3,386,random_trajectory,9,0,0,8,14,-8987,0,141,143,native
ebde781a11596519c7a452de26bae83348e3cb54-dirty,1,1,1,1,3,87,heuristic_trajectory,34,0,2,2,0,-1044,0,1538,1540,native
ebde781a11596519c7a452de26bae83348e3cb54-dirty,1,1,1,1,3,687,high_stack_holes,17,0,1,6,15,-9771,0,433,435,native
ebde781a11596519c7a452de26bae83348e3cb54-dirty,1,1,1,1,3,387,random_trajectory,34,0,3,2,16,-8724,0,892,894,native
ebde781a11596519c7a452de26bae83348e3cb54-dirty,1,1,1,1,3,88,heuristic_trajectory,17,0,0,6,2,-975,0,773,775,native
ebde781a11596519c7a452de26bae83348e3cb54-dirty,1,1,1,1,3,688,high_stack_holes,34,0,1,4,5,-8880,0,994,996,native
ebde781a11596519c7a452de26bae83348e3cb54-dirty,1,1,1,1,3,388,random_trajectory,34,0,3,8,1,-8193,0,1198,1200,native
ebde781a11596519c7a452de26bae83348e3cb54-dirty,1,1,1,1,3,89,heuristic_trajectory,17,0,0,6,3,-2205,0,773,775,native
ebde781a11596519c7a452de26bae83348e3cb54-dirty,1,1,1,1,3,689,high_stack_holes,17,0,0,7,2,-3636,0,773,775,native
ebde781a11596519c7a452de26bae83348e3cb54-dirty,1,1,1,1,3,389,random_trajectory,17,0,0,4,16,-7923,0,739,741,native
ebde781a11596519c7a452de26bae83348e3cb54-dirty,1,1,1,1,3,90,heuristic_trajectory,17,0,0,4,0,-1044,0,773,775,native
ebde781a11596519c7a452de26bae83348e3cb54-dirty,1,1,1,1,3,690,high_stack_holes,17,0,1,2,16,-9501,0,365,367,native
ebde781a11596519c7a452de26bae83348e3cb54-dirty,1,1,1,1,3,390,random_trajectory,34,0,1,8,8,-9648,0,484,486,native
ebde781a11596519c7a452de26bae83348e3cb54-dirty,1,1,1,1,3,91,heuristic_trajectory,9,0,0,0,7,-3672,0,413,415,native
ebde781a11596519c7a452de26bae83348e3cb54-dirty,1,1,1,1,3,691,high_stack_holes,34,0,3,0,1,-8337,0,620,622,native
ebde781a11596519c7a452de26bae83348e3cb54-dirty,1,1,1,1,3,391,random_trajectory,34,0,0,0,0,-258,0,1538,1540,native
ebde781a11596519c7a452de26bae83348e3cb54-dirty,1,1,1,1,3,92,heuristic_trajectory,9,0,0,1,2,-1407,0,413,415,native
ebde781a11596519c7a452de26bae83348e3cb54-dirty,1,1,1,1,3,692,high_stack_holes,34,0,0,0,0,0,1,382,384,native
ebde781a11596519c7a452de26bae83348e3cb54-dirty,1,1,1,1,3,392,random_trajectory,34,0,3,8,1,-6297,0,1538,1540,native
ebde781a11596519c7a452de26bae83348e3cb54-dirty,1,1,1,1,3,93,heuristic_trajectory,9,0,0,8,6,-3351,0,413,415,native
ebde781a11596519c7a452de26bae83348e3cb54-dirty,1,1,1,1,3,693,high_stack_holes,34,0,1,1,16,-9456,0,926,928,native
ebde781a11596519c7a452de26bae83348e3cb54-dirty,1,1,1,1,3,393,random_trajectory,34,0,3,8,0,-5994,0,1538,1540,native
ebde781a11596519c7a452de26bae83348e3cb54-dirty,1,1,1,1,3,94,heuristic_trajectory,34,0,1,5,1,-1848,0,1538,1540,native
ebde781a11596519c7a452de26bae83348e3cb54-dirty,1,1,1,1,3,694,high_stack_holes,17,0,1,5,7,-7500,0,773,775,native
ebde781a11596519c7a452de26bae83348e3cb54-dirty,1,1,1,1,3,394,random_trajectory,17,0,1,0,0,-10047,0,229,231,native
ebde781a11596519c7a452de26bae83348e3cb54-dirty,1,1,1,1,3,95,heuristic_trajectory,34,0,2,3,0,-1350,0,1538,1540,native
ebde781a11596519c7a452de26bae83348e3cb54-dirty,1,1,1,1,3,695,high_stack_holes,34,0,1,0,7,-3899,0,1538,1540,native
ebde781a11596519c7a452de26bae83348e3cb54-dirty,1,1,1,1,3,395,random_trajectory,34,0,1,8,11,-9834,0,484,486,native
ebde781a11596519c7a452de26bae83348e3cb54-dirty,1,1,1,1,3,96,heuristic_trajectory,17,0,0,6,5,-3846,0,773,775,native
ebde781a11596519c7a452de26bae83348e3cb54-dirty,1,1,1,1,3,696,high_stack_holes,9,0,0,1,12,-9315,0,209,211,native
ebde781a11596519c7a452de26bae83348e3cb54-dirty,1,1,1,1,3,396,random_trajectory,17,0,1,0,16,-9198,0,399,401,native
ebde781a11596519c7a452de26bae83348e3cb54-dirty,1,1,1,1,3,97,heuristic_trajectory,34,0,1,0,2,-2147,0,1538,1540,native
ebde781a11596519c7a452de26bae83348e3cb54-dirty,1,1,1,1,3,697,high_stack_holes,17,0,1,4,3,-7263,0,535,537,native
ebde781a11596519c7a452de26bae83348e3cb54-dirty,1,1,1,1,3,397,random_trajectory,34,0,1,8,8,-9648,0,484,486,native
ebde781a11596519c7a452de26bae83348e3cb54-dirty,1,1,1,1,3,98,heuristic_trajectory,34,0,3,8,5,-3392,0,1538,1540,native
ebde781a11596519c7a452de26bae83348e3cb54-dirty,1,1,1,1,3,698,high_stack_holes,17,0,1,7,7,-4515,0,773,775,native
ebde781a11596519c7a452de26bae83348e3cb54-dirty,1,1,1,1,3,398,random_trajectory,17,0,1,0,0,-4029,0,773,775,native
ebde781a11596519c7a452de26bae83348e3cb54-dirty,1,1,1,1,3,99,heuristic_trajectory,34,0,3,8,5,-3392,0,1538,1540,native
ebde781a11596519c7a452de26bae83348e3cb54-dirty,1,1,1,1,3,699,high_stack_holes,17,0,1,4,14,-9741,0,467,469,native
ebde781a11596519c7a452de26bae83348e3cb54-dirty,1,1,1,1,3,399,random_trajectory,9,0,0,3,17,-9030,0,209,211,native
ebde781a11596519c7a452de26bae83348e3cb54-dirty,1,1,1,1,3,100,heuristic_trajectory,17,0,0,1,2,-1980,0,773,775,native
ebde781a11596519c7a452de26bae83348e3cb54-dirty,1,1,1,1,3,700,high_stack_holes,34,0,1,0,16,-9102,0,824,826,native
ebde781a11596519c7a452de26bae83348e3cb54-dirty,1,1,1,1,3,400,random_trajectory,34,0,1,3,12,-7788,0,1538,1540,native
ebde781a11596519c7a452de26bae83348e3cb54-dirty,1,1,1,1,3,101,heuristic_trajectory,17,0,0,4,3,-2271,0,773,775,native
ebde781a11596519c7a452de26bae83348e3cb54-dirty,1,1,1,1,3,701,high_stack_holes,34,0,2,3,14,-7709,0,1538,1540,native
ebde781a11596519c7a452de26bae83348e3cb54-dirty,1,1,1,1,3,401,random_trajectory,34,0,3,2,1,-1905,0,1538,1540,native
ebde781a11596519c7a452de26bae83348e3cb54-dirty,1,1,1,1,3,102,heuristic_trajectory,17,0,0,4,3,-2358,0,773,775,native
ebde781a11596519c7a452de26bae83348e3cb54-dirty,1,1,1,1,3,702,high_stack_holes,9,0,0,0,14,-9312,0,311,313,native
ebde781a11596519c7a452de26bae83348e3cb54-dirty,1,1,1,1,3,402,random_trajectory,34,0,0,7,0,-1149,0,1538,1540,native
ebde781a11596519c7a452de26bae83348e3cb54-dirty,1,1,1,1,3,103,heuristic_trajectory,34,0,2,6,0,-822,0,1538,1540,native
ebde781a11596519c7a452de26bae83348e3cb54-dirty,1,1,1,1,3,703,high_stack_holes,17,0,1,0,17,-9189,0,365,367,native
ebde781a11596519c7a452de26bae83348e3cb54-dirty,1,1,1,1,3,403,random_trajectory,9,0,0,5,0,-480,0,413,415,native
ebde781a11596519c7a452de26bae83348e3cb54-dirty,1,1,1,1,3,104,heuristic_trajectory,34,0,0,7,1,-662,0,1538,1540,native
ebde781a11596519c7a452de26bae83348e3cb54-dirty,1,1,1,1,3,704,high_stack_holes,17,0,0,0,0,-327,0,773,775,native
ebde781a11596519c7a452de26bae83348e3cb54-dirty,1,1,1,1,3,404,random_trajectory,34,0,3,2,1,-1905,0,1538,1540,native
ebde781a11596519c7a452de26bae83348e3cb54-dirty,1,1,1,1,3,105,heuristic_trajectory,9,0,0,3,7,-3999,0,413,415,native
ebde781a11596519c7a452de26bae83348e3cb54-dirty,1,1,1,1,3,705,high_stack_holes,9,0,0,3,14,-9657,0,311,313,native
ebde781a11596519c7a452de26bae83348e3cb54-dirty,1,1,1,1,3,405,random_trajectory,17,0,1,3,9,-8373,0,671,673,native
ebde781a11596519c7a452de26bae83348e3cb54-dirty,1,1,1,1,3,106,heuristic_trajectory,34,0,2,4,3,-2700,0,1538,1540,native
ebde781a11596519c7a452de26bae83348e3cb54-dirty,1,1,1,1,3,706,high_stack_holes,17,0,1,2,17,-9474,0,297,299,native
ebde781a11596519c7a452de26bae83348e3cb54-dirty,1,1,1,1,3,406,random_trajectory,34,0,1,3,12,-7788,0,1538,1540,native
ebde781a11596519c7a452de26bae83348e3cb54-dirty,1,1,1,1,3,107,heuristic_trajectory,34,0,1,3,3,-2412,0,1538,1540,native
ebde781a11596519c7a452de26bae83348e3cb54-dirty,1,1,1,1,3,707,high_stack_holes,34,0,3,4,4,-3537,0,1538,1540,native
ebde781a11596519c7a452de26bae83348e3cb54-dirty,1,1,1,1,3,407,random_trajectory,17,0,1,3,9,-8373,0,671,673,native
ebde781a11596519c7a452de26bae83348e3cb54-dirty,1,1,1,1,3,108,heuristic_trajectory,34,0,2,2,5,-3588,0,1538,1540,native
ebde781a11596519c7a452de26bae83348e3cb54-dirty,1,1,1,1,3,708,high_stack_holes,34,0,1,8,11,-7676,0,1266,1268,native
ebde781a11596519c7a452de26bae83348e3cb54-dirty,1,1,1,1,3,408,random_trajectory,34,0,1,6,8,-5283,0,1538,1540,native
ebde781a11596519c7a452de26bae83348e3cb54-dirty,1,1,1,1,3,109,heuristic_trajectory,17,0,1,8,0,-200,0,773,775,native
ebde781a11596519c7a452de26bae83348e3cb54-dirty,1,1,1,1,3,709,high_stack_holes,9,0,0,4,17,-9351,0,311,313,native
ebde781a11596519c7a452de26bae83348e3cb54-dirty,1,1,1,1,3,409,random_trajectory,34,0,1,5,16,-9234,0,1266,1268,native
ebde781a11596519c7a452de26bae83348e3cb54-dirty,1,1,1,1,3,110,heuristic_trajectory,34,0,2,2,1,-1248,0,1538,1540,native
ebde781a11596519c7a452de26bae83348e3cb54-dirty,1,1,1,1,3,710,high_stack_holes,17,0,1,3,11,-6813,0,773,775,native
ebde781a11596519c7a452de26bae83348e3cb54-dirty,1,1,1,1,3,410,random_trajectory,34,0,3,8,1,-6327,0,1538,1540,native
ebde781a11596519c7a452de26bae83348e3cb54-dirty,1,1,1,1,3,111,heuristic_trajectory,34,0,3,8,5,-3188,0,1538,1540,native
ebde781a11596519c7a452de26bae83348e3cb54-dirty,1,1,1,1,3,711,high_stack_holes,17,0,1,3,0,-7646,0,603,605,native
ebde781a11596519c7a452de26bae83348e3cb54-dirty,1,1,1,1,3,411,random_trajectory,34,0,1,3,12,-7788,0,1538,1540,native
ebde781a11596519c7a452de26bae83348e3cb54-dirty,1,1,1,1,3,112,heuristic_trajectory,34,0,0,3,9,-4866,0,1538,1540,native
ebde781a11596519c7a452de26bae83348e3cb54-dirty,1,1,1,1,3,712,high_stack_holes,17,0,1,0,17,-9375,0,501,503,native
ebde781a11596519c7a452de26bae83348e3cb54-dirty,1,1,1,1,3,412,random_trajectory,34,0,3,2,1,-1905,0,1538,1540,native
ebde781a11596519c7a452de26bae83348e3cb54-dirty,1,1,1,1,3,113,heuristic_trajectory,34,0,2,4,2,-1776,0,1538,1540,native
ebde781a11596519c7a452de26bae83348e3cb54-dirty,1,1,1,1,3,713,high_stack_holes,34,0,1,2,7,-8712,0,688,690,native
ebde781a11596519c7a452de26bae83348e3cb54-dirty,1,1,1,1,3,413,random_trajectory,17,0,0,0,0,0,1,195,197,native
ebde781a11596519c7a452de26bae83348e3cb54-dirty,1,1,1,1,3,114,heuristic_trajectory,34,0,2,7,2,-1940,0,1538,1540,native
ebde781a11596519c7a452de26bae83348e3cb54-dirty,1,1,1,1,3,714,high_stack_holes,34,0,1,3,15,-9630,0,824,826,native
ebde781a11596519c7a452de26bae83348e3cb54-dirty,1,1,1,1,3,414,random_trajectory,17,0,1,3,9,-8373,0,671,673,native
ebde781a11596519c7a452de26bae83348e3cb54-dirty,1,1,1,1,3,115,heuristic_trajectory,17,0,0,3,2,-1656,0,773,775,native
ebde781a11596519c7a452de26bae83348e3cb54-dirty,1,1,1,1,3,715,high_stack_holes,17,0,1,1,6,-9057,0,603,605,native
ebde781a11596519c7a452de26bae83348e3cb54-dirty,1,1,1,1,3,415,random_trajectory,17,0,1,3,9,-8373,0,671,673,native
ebde781a11596519c7a452de26bae83348e3cb54-dirty,1,1,1,1,3,116,heuristic_trajectory,34,0,1,0,4,-3861,0,1538,1540,native
ebde781a11596519c7a452de26bae83348e3cb54-dirty,1,1,1,1,3,716,high_stack_holes,34,0,1,4,12,-7755,0,1538,1540,native
ebde781a11596519c7a452de26bae83348e3cb54-dirty,1,1,1,1,3,416,random_trajectory,9,0,0,0,3,-4644,0,413,415,native
ebde781a11596519c7a452de26bae83348e3cb54-dirty,1,1,1,1,3,117,heuristic_trajectory,17,0,0,5,6,-3675,0,773,775,native
ebde781a11596519c7a452de26bae83348e3cb54-dirty,1,1,1,1,3,717,high_stack_holes,17,0,0,6,15,-9162,0,399,401,native
ebde781a11596519c7a452de26bae83348e3cb54-dirty,1,1,1,1,3,417,random_trajectory,34,0,1,6,8,-5283,0,1538,1540,native
ebde781a11596519c7a452de26bae83348e3cb54-dirty,1,1,1,1,3,118,heuristic_trajectory,17,0,1,6,5,-4317,0,773,775,native
ebde781a11596519c7a452de26bae83348e3cb54-dirty,1,1,1,1,3,718,high_stack_holes,17,0,1,3,16,-9777,0,467,469,native
ebde781a11596519c7a452de26bae83348e3cb54-dirty,1,1,1,1,3,418,random_trajectory,17,0,1,6,8,-4956,0,773,775,native
ebde781a11596519c7a452de26bae83348e3cb54-dirty,1,1,1,1,3,119,heuristic_trajectory,9,0,0,4,1,-822,0,413,415,native
ebde781a11596519c7a452de26bae83348e3cb54-dirty,1,1,1,1,3,719,high_stack_holes,34,0,3,2,12,-7911,0,1538,1540,native
ebde781a11596519c7a452de26bae83348e3cb54-dirty,1,1,1,1,3,419,random_trajectory,9,0,0,5,0,-480,0,413,415,native
ebde781a11596519c7a452de26bae83348e3cb54-dirty,1,1,1,1,3,120,heuristic_trajectory,17,0,1,4,7,-3999,0,773,775,native
ebde781a11596519c7a452de26bae83348e3cb54-dirty,1,1,1,1,3,720,high_stack_holes,17,0,1,6,14,-9678,0,331,333,native
ebde781a11596519c7a452de26bae83348e3cb54-dirty,1,1,1,1,3,420,random_trajectory,9,0,0,5,0,-480,0,413,415,native
ebde781a11596519c7a452de26bae83348e3cb54-dirty,1,1,1,1,3,121,heuristic_trajectory,34,0,1,8,2,-2270,0,1538,1540,native
ebde781a11596519c7a452de26bae83348e3cb54-dirty,1,1,1,1,3,721,high_stack_holes,17,0,0,0,0,0,1,195,197,native
ebde781a11596519c7a452de26bae83348e3cb54-dirty,1,1,1,1,3,421,random_trajectory,34,0,3,2,1,-1905,0,1538,1540,native
ebde781a11596519c7a452de26bae83348e3cb54-dirty,1,1,1,1,3,122,heuristic_trajectory,34,0,3,8,2,-1292,0,1538,1540,native
ebde781a11596519c7a452de26bae83348e3cb54-dirty,1,1,1,1,3,722,high_stack_holes,34,0,0,2,0,-360,0,1538,1540,native
ebde781a11596519c7a452de26bae83348e3cb54-dirty,1,1,1,1,3,422,random_trajectory,17,0,0,7,0,-1773,0,773,775,native
ebde781a11596519c7a452de26bae83348e3cb54-dirty,1,1,1,1,3,123,heuristic_trajectory,34,0,0,6,3,-2256,0,1538,1540,native
ebde781a11596519c7a452de26bae83348e3cb54-dirty,1,1,1,1,3,723,high_stack_holes,17,0,1,3,13,-9384,0,399,401,native
ebde781a11596519c7a452de26bae83348e3cb54-dirty,1,1,1,1,3,423,random_trajectory,34,0,0,7,0,-1149,0,1538,1540,native
ebde781a11596519c7a452de26bae83348e3cb54-dirty,1,1,1,1,3,124,heuristic_trajectory,17,0,0,6,0,-440,0,773,775,native
ebde781a11596519c7a452de26bae83348e3cb54-dirty,1,1,1,1,3,724,high_stack_holes,34,0,1,3,17,-9660,0,892,894,native
ebde781a11596519c7a452de26bae83348e3cb54-dirty,1,1,1,1,3,424,random_trajectory,17,0,0,0,14,-10017,0,297,299,native
ebde781a11596519c7a452de26bae83348e3cb54-dirty,1,1,1,1,3,125,heuristic_trajectory,34,0,1,0,3,-2573,0,1538,1540,native
ebde781a11596519c7a452de26bae83348e3cb54-dirty,1,1,1,1,3,725,high_stack_holes,34,0,1,8,5,-4101,0,1538,1540,native
ebde781a11596519c7a452de26bae83348e3cb54-dirty,1,1,1,1,3,425,random_trajectory,17,0,1,6,8,-4956,0,773,775,native
ebde781a11596519c7a452de26bae83348e3cb54-dirty,1,1,1,1,3,126,heuristic_trajectory,17,0,0,6,0,-684,0,773,775,native
ebde781a11596519c7a452de26bae83348e3cb54-dirty,1,1,1,1,3,726,high_stack_holes,17,0,1,6,11,-8618,0,467,469,native
ebde781a11596519c7a452de26bae83348e3cb54-dirty,1,1,1,1,3,426,random_trajectory,17,0,1,3,13,-8202,0,773,775,native
ebde781a11596519c7a452de26bae83348e3cb54-dirty,1,1,1,1,3,127,heuristic_trajectory,17,0,0,6,5,-3119,0,773,775,native
ebde781a11596519c7a452de26bae83348e3cb54-dirty,1,1,1,1,3,727,high_stack_holes,17,0,1,1,12,-9348,0,467,469,native
ebde781a11596519c7a452de26bae83348e3cb54-dirty,1,1,1,1,3,427,random_trajectory,9,0,0,1,14,-9546,0,311,313,native
ebde781a11596519c7a452de26bae83348e3cb54-dirty,1,1,1,1,3,128,heuristic_trajectory,34,0,3,2,0,-1080,0,1538,1540,native
ebde781a11596519c7a452de26bae83348e3cb54-dirty,1,1,1,1,3,728,high_stack_holes,17,0,0,6,10,-6192,0,773,775,native
ebde781a11596519c7a452de26bae83348e3cb54-dirty,1,1,1,1,3,428,random_trajectory,34,0,1,1,3,-3648,0,1538,1540,native
ebde781a11596519c7a452de26bae83348e3cb54-dirty,1,1,1,1,3,129,heuristic_trajectory,34,0,2,0,5,-3858,0,1538,1540,native
ebde781a11596519c7a452de26bae83348e3cb54-dirty,1,1,1,1,3,729,high_stack_holes,34,0,1,2,15,-9162,0,1164,1166,native
ebde781a11596519c7a452de26bae83348e3cb54-dirty,1,1,1,1,3,429,random_trajectory,17,0,1,8,1,-2442,0,773,775,native
ebde781a11596519c7a452de26bae83348e3cb54-dirty,1,1,1,1,3,130,heuristic_trajectory,17,0,0,2,6,-3090,0,773,775,native
ebde781a11596519c7a452de26bae83348e3cb54-dirty,1,1,1,1,3,730,high_stack_holes,17,0,1,8,16,-9258,0,535,537,native
ebde781a11596519c7a452de26bae83348e3cb54-dirty,1,1,1,1,3,430,random_trajectory,34,0,0,7,0,-1149,0,1538,1540,native
ebde781a11596519c7a452de26bae83348e3cb54-dirty,1,1,1,1,3,131,heuristic_trajectory,17,0,1,6,0,-1152,0,773,775,native
ebde781a11596519c7a452de26bae83348e3cb54-dirty,1,1,1,1,3,731,high_stack_holes,17,0,1,8,12,-6746,0,773,775,native
ebde781a11596519c7a452de26bae83348e3cb54-dirty,1,1,1,1,3,431,random_trajectory,17,0,1,0,16,-10542,0,263,265,native
ebde781a11596519c7a452de26bae83348e3cb54-dirty,1,1,1,1,3,132,heuristic_trajectory,34,0,0,5,5,-3603,0,1538,1540,native
ebde781a11596519c7a452de26bae83348e3cb54-dirty,1,1,1,1,3,732,high_stack_holes,34,0,1,6,15,-8847,0,1164,1166,native
ebde781a11596519c7a452de26bae83348e3cb54-dirty,1,1,1,1,3,432,random_trajectory,34,0,3,8,1,-6327,0,1538,1540,native
ebde781a11596519c7a452de26bae83348e3cb54-dirty,1,1,1,1,3,133,heuristic_trajectory,34,0,1,1,2,-2118,0,1538,1540,native
ebde781a11596519c7a452de26bae83348e3cb54-dirty,1,1,1,1,3,733,high_stack_holes,9,0,0,7,10,-9153,0,277,279,native
ebde781a11596519c7a452de26bae83348e3cb54-dirty,1,1,1,1,3,433,random_trajectory,17,0,0,0,0,0,1,195,197,native
ebde781a11596519c7a452de26bae83348e3cb54-dirty,1,1,1,1,3,134,heuristic_trajectory,17,0,1,7,0,-840,0,773,775,native
ebde781a11596519c7a452de26bae83348e3cb54-dirty,1,1,1,1,3,734,high_stack_holes,17,0,1,4,7,-5475,0,773,775,native
ebde781a11596519c7a452de26bae83348e3cb54-dirty,1,1,1,1,3,434,random_trajectory,34,0,1,5,16,-9234,0,1266,1268,native
ebde781a11596519c7a452de26bae83348e3cb54-dirty,1,1,1,1,3,135,heuristic_trajectory,17,0,1,7,0,-876,0,773,775,native
ebde781a11596519c7a452de26bae83348e3cb54-dirty,1,1,1,1,3,735,high_stack_holes,17,0,1,3,16,-9291,0,501,503,native
ebde781a11596519c7a452de26bae83348e3cb54-dirty,1,1,1,1,3,435,random_trajectory,9,0,0,5,0,-480,0,413,415,native
ebde781a11596519c7a452de26bae83348e3cb54-dirty,1,1,1,1,3,136,heuristic_trajectory,17,0,1,9,2,-1545,0,773,775,native
ebde781a11596519c7a452de26bae83348e3cb54-dirty,1,1,1,1,3,736,high_stack_holes,34,0,1,0,17,-8607,0,1266,1268,native
ebde781a11596519c7a452de26bae83348e3cb54-dirty,1,1,1,1,3,436,random_trajectory,34,0,0,7,0,-1149,0,1538,1540,native
ebde781a11596519c7a452de26bae83348e3cb54-dirty,1,1,1,1,3,137,heuristic_trajectory,34,0,2,1,2,-1881,0,1538,1540,native
ebde781a11596519c7a452de26bae83348e3cb54-dirty,1,1,1,1,3,737,high_stack_holes,34,0,3,1,14,-8718,0,1436,1438,native
ebde781a11596519c7a452de26bae83348e3cb54-dirty,1,1,1,1,3,437,random_trajectory,34,0,2,3,17,-9762,0,824,826,native
ebde781a11596519c7a452de26bae83348e3cb54-dirty,1,1,1,1,3,138,heuristic_trajectory,34,0,2,7,7,-4313,0,1538,1540,native
ebde781a11596519c7a452de26bae83348e3cb54-dirty,1,1,1,1,3,738,high_stack_holes,34,0,3,0,13,-8544,0,1334,1336,native
ebde781a11596519c7a452de26bae83348e3cb54-dirty,1,1,1,1,3,438,random_trajectory,34,0,3,1,15,-10236,0,654,656,native
ebde781a11596519c7a452de26bae83348e3cb54-dirty,1,1,1,1,3,139,heuristic_trajectory,34,0,1,8,0,-629,0,1538,1540,native
ebde781a11596519c7a452de26bae83348e3cb54-dirty,1,1,1,1,3,739,high_stack_holes,17,0,0,0,0,0,1,195,197,native
ebde781a11596519c7a452de26bae83348e3cb54-dirty,1,1,1,1,3,439,random_trajectory,17,0,0,0,14,-10017,0,297,299,native
ebde781a11596519c7a452de26bae83348e3cb54-dirty,1,1,1,1,3,140,heuristic_trajectory,34,0,3,8,5,-3188,0,1538,1540,native
ebde781a11596519c7a452de26bae83348e3cb54-dirty,1,1,1,1,3,740,high_stack_holes,34,0,1,2,16,-8808,0,1300,1302,native
ebde781a11596519c7a452de26bae83348e3cb54-dirty,1,1,1,1,3,440,random_trajectory,34,0,3,2,1,-1905,0,1538,1540,native
ebde781a11596519c7a452de26bae83348e3cb54-dirty,1,1,1,1,3,141,heuristic_trajectory,17,0,0,1,2,-1641,0,773,775,native
ebde781a11596519c7a452de26bae83348e3cb54-dirty,1,1,1,1,3,741,high_stack_holes,34,0,3,0,15,-9225,0,1300,1302,native
ebde781a11596519c7a452de26bae83348e3cb54-dirty,1,1,1,1,3,441,random_trajectory,17,0,1,8,1,-6615,0,773,775,native
ebde781a11596519c7a452de26bae83348e3cb54-dirty,1,1,1,1,3,142,heuristic_trajectory,17,0,0,5,6,-4320,0,773,775,native
ebde781a11596519c7a452de26bae83348e3cb54-dirty,1,1,1,1,3,742,high_stack_holes,17,0,1,1,15,-9699,0,297,299,native
ebde781a11596519c7a452de26bae83348e3cb54-dirty,1,1,1,1,3,442,random_trajectory,34,0,1,5,16,-9234,0,1266,1268,native
ebde781a11596519c7a452de26bae83348e3cb54-dirty,1,1,1,1,3,143,heuristic_trajectory,17,0,0,6,5,-2841,0,773,775,native
ebde781a11596519c7a452de26bae83348e3cb54-dirty,1,1,1,1,3,743,high_stack_holes,34,0,3,4,7,-5397,0,1538,1540,native
ebde781a11596519c7a452de26bae83348e3cb54-dirty,1,1,1,1,3,443,random_trajectory,34,0,0,7,0,-1149,0,1538,1540,native
ebde781a11596519c7a452de26bae83348e3cb54-dirty,1,1,1,1,3,144,heuristic_trajectory,34,0,3,3,1,-2070,0,1538,1540,native
ebde781a11596519c7a452de26bae83348e3cb54-dirty,1,1,1,1,3,744,high_stack_holes,17,0,1,0,11,-8021,0,705,707,native
ebde781a11596519c7a452de26bae83348e3cb54-dirty,1,1,1,1,3,444,random_trajectory,34,0,3,2,1,-1905,0,1538,1540,native
ebde781a11596519c7a452de26bae83348e3cb54-dirty,1,1,1,1,3,145,heuristic_trajectory,17,0,0,6,0,-684,0,773,775,native
ebde781a11596519c7a452de26bae83348e3cb54-dirty,1,1,1,1,3,745,high_stack_holes,9,0,0,1,1,-8385,0,379,381,native
ebde781a11596519c7a452de26bae83348e3cb54-dirty,1,1,1,1,3,445,random_trajectory,9,0,0,1,14,-8943,0,413,415,native
ebde781a11596519c7a452de26bae83348e3cb54-dirty,1,1,1,1,3,146,heuristic_trajectory,34,0,3,7,5,-3723,0,1538,1540,native
ebde781a11596519c7a452de26bae83348e3cb54-dirty,1,1,1,1,3,746,high_stack_holes,34,0,1,0,16,-8787,0,1096,1098,native
ebde781a11596519c7a452de26bae83348e3cb54-dirty,1,1,1,1,3,446,random_trajectory,34,0,3,8,1,-6327,0,1538,1540,native
ebde781a11596519c7a452de26bae83348e3cb54-dirty,1,1,1,1,3,147,heuristic_trajectory,34,0,3,8,2,-1922,0,1538,1540,native
ebde781a11596519c7a452de26bae83348e3cb54-dirty,1,1,1,1,3,747,high_stack_holes,9,0,0,6,14,-8859,0,311,313,native
ebde781a11596519c7a452de26bae83348e3cb54-dirty,1,1,1,1,3,447,random_trajectory,34,0,1,1,3,-3648,0,1538,1540,native
ebde781a11596519c7a452de26bae83348e3cb54-dirty,1,1,1,1,3,148,heuristic_trajectory,34,0,1,4,2,-1902,0,1538,1540,native
ebde781a11596519c7a452de26bae83348e3cb54-dirty,1,1,1,1,3,748,high_stack_holes,17,0,1,7,5,-8997,0,467,469,native
ebde781a11596519c7a452de26bae83348e3cb54-dirty,1,1,1,1,3,448,random_trajectory,17,0,1,0,16,-10542,0,263,265,native
ebde781a11596519c7a452de26bae83348e3cb54-dirty,1,1,1,1,3,149,heuristic_trajectory,9,0,0,1,6,-3759,0,413,415,native
ebde781a11596519c7a452de26bae83348e3cb54-dirty,1,1,1,1,3,749,high_stack_holes,34,0,2,5,6,-4134,0,1538,1540,native
ebde781a11596519c7a452de26bae83348e3cb54-dirty,1,1,1,1,3,449,random_trajectory,9,0,0,1,14,-9546,0,311,313,native
ebde781a11596519c7a452de26bae83348e3cb54-dirty,1,1,1,1,3,150,heuristic_trajectory,34,0,0,7,5,-3167,0,1538,1540,native
ebde781a11596519c7a452de26bae83348e3cb54-dirty,1,1,1,1,3,750,high_stack_holes,17,0,0,7,12,-8013,0,773,775,native
ebde781a11596519c7a452de26bae83348e3cb54-dirty,1,1,1,1,3,450,random_trajectory,17,0,1,8,11,-10176,0,229,231,native
ebde781a11596519c7a452de26bae83348e3cb54-dirty,1,1,1,1,3,151,heuristic_trajectory,17,0,1,6,0,-1152,0,773,775,native
ebde781a11596519c7a452de26bae83348e3cb54-dirty,1,1,1,1,3,751,high_stack_holes,34,0,3,1,15,-9750,0,756,758,native
ebde781a11596519c7a452de26bae83348e3cb54-dirty,1,1,1,1,3,451,random_trajectory,34,0,0,0,0,0,1,382,384,native
ebde781a11596519c7a452de26bae83348e3cb54-dirty,1,1,1,1,3,152,heuristic_trajectory,9,0,0,0,3,-1950,0,413,415,native
ebde781a11596519c7a452de26bae83348e3cb54-dirty,1,1,1,1,3,752,high_stack_holes,34,0,3,5,10,-6420,0,1538,1540,native
ebde781a11596519c7a452de26bae83348e3cb54-dirty,1,1,1,1,3,452,random_trajectory,9,0,0,0,12,-8973,0,277,279,native
ebde781a11596519c7a452de26bae83348e3cb54-dirty,1,1,1,1,3,153,heuristic_trajectory,34,0,1,2,1,-1040,0,1538,1540,native
ebde781a11596519c7a452de26bae83348e3cb54-dirty,1,1,1,1,3,753,high_stack_holes,34,0,2,2,13,-8619,0,1198,1200,native
ebde781a11596519c7a452de26bae83348e3cb54-dirty,1,1,1,1,3,453,random_trajectory,17,0,1,0,0,-4890,0,773,775,native
ebde781a11596519c7a452de26bae83348e3cb54-dirty,1,1,1,1,3,154,heuristic_trajectory,34,0,3,8,0,-840,0,1538,1540,native
ebde781a11596519c7a452de26bae83348e3cb54-dirty,1,1,1,1,3,754,high_stack_holes,34,0,3,5,16,-9732,0,790,792,native
ebde781a11596519c7a452de26bae83348e3cb54-dirty,1,1,1,1,3,454,random_trajectory,17,0,0,0,0,-1449,0,773,775,native
ebde781a11596519c7a452de26bae83348e3cb54-dirty,1,1,1,1,3,155,heuristic_trajectory,17,0,0,5,7,-4040,0,773,775,native
ebde781a11596519c7a452de26bae83348e3cb54-dirty,1,1,1,1,3,755,high_stack_holes,17,0,1,4,12,-8205,0,705,707,native
ebde781a11596519c7a452de26bae83348e3cb54-dirty,1,1,1,1,3,455,random_trajectory,34,0,3,8,8,-9450,0,518,520,native
ebde781a11596519c7a452de26bae83348e3cb54-dirty,1,1,1,1,3,156,heuristic_trajectory,17,0,1,3,7,-4578,0,773,775,native
ebde781a11596519c7a452de26bae83348e3cb54-dirty,1,1,1,1,3,756,high_stack_holes,17,0,1,9,6,-8342,0,603,605,native
ebde781a11596519c7a452de26bae83348e3cb54-dirty,1,1,1,1,3,456,random_trajectory,17,0,1,2,6,-7167,0,501,503,native
ebde781a11596519c7a452de26bae83348e3cb54-dirty,1,1,1,1,3,157,heuristic_trajectory,34,0,3,4,5,-3438,0,1538,1540,native
ebde781a11596519c7a452de26bae83348e3cb54-dirty,1,1,1,1,3,757,high_stack_holes,17,0,0,0,17,-9129,0,603,605,native
ebde781a11596519c7a452de26bae83348e3cb54-dirty,1,1,1,1,3,457,random_trajectory,17,0,0,0,0,-1449,0,773,775,native
ebde781a11596519c7a452de26bae83348e3cb54-dirty,1,1,1,1,3,158,heuristic_trajectory,17,0,0,6,0,-578,0,773,775,native
ebde781a11596519c7a452de26bae83348e3cb54-dirty,1,1,1,1,3,758,high_stack_holes,34,0,0,2,2,-1788,0,1538,1540,native
ebde781a11596519c7a452de26bae83348e3cb54-dirty,1,1,1,1,3,458,random_trajectory,17,0,1,8,11,-10176,0,229,231,native
ebde781a11596519c7a452de26bae83348e3cb54-dirty,1,1,1,1,3,159,heuristic_trajectory,17,0,1,8,2,-2142,0,773,775,native
ebde781a11596519c7a452de26bae83348e3cb54-dirty,1,1,1,1,3,759,high_stack_holes,34,0,1,4,16,-10212,0,518,520,native
ebde781a11596519c7a452de26bae83348e3cb54-dirty,1,1,1,1,3,459,random_trajectory,17,0,1,0,0,-4890,0,773,775,native
ebde781a11596519c7a452de26bae83348e3cb54-dirty,1,1,1,1,3,160,heuristic_trajectory,17,0,0,4,0,-338,0,773,775,native
ebde781a11596519c7a452de26bae83348e3cb54-dirty,1,1,1,1,3,760,high_stack_holes,34,0,3,2,4,-8535,0,790,792,native
ebde781a11596519c7a452de26bae83348e3cb54-dirty,1,1,1,1,3,460,random_trajectory,17,0,1,1,15,-9603,0,297,299,native
ebde781a11596519c7a452de26bae83348e3cb54-dirty,1,1,1,1,3,161,heuristic_trajectory,34,0,0,5,0,-498,0,1538,1540,native
ebde781a11596519c7a452de26bae83348e3cb54-dirty,1,1,1,1,3,761,high_stack_holes,34,0,1,7,2,-2592,0,1538,1540,native
ebde781a11596519c7a452de26bae83348e3cb54-dirty,1,1,1,1,3,461,random_trajectory,17,0,1,8,5,-7437,0,467,469,native
ebde781a11596519c7a452de26bae83348e3cb54-dirty,1,1,1,1,3,162,heuristic_trajectory,17,0,1,5,6,-4290,0,773,775,native
ebde781a11596519c7a452de26bae83348e3cb54-dirty,1,1,1,1,3,762,high_stack_holes,17,0,1,1,11,-9012,0,501,503,native
ebde781a11596519c7a452de26bae83348e3cb54-dirty,1,1,1,1,3,462,random_trajectory,34,0,1,8,4,-8163,0,926,928,native
ebde781a11596519c7a452de26bae83348e3cb54-dirty,1,1,1,1,3,163,heuristic_trajectory,34,0,1,8,2,-2270,0,1538,1540,native
ebde781a11596519c7a452de26bae83348e3cb54-dirty,1,1,1,1,3,763,high_stack_holes,17,0,1,6,7,-9177,0,331,333,native
ebde781a11596519c7a452de26bae83348e3cb54-dirty,1,1,1,1,3,463,random_trajectory,34,0,0,0,0,-585,0,1538,1540,native
ebde781a11596519c7a452de26bae83348e3cb54-dirty,1,1,1,1,3,164,heuristic_trajectory,34,0,0,2,0,-618,0,1538,1540,native
ebde781a11596519c7a452de26bae83348e3cb54-dirty,1,1,1,1,3,764,high_stack_holes,17,0,0,6,1,-669,0,773,775,native
ebde781a11596519c7a452de26bae83348e3cb54-dirty,1,1,1,1,3,464,random_trajectory,9,0,0,8,14,-10359,0,141,143,native
ebde781a11596519c7a452de26bae83348e3cb54-dirty,1,1,1,1,3,165,heuristic_trajectory,17,0,0,4,6,-3948,0,773,775,native
ebde781a11596519c7a452de26bae83348e3cb54-dirty,1,1,1,1,3,765,high_stack_holes,17,0,1,2,0,-8517,0,637,639,native
ebde781a11596519c7a452de26bae83348e3cb54-dirty,1,1,1,1,3,465,random_trajectory,34,0,0,0,7,-6822,0,1300,1302,native
ebde781a11596519c7a452de26bae83348e3cb54-dirty,1,1,1,1,3,166,heuristic_trajectory,17,0,0,4,5,-3621,0,773,775,native
ebde781a11596519c7a452de26bae83348e3cb54-dirty,1,1,1,1,3,766,high_stack_holes,17,0,1,1,16,-9873,0,467,469,native
ebde781a11596519c7a452de26bae83348e3cb54-dirty,1,1,1,1,3,466,random_trajectory,34,0,0,0,0,-4140,0,1538,1540,native
ebde781a11596519c7a452de26bae83348e3cb54-dirty,1,1,1,1,3,167,heuristic_trajectory,17,0,0,4,5,-3621,0,773,775,native
ebde781a11596519c7a452de26bae83348e3cb54-dirty,1,1,1,1,3,767,high_stack_holes,34,0,1,5,10,-6131,0,1538,1540,native
ebde781a11596519c7a452de26bae83348e3cb54-dirty,1,1,1,1,3,467,random_trajectory,17,0,1,1,6,-6606,0,671,673,native
ebde781a11596519c7a452de26bae83348e3cb54-dirty,1,1,1,1,3,168,heuristic_trajectory,34,0,0,4,3,-2187,0,1538,1540,native
ebde781a11596519c7a452de26bae83348e3cb54-dirty,1,1,1,1,3,768,high_stack_holes,17,0,1,1,13,-8433,0,603,605,native
ebde781a11596519c7a452de26bae83348e3cb54-dirty,1,1,1,1,3,468,random_trajectory,34,0,0,0,0,-2778,0,1538,1540,native
ebde781a11596519c7a452de26bae83348e3cb54-dirty,1,1,1,1,3,169,heuristic_trajectory,17,0,1,6,6,-3792,0,773,775,native
ebde781a11596519c7a452de26bae83348e3cb54-dirty,1,1,1,1,3,769,high_stack_holes,34,0,0,3,18,-9462,0,688,690,native
ebde781a11596519c7a452de26bae83348e3cb54-dirty,1,1,1,1,3,469,random_trajectory,34,0,3,1,6,-5784,0,1538,1540,native
ebde781a11596519c7a452de26bae83348e3cb54-dirty,1,1,1,1,3,170,heuristic_trajectory,34,0,0,1,3,-1881,0,1538,1540,native
ebde781a11596519c7a452de26bae83348e3cb54-dirty,1,1,1,1,3,770,high_stack_holes,34,0,0,6,0,-1089,0,1538,1540,native
ebde781a11596519c7a452de26bae83348e3cb54-dirty,1,1,1,1,3,470,random_trajectory,17,0,0,0,0,-327,0,773,775,native
ebde781a11596519c7a452de26bae83348e3cb54-dirty,1,1,1,1,3,171,heuristic_trajectory,17,0,1,6,6,-3792,0,773,775,native
ebde781a11596519c7a452de26bae83348e3cb54-dirty,1,1,1,1,3,771,high_stack_holes,34,0,1,2,11,-8387,0,1062,1064,native
ebde781a11596519c7a452de26bae83348e3cb54-dirty,1,1,1,1,3,471,random_trajectory,34,0,1,5,3,-2592,0,1538,1540,native
ebde781a11596519c7a452de26bae83348e3cb54-dirty,1,1,1,1,3,172,heuristic_trajectory,34,0,0,1,5,-3144,0,1538,1540,native
ebde781a11596519c7a452de26bae83348e3cb54-dirty,1,1,1,1,3,772,high_stack_holes,34,0,3,6,14,-9693,0,960,962,native
ebde781a11596519c7a452de26bae83348e3cb54-dirty,1,1,1,1,3,472,random_trajectory,17,0,0,0,0,-327,0,773,775,native
ebde781a11596519c7a452de26bae83348e3cb54-dirty,1,1,1,1,3,173,heuristic_trajectory,34,0,3,8,2,-1922,0,1538,1540,native
ebde781a11596519c7a452de26bae83348e3cb54-dirty,1,1,1,1,3,773,high_stack_holes,34,0,2,1,15,-8808,0,1538,1540,native
ebde781a11596519c7a452de26bae83348e3cb54-dirty,1,1,1,1,3,473,random_trajectory,17,0,1,8,0,-3138,0,773,775,native
ebde781a11596519c7a452de26bae83348e3cb54-dirty,1,1,1,1,3,174,heuristic_trajectory,34,0,3,7,1,-702,0,1538,1540,native
ebde781a11596519c7a452de26bae83348e3cb54-dirty,1,1,1,1,3,774,high_stack_holes,34,0,1,7,12,-7838,0,1538,1540,native
ebde781a11596519c7a452de26bae83348e3cb54-dirty,1,1,1,1,3,474,random_trajectory,17,0,1,0,9,-8508,0,399,401,native
ebde781a11596519c7a452de26bae83348e3cb54-dirty,1,1,1,1,3,175,heuristic_trajectory,34,0,1,2,5,-3501,0,1538,1540,native
ebde781a11596519c7a452de26bae83348e3cb54-dirty,1,1,1,1,3,775,high_stack_holes,9,0,0,3,16,-9273,0,209,211,native
ebde781a11596519c7a452de26bae83348e3cb54-dirty,1,1,1,1,3,475,random_trajectory,17,0,1,0,0,-4890,0,773,775,native
ebde781a11596519c7a452de26bae83348e3cb54-dirty,1,1,1,1,3,176,heuristic_trajectory,17,0,1,4,0,-858,0,773,775,native
ebde781a11596519c7a452de26bae83348e3cb54-dirty,1,1,1,1,3,776,high_stack_holes,9,0,0,2,8,-5121,0,413,415,native
ebde781a11596519c7a452de26bae83348e3cb54-dirty,1,1,1,1,3,476,random_trajectory,34,0,1,5,3,-2592,0,1538,1540,native
ebde781a11596519c7a452de26bae83348e3cb54-dirty,1,1,1,1,3,177,heuristic_trajectory,17,0,0,2,1,-1386,0,773,775,native
ebde781a11596519c7a452de26bae83348e3cb54-dirty,1,1,1,1,3,777,high_stack_holes,17,0,1,6,14,-9435,0,433,435,native
ebde781a11596519c7a452de26bae83348e3cb54-dirty,1,1,1,1,3,477,random_trajectory,17,0,0,0,0,-1449,0,773,775,native
ebde781a11596519c7a452de26bae83348e3cb54-dirty,1,1,1,1,3,178,heuristic_trajectory,17,0,0,0,7,-3992,0,773,775,native
ebde781a11596519c7a452de26bae83348e3cb54-dirty,1,1,1,1,3,778,high_stack_holes,17,0,1,8,17,-9933,0,467,469,native
ebde781a11596519c7a452de26bae83348e3cb54-dirty,1,1,1,1,3,478,random_trajectory,17,0,1,1,6,-6606,0,671,673,native
ebde781a11596519c7a452de26bae83348e3cb54-dirty,1,1,1,1,3,179,heuristic_trajectory,34,0,2,7,0,-990,0,1538,1540,native
ebde781a11596519c7a452de26bae83348e3cb54-dirty,1,1,1,1,3,779,high_stack_holes,34,0,1,0,12,-7097,0,1538,1540,native
ebde781a11596519c7a452de26bae83348e3cb54-dirty,1,1,1,1,3,479,random_trajectory,34,0,1,8,0,-5109,0,1538,1540,native
ebde781a11596519c7a452de26bae83348e3cb54-dirty,1,1,1,1,3,180,heuristic_trajectory,17,0,1,0,3,-2868,0,773,775,native
ebde781a11596519c7a452de26bae83348e3cb54-dirty,1,1,1,1,3,780,high_stack_holes,9,0,0,7,14,-8439,0,413,415,native
ebde781a11596519c7a452de26bae83348e3cb54-dirty,1,1,1,1,3,480,random_trajectory,17,0,1,5,2,-2157,0,773,775,native
ebde781a11596519c7a452de26bae83348e3cb54-dirty,1,1,1,1,3,181,heuristic_trajectory,9,0,0,3,7,-4458,0,413,415,native
ebde781a11596519c7a452de26bae83348e3cb54-dirty,1,1,1,1,3,781,high_stack_holes,34,0,1,7,15,-9147,0,858,860,native
ebde781a11596519c7a452de26bae83348e3cb54-dirty,1,1,1,1,3,481,random_trajectory,34,0,1,8,4,-8163,0,926,928,native
ebde781a11596519c7a452de26bae83348e3cb54-dirty,1,1,1,1,3,182,heuristic_trajectory,34,0,2,6,5,-3708,0,1538,1540,native
ebde781a11596519c7a452de26bae83348e3cb54-dirty,1,1,1,1,3,782,high_stack_holes,17,0,1,8,5,-3966,0,773,775,native
ebde781a11596519c7a452de26bae83348e3cb54-dirty,1,1,1,1,3,482,random_trajectory,9,0,0,8,14,-10359,0,141,143,native
ebde781a11596519c7a452de26bae83348e3cb54-dirty,1,1,1,1,3,183,heuristic_trajectory,34,0,0,6,2,-1572,0,1538,1540,native
ebde781a11596519c7a452de26bae83348e3cb54-dirty,1,1,1,1,3,783,high_stack_holes,34,0,3,1,13,-9108,0,1096,1098,native
ebde781a11596519c7a452de26bae83348e3cb54-dirty,1,1,1,1,3,483,random_trajectory,34,0,0,0,0,-2778,0,1538,1540,native
ebde781a11596519c7a452de26bae83348e3cb54-dirty,1,1,1,1,3,184,heuristic_trajectory,34,0,3,7,0,-822,0,1538,1540,native
ebde781a11596519c7a452de26bae83348e3cb54-dirty,1,1,1,1,3,784,high_stack_holes,17,0,1,2,1,-8826,0,365,367,native
ebde781a11596519c7a452de26bae83348e3cb54-dirty,1,1,1,1,3,484,random_trajectory,34,0,1,8,4,-8163,0,926,928,native
ebde781a11596519c7a452de26bae83348e3cb54-dirty,1,1,1,1,3,185,heuristic_trajectory,34,0,2,3,2,-1965,0,1538,1540,native
ebde781a11596519c7a452de26bae83348e3cb54-dirty,1,1,1,1,3,785,high_stack_holes,9,0,0,3,12,-7278,0,413,415,native
ebde781a11596519c7a452de26bae83348e3cb54-dirty,1,1,1,1,3,485,random_trajectory,17,0,1,0,9,-8508,0,399,401,native
ebde781a11596519c7a452de26bae83348e3cb54-dirty,1,1,1,1,3,186,heuristic_trajectory,9,0,0,0,3,-2580,0,413,415,native
ebde781a11596519c7a452de26bae83348e3cb54-dirty,1,1,1,1,3,786,high_stack_holes,17,0,1,8,14,-8403,0,637,639,native
ebde781a11596519c7a452de26bae83348e3cb54-dirty,1,1,1,1,3,486,random_trajectory,17,0,1,1,15,-9603,0,297,299,native
ebde781a11596519c7a452de26bae83348e3cb54-dirty,1,1,1,1,3,187,heuristic_trajectory,17,0,1,8,4,-3861,0,773,775,native
ebde781a11596519c7a452de26bae83348e3cb54-dirty,1,1,1,1,3,787,high_stack_holes,17,0,1,4,14,-10095,0,297,299,native
ebde781a11596519c7a452de26bae83348e3cb54-dirty,1,1,1,1,3,487,random_trajectory,34,0,1,5,3,-2592,0,1538,1540,native
ebde781a11596519c7a452de26bae83348e3cb54-dirty,1,1,1,1,3,188,heuristic_trajectory,17,0,1,3,5,-3828,0,773,775,native
ebde781a11596519c7a452de26bae83348e3cb54-dirty,1,1,1,1,3,788,high_stack_holes,34,0,1,6,1,-2184,0,1538,1540,native
ebde781a11596519c7a452de26bae83348e3cb54-dirty,1,1,1,1,3,488,random_trajectory,34,0,1,5,3,-2592,0,1538,1540,native
ebde781a11596519c7a452de26bae83348e3cb54-dirty,1,1,1,1,3,189,heuristic_trajectory,34,0,2,3,6,-3927,0,1538,1540,native
ebde781a11596519c7a452de26bae83348e3cb54-dirty,1,1,1,1,3,789,high_stack_holes,17,0,1,4,12,-8772,0,569,571,native
ebde781a11596519c7a452de26bae83348e3cb54-dirty,1,1,1,1,3,489,random_trajectory,17,0,1,0,9,-8508,0,399,401,native
ebde781a11596519c7a452de26bae83348e3cb54-dirty,1,1,1,1,3,190,heuristic_trajectory,17,0,0,6,4,-3312,0,773,775,native
ebde781a11596519c7a452de26bae83348e3cb54-dirty,1,1,1,1,3,790,high_stack_holes,17,0,1,3,11,-9159,0,399,401,native
ebde781a11596519c7a452de26bae83348e3cb54-dirty,1,1,1,1,3,490,random_trajectory,9,0,0,8,14,-10359,0,141,143,native
ebde781a11596519c7a452de26bae83348e3cb54-dirty,1,1,1,1,3,191,heuristic_trajectory,34,0,3,8,2,-1292,0,1538,1540,native
ebde781a11596519c7a452de26bae83348e3cb54-dirty,1,1,1,1,3,791,high_stack_holes,9,0,0,1,15,-8793,0,413,415,native
ebde781a11596519c7a452de26bae83348e3cb54-dirty,1,1,1,1,3,491,random_trajectory,34,0,0,0,0,-4140,0,1538,1540,native
ebde781a11596519c7a452de26bae83348e3cb54-dirty,1,1,1,1,3,192,heuristic_trajectory,17,0,0,0,2,-1281,0,773,775,native
ebde781a11596519c7a452de26bae83348e3cb54-dirty,1,1,1,1,3,792,high_stack_holes,17,0,1,6,14,-9006,0,501,503,native
ebde781a11596519c7a452de26bae83348e3cb54-dirty,1,1,1,1,3,492,random_trajectory,34,0,1,0,11,-9249,0,518,520,native
ebde781a11596519c7a452de26bae83348e3cb54-dirty,1,1,1,1,3,193,heuristic_trajectory,34,0,3,8,2,-1292,0,1538,1540,native
ebde781a11596519c7a452de26bae83348e3cb54-dirty,1,1,1,1,3,793,high_stack_holes,34,0,3,5,3,-8229,0,960,962,native
ebde781a11596519c7a452de26bae83348e3cb54-dirty,1,1,1,1,3,493,random_trajectory,17,0,1,2,6,-7167,0,501,503,native
ebde781a11596519c7a452de26bae83348e3cb54-dirty,1,1,1,1,3,194,heuristic_trajectory,17,0,0,2,2,-2016,0,773,775,native
ebde781a11596519c7a452de26bae83348e3cb54-dirty,1,1,1,1,3,794,high_stack_holes,17,0,0,4,0,-414,0,773,775,native
ebde781a11596519c7a452de26bae83348e3cb54-dirty,1,1,1,1,3,494,random_trajectory,34,0,3,1,6,-5784,0,1538,1540,native
ebde781a11596519c7a452de26bae83348e3cb54-dirty,1,1,1,1,3,195,heuristic_trajectory,17,0,1,0,4,-2262,0,773,775,native
ebde781a11596519c7a452de26bae83348e3cb54-dirty,1,1,1,1,3,795,high_stack_holes,17,0,1,7,14,-8511,0,705,707,native
ebde781a11596519c7a452de26bae83348e3cb54-dirty,1,1,1,1,3,495,random_trajectory,34,0,0,0,0,-4140,0,1538,1540,native
ebde781a11596519c7a452de26bae83348e3cb54-dirty,1,1,1,1,3,196,heuristic_trajectory,17,0,0,1,4,-2292,0,773,775,native
ebde781a11596519c7a452de26bae83348e3cb54-dirty,1,1,1,1,3,796,high_stack_holes,17,0,1,8,12,-8961,0,569,571,native
ebde781a11596519c7a452de26bae83348e3cb54-dirty,1,1,1,1,3,496,random_trajectory,9,0,0,8,0,-1917,0,413,415,native
ebde781a11596519c7a452de26bae83348e3cb54-dirty,1,1,1,1,3,197,heuristic_trajectory,9,0,0,0,6,-3657,0,413,415,native
ebde781a11596519c7a452de26bae83348e3cb54-dirty,1,1,1,1,3,797,high_stack_holes,34,0,2,7,4,-2922,0,1538,1540,native
ebde781a11596519c7a452de26bae83348e3cb54-dirty,1,1,1,1,3,497,random_trajectory,17,0,1,8,16,-10578,0,229,231,native
ebde781a11596519c7a452de26bae83348e3cb54-dirty,1,1,1,1,3,198,heuristic_trajectory,17,0,1,5,4,-3152,0,773,775,native
ebde781a11596519c7a452de26bae83348e3cb54-dirty,1,1,1,1,3,798,high_stack_holes,17,0,1,5,12,-8970,0,671,673,native
ebde781a11596519c7a452de26bae83348e3cb54-dirty,1,1,1,1,3,498,random_trajectory,17,0,1,1,15,-9603,0,297,299,native
ebde781a11596519c7a452de26bae83348e3cb54-dirty,1,1,1,1,3,199,heuristic_trajectory,34,0,0,1,9,-4782,0,1538,1540,native
ebde781a11596519c7a452de26bae83348e3cb54-dirty,1,1,1,1,3,799,high_stack_holes,17,0,1,5,7,-9072,0,637,639,native
ebde781a11596519c7a452de26bae83348e3cb54-dirty,1,1,1,1,3,499,random_trajectory,17,0,0,2,18,-8763,0,365,367,native
ebde781a11596519c7a452de26bae83348e3cb54-dirty,1,1,1,1,3,200,heuristic_trajectory,17,0,1,4,3,-2409,0,773,775,native
ebde781a11596519c7a452de26bae83348e3cb54-dirty,1,1,1,1,3,500,random_trajectory,34,0,3,3,0,-3957,0,1538,1540,native
ebde781a11596519c7a452de26bae83348e3cb54-dirty,1,1,1,1,3,201,heuristic_trajectory,17,0,1,8,2,-2223,0,773,775,native
ebde781a11596519c7a452de26bae83348e3cb54-dirty,1,1,1,1,3,501,random_trajectory,34,0,0,0,0,-258,0,1538,1540,native
ebde781a11596519c7a452de26bae83348e3cb54-dirty,1,1,1,1,3,202,heuristic_trajectory,17,0,1,0,4,-3090,0,773,775,native
ebde781a11596519c7a452de26bae83348e3cb54-dirty,1,1,1,1,3,502,random_trajectory,34,0,2,0,4,-7494,0,688,690,native
ebde781a11596519c7a452de26bae83348e3cb54-dirty,1,1,1,1,3,203,heuristic_trajectory,9,0,0,6,4,-2208,0,413,415,native
ebde781a11596519c7a452de26bae83348e3cb54-dirty,1,1,1,1,3,503,random_trajectory,17,0,1,0,10,-8535,0,331,333,native
ebde781a11596519c7a452de26bae83348e3cb54-dirty,1,1,1,1,3,204,heuristic_trajectory,34,0,1,6,2,-1580,0,1538,1540,native
ebde781a11596519c7a452de26bae83348e3cb54-dirty,1,1,1,1,3,504,random_trajectory,17,0,1,3,0,-2055,0,773,775,native
ebde781a11596519c7a452de26bae83348e3cb54-dirty,1,1,1,1,3,205,heuristic_trajectory,34,0,2,2,5,-3042,0,1538,1540,native
ebde781a11596519c7a452de26bae83348e3cb54-dirty,1,1,1,1,3,505,random_trajectory,9,0,0,8,5,-7254,0,277,279,native
ebde781a11596519c7a452de26bae83348e3cb54-dirty,1,1,1,1,3,206,heuristic_trajectory,34,0,2,5,0,-575,0,1538,1540,native
ebde781a11596519c7a452de26bae83348e3cb54-dirty,1,1,1,1,3,506,random_trajectory,34,0,3,1,8,-8091,0,688,690,native
ebde781a11596519c7a452de26bae83348e3cb54-dirty,1,1,1,1,3,207,heuristic_trajectory,34,0,1,3,7,-5019,0,1538,1540,native
ebde781a11596519c7a452de26bae83348e3cb54-dirty,1,1,1,1,3,507,random_trajectory,34,0,3,8,10,-9408,0,688,690,native
ebde781a11596519c7a452de26bae83348e3cb54-dirty,1,1,1,1,3,208,heuristic_trajectory,34,0,1,0,4,-3083,0,1538,1540,native
ebde781a11596519c7a452de26bae83348e3cb54-dirty,1,1,1,1,3,508,random_trajectory,17,0,1,8,0,-1278,0,773,775,native
ebde781a11596519c7a452de26bae83348e3cb54-dirty,1,1,1,1,3,209,heuristic_trajectory,17,0,0,3,8,-4626,0,773,775,native
ebde781a11596519c7a452de26bae83348e3cb54-dirty,1,1,1,1,3,509,random_trajectory,34,0,1,3,0,-4284,0,1538,1540,native
ebde781a11596519c7a452de26bae83348e3cb54-dirty,1,1,1,1,3,210,heuristic_trajectory,17,0,1,0,5,-3083,0,773,775,native
ebde781a11596519c7a452de26bae83348e3cb54-dirty,1,1,1,1,3,510,random_trajectory,17,0,1,3,0,-2055,0,773,775,native
ebde781a11596519c7a452de26bae83348e3cb54-dirty,1,1,1,1,3,211,heuristic_trajectory,17,0,1,3,6,-3978,0,773,775,native
ebde781a11596519c7a452de26bae83348e3cb54-dirty,1,1,1,1,3,511,random_trajectory,34,0,3,8,10,-9408,0,688,690,native
ebde781a11596519c7a452de26bae83348e3cb54-dirty,1,1,1,1,3,212,heuristic_trajectory,17,0,0,5,1,-728,0,773,775,native
ebde781a11596519c7a452de26bae83348e3cb54-dirty,1,1,1,1,3,512,random_trajectory,34,0,3,5,17,-6327,0,1198,1200,native
ebde781a11596519c7a452de26bae83348e3cb54-dirty,1,1,1,1,3,213,heuristic_trajectory,17,0,1,6,2,-2841,0,773,775,native
ebde781a11596519c7a452de26bae83348e3cb54-dirty,1,1,1,1,3,513,random_trajectory,34,0,1,3,0,-4488,0,1538,1540,native
ebde781a11596519c7a452de26bae83348e3cb54-dirty,1,1,1,1,3,214,heuristic_trajectory,17,0,1,6,4,-3081,0,773,775,native
ebde781a11596519c7a452de26bae83348e3cb54-dirty,1,1,1,1,3,514,random_trajectory,34,0,0,0,0,-258,0,1538,1540,native
ebde781a11596519c7a452de26bae83348e3cb54-dirty,1,1,1,1,3,215,heuristic_trajectory,34,0,3,1,3,-2402,0,1538,1540,native
ebde781a11596519c7a452de26bae83348e3cb54-dirty,1,1,1,1,3,515,random_trajectory,34,0,1,3,0,-4488,0,1538,1540,native
ebde781a11596519c7a452de26bae83348e3cb54-dirty,1,1,1,1,3,216,heuristic_trajectory,17,0,1,0,2,-1455,0,773,775,native
ebde781a11596519c7a452de26bae83348e3cb54-dirty,1,1,1,1,3,516,random_trajectory,17,0,1,3,0,-2055,0,773,775,native
ebde781a11596519c7a452de26bae83348e3cb54-dirty,1,1,1,1,3,217,heuristic_trajectory,34,0,1,0,2,-2289,0,1538,1540,native
ebde781a11596519c7a452de26bae83348e3cb54-dirty,1,1,1,1,3,517,random_trajectory,17,0,1,3,0,-2055,0,773,775,native
ebde781a11596519c7a452de26bae83348e3cb54-dirty,1,1,1,1,3,218,heuristic_trajectory,17,0,1,0,4,-2379,0,773,775,native
ebde781a11596519c7a452de26bae83348e3cb54-dirty,1,1,1,1,3,518,random_trajectory,17,0,1,8,0,-1278,0,773,775,native
ebde781a11596519c7a452de26bae83348e3cb54-dirty,1,1,1,1,3,219,heuristic_trajectory,34,0,2,1,0,-498,0,1538,1540,native
ebde781a11596519c7a452de26bae83348e3cb54-dirty,1,1,1,1,3,519,random_trajectory,34,0,3,4,0,-603,0,1538,1540,native
ebde781a11596519c7a452de26bae83348e3cb54-dirty,1,1,1,1,3,220,heuristic_trajectory,34,0,1,1,3,-2052,0,1538,1540,native
ebde781a11596519c7a452de26bae83348e3cb54-dirty,1,1,1,1,3,520,random_trajectory,34,0,2,0,4,-7494,0,688,690,native
ebde781a11596519c7a452de26bae83348e3cb54-dirty,1,1,1,1,3,221,heuristic_trajectory,34,0,2,7,2,-2241,0,1538,1540,native
ebde781a11596519c7a452de26bae83348e3cb54-dirty,1,1,1,1,3,521,random_trajectory,34,0,1,8,17,-10011,0,654,656,native
ebde781a11596519c7a452de26bae83348e3cb54-dirty,1,1,1,1,3,222,heuristic_trajectory,17,0,0,3,3,-2496,0,773,775,native
ebde781a11596519c7a452de26bae83348e3cb54-dirty,1,1,1,1,3,522,random_trajectory,17,0,1,0,10,-8535,0,331,333,native
ebde781a11596519c7a452de26bae83348e3cb54-dirty,1,1,1,1,3,223,heuristic_trajectory,17,0,1,2,2,-1415,0,773,775,native
ebde781a11596519c7a452de26bae83348e3cb54-dirty,1,1,1,1,3,523,random_trajectory,34,0,1,8,0,-2820,0,1538,1540,native
ebde781a11596519c7a452de26bae83348e3cb54-dirty,1,1,1,1,3,224,heuristic_trajectory,34,0,2,7,4,-3275,0,1538,1540,native
ebde781a11596519c7a452de26bae83348e3cb54-dirty,1,1,1,1,3,524,random_trajectory,9,0,0,0,18,-10395,0,175,177,native
ebde781a11596519c7a452de26bae83348e3cb54-dirty,1,1,1,1,3,225,heuristic_trajectory,17,0,0,0,5,-2973,0,773,775,native
ebde781a11596519c7a452de26bae83348e3cb54-dirty,1,1,1,1,3,525,random_trajectory,17,0,1,3,0,-2055,0,773,775,native
ebde781a11596519c7a452de26bae83348e3cb54-dirty,1,1,1,1,3,226,heuristic_trajectory,34,0,0,4,2,-1590,0,1538,1540,native
ebde781a11596519c7a452de26bae83348e3cb54-dirty,1,1,1,1,3,526,random_trajectory,17,0,0,0,13,-9165,0,331,333,native
ebde781a11596519c7a452de26bae83348e3cb54-dirty,1,1,1,1,3,227,heuristic_trajectory,34,0,2,6,3,-1940,0,1538,1540,native
ebde781a11596519c7a452de26bae83348e3cb54-dirty,1,1,1,1,3,527,random_trajectory,34,0,1,3,0,-4488,0,1538,1540,native
ebde781a11596519c7a452de26bae83348e3cb54-dirty,1,1,1,1,3,228,heuristic_trajectory,34,0,1,0,0,-738,0,1538,1540,native
ebde781a11596519c7a452de26bae83348e3cb54-dirty,1,1,1,1,3,528,random_trajectory,17,0,1,2,12,-9702,0,399,401,native
ebde781a11596519c7a452de26bae83348e3cb54-dirty,1,1,1,1,3,229,heuristic_trajectory,17,0,0,0,4,-2889,0,773,775,native
ebde781a11596519c7a452de26bae83348e3cb54-dirty,1,1,1,1,3,529,random_trajectory,9,0,0,8,3,-6123,0,345,347,native
ebde781a11596519c7a452de26bae83348e3cb54-dirty,1,1,1,1,3,230,heuristic_trajectory,17,0,0,5,3,-2493,0,773,775,native
ebde781a11596519c7a452de26bae83348e3cb54-dirty,1,1,1,1,3,530,random_trajectory,34,0,1,3,0,-4488,0,1538,1540,native
ebde781a11596519c7a452de26bae83348e3cb54-dirty,1,1,1,1,3,231,heuristic_trajectory,17,0,0,2,3,-1860,0,773,775,native
ebde781a11596519c7a452de26bae83348e3cb54-dirty,1,1,1,1,3,531,random_trajectory,34,0,1,8,17,-10011,0,654,656,native
ebde781a11596519c7a452de26bae83348e3cb54-dirty,1,1,1,1,3,232,heuristic_trajectory,9,0,0,1,5,-3483,0,413,415,native
ebde781a11596519c7a452de26bae83348e3cb54-dirty,1,1,1,1,3,532,random_trajectory,17,0,0,0,13,-9165,0,331,333,native
ebde781a11596519c7a452de26bae83348e3cb54-dirty,1,1,1,1,3,233,heuristic_trajectory,34,0,1,2,0,-1044,0,1538,1540,native
ebde781a11596519c7a452de26bae83348e3cb54-dirty,1,1,1,1,3,533,random_trajectory,17,0,1,8,13,-9642,0,365,367,native
ebde781a11596519c7a452de26bae83348e3cb54-dirty,1,1,1,1,3,234,heuristic_trajectory,17,0,0,1,1,-1401,0,773,775,native
ebde781a11596519c7a452de26bae83348e3cb54-dirty,1,1,1,1,3,534,random_trajectory,34,0,3,5,17,-6327,0,1198,1200,native
ebde781a11596519c7a452de26bae83348e3cb54-dirty,1,1,1,1,3,235,heuristic_trajectory,17,0,0,4,5,-3330,0,773,775,native
ebde781a11596519c7a452de26bae83348e3cb54-dirty,1,1,1,1,3,535,random_trajectory,17,0,1,0,2,-5922,0,603,605,native
ebde781a11596519c7a452de26bae83348e3cb54-dirty,1,1,1,1,3,236,heuristic_trajectory,17,0,1,4,1,-1692,0,773,775,native
ebde781a11596519c7a452de26bae83348e3cb54-dirty,1,1,1,1,3,536,random_trajectory,17,0,1,0,4,-7764,0,399,401,native
ebde781a11596519c7a452de26bae83348e3cb54-dirty,1,1,1,1,3,237,heuristic_trajectory,17,0,1,0,1,-1146,0,773,775,native
ebde781a11596519c7a452de26bae83348e3cb54-dirty,1,1,1,1,3,537,random_trajectory,17,0,1,3,0,-2055,0,773,775,native
ebde781a11596519c7a452de26bae83348e3cb54-dirty,1,1,1,1,3,238,heuristic_trajectory,34,0,3,7,0,-1193,0,1538,1540,native
ebde781a11596519c7a452de26bae83348e3cb54-dirty,1,1,1,1,3,538,random_trajectory,17,0,1,0,4,-7764,0,399,401,native
ebde781a11596519c7a452de26bae83348e3cb54-dirty,1,1,1,1,3,239,heuristic_trajectory,34,0,3,7,2,-1274,0,1538,1540,native
ebde781a11596519c7a452de26bae83348e3cb54-dirty,1,1,1,1,3,539,random_trajectory,34,0,0,0,0,-258,0,1538,1540,native
ebde781a11596519c7a452de26bae83348e3cb54-dirty,1,1,1,1,3,240,heuristic_trajectory,17,0,1,6,2,-2841,0,773,775,native
ebde781a11596519c7a452de26bae83348e3cb54-dirty,1,1,1,1,3,540,random_trajectory,34,0,2,0,4,-7494,0,688,690,native
ebde781a11596519c7a452de26bae83348e3cb54-dirty,1,1,1,1,3,241,heuristic_trajectory,34,0,1,4,5,-3017,0,1538,1540,native
ebde781a11596519c7a452de26bae83348e3cb54-dirty,1,1,1,1,3,541,random_trajectory,34,0,0,0,0,0,1,382,384,native
ebde781a11596519c7a452de26bae83348e3cb54-dirty,1,1,1,1,3,242,heuristic_trajectory,34,0,2,1,4,-2919,0,1538,1540,native
ebde781a11596519c7a452de26bae83348e3cb54-dirty,1,1,1,1,3,542,random_trajectory,9,0,0,0,18,-10395,0,175,177,native
ebde781a11596519c7a452de26bae83348e3cb54-dirty,1,1,1,1,3,243,heuristic_trajectory,17,0,0,4,6,-3720,0,773,775,native
ebde781a11596519c7a452de26bae83348e3cb54-dirty,1,1,1,1,3,543,random_trajectory,17,0,1,3,0,-2055,0,773,775,native
ebde781a11596519c7a452de26bae83348e3cb54-dirty,1,1,1,1,3,244,heuristic_trajectory,34,0,3,8,7,-4968,0,1538,1540,native
ebde781a11596519c7a452de26bae83348e3cb54-dirty,1,1,1,1,3,544,random_trajectory,34,0,1,8,17,-10011,0,654,656,native
ebde781a11596519c7a452de26bae83348e3cb54-dirty,1,1,1,1,3,245,heuristic_trajectory,34,0,3,0,2,-1542,0,1538,1540,native
ebde781a11596519c7a452de26bae83348e3cb54-dirty,1,1,1,1,3,545,random_trajectory,17,0,1,0,10,-8535,0,331,333,native
ebde781a11596519c7a452de26bae83348e3cb54-dirty,1,1,1,1,3,246,heuristic_trajectory,34,0,0,4,6,-4116,0,1538,1540,native
ebde781a11596519c7a452de26bae83348e3cb54-dirty,1,1,1,1,3,546,random_trajectory,34,0,2,0,4,-7494,0,688,690,native
ebde781a11596519c7a452de26bae83348e3cb54-dirty,1,1,1,1,3,247,heuristic_trajectory,17,0,1,0,5,-3759,0,773,775,native
ebde781a11596519c7a452de26bae83348e3cb54-dirty,1,1,1,1,3,547,random_trajectory,17,0,1,0,2,-5922,0,603,605,native
ebde781a11596519c7a452de26bae83348e3cb54-dirty,1,1,1,1,3,248,heuristic_trajectory,34,0,2,0,3,-2180,0,1538,1540,native
ebde781a11596519c7a452de26bae83348e3cb54-dirty,1,1,1,1,3,548,random_trajectory,17,0,1,0,4,-7764,0,399,401,native
ebde781a11596519c7a452de26bae83348e3cb54-dirty,1,1,1,1,3,249,heuristic_trajectory,34,0,0,7,2,-1259,0,1538,1540,native
ebde781a11596519c7a452de26bae83348e3cb54-dirty,1,1,1,1,3,549,random_trajectory,17,0,1,0,4,-7764,0,399,401,native
ebde781a11596519c7a452de26bae83348e3cb54-dirty,1,1,1,1,3,250,heuristic_trajectory,17,0,1,4,2,-2121,0,773,775,native
ebde781a11596519c7a452de26bae83348e3cb54-dirty,1,1,1,1,3,550,random_trajectory,34,0,2,0,18,-9513,0,994,996,native
ebde781a11596519c7a452de26bae83348e3cb54-dirty,1,1,1,1,3,251,heuristic_trajectory,17,0,1,5,0,-1575,0,773,775,native
ebde781a11596519c7a452de26bae83348e3cb54-dirty,1,1,1,1,3,551,random_trajectory,34,0,2,4,17,-10002,0,688,690,native
ebde781a11596519c7a452de26bae83348e3cb54-dirty,1,1,1,1,3,252,heuristic_trajectory,34,0,1,5,3,-2007,0,1538,1540,native
ebde781a11596519c7a452de26bae83348e3cb54-dirty,1,1,1,1,3,552,random_trajectory,34,0,2,1,18,-10395,0,416,418,native
ebde781a11596519c7a452de26bae83348e3cb54-dirty,1,1,1,1,3,253,heuristic_trajectory,34,0,2,5,1,-1623,0,1538,1540,native
ebde781a11596519c7a452de26bae83348e3cb54-dirty,1,1,1,1,3,553,random_trajectory,9,0,0,4,7,-4788,0,413,415,native
ebde781a11596519c7a452de26bae83348e3cb54-dirty,1,1,1,1,3,254,heuristic_trajectory,34,0,1,2,2,-1677,0,1538,1540,native
ebde781a11596519c7a452de26bae83348e3cb54-dirty,1,1,1,1,3,554,random_trajectory,9,0,0,0,0,-240,0,413,415,native
ebde781a11596519c7a452de26bae83348e3cb54-dirty,1,1,1,1,3,255,heuristic_trajectory,17,0,1,0,2,-1571,0,773,775,native
ebde781a11596519c7a452de26bae83348e3cb54-dirty,1,1,1,1,3,555,random_trajectory,17,0,1,0,3,-3726,0,773,775,native
ebde781a11596519c7a452de26bae83348e3cb54-dirty,1,1,1,1,3,256,heuristic_trajectory,17,0,0,6,2,-1197,0,773,775,native
ebde781a11596519c7a452de26bae83348e3cb54-dirty,1,1,1,1,3,556,random_trajectory,17,0,1,8,10,-8796,0,637,639,native
ebde781a11596519c7a452de26bae83348e3cb54-dirty,1,1,1,1,3,257,heuristic_trajectory,34,0,1,2,2,-1677,0,1538,1540,native
ebde781a11596519c7a452de26bae83348e3cb54-dirty,1,1,1,1,3,557,random_trajectory,17,0,1,8,9,-6432,0,773,775,native
ebde781a11596519c7a452de26bae83348e3cb54-dirty,1,1,1,1,3,258,heuristic_trajectory,17,0,1,2,2,-2088,0,773,775,native
ebde781a11596519c7a452de26bae83348e3cb54-dirty,1,1,1,1,3,558,random_trajectory,17,0,1,8,10,-8796,0,637,639,native
ebde781a11596519c7a452de26bae83348e3cb54-dirty,1,1,1,1,3,259,heuristic_trajectory,9,0,0,5,2,-2004,0,413,415,native
ebde781a11596519c7a452de26bae83348e3cb54-dirty,1,1,1,1,3,559,random_trajectory,34,0,2,1,18,-10395,0,416,418,native
ebde781a11596519c7a452de26bae83348e3cb54-dirty,1,1,1,1,3,260,heuristic_trajectory,34,0,3,7,1,-1397,0,1538,1540,native
ebde781a11596519c7a452de26bae83348e3cb54-dirty,1,1,1,1,3,560,random_trajectory,17,0,1,2,0,-2019,0,773,775,native
ebde781a11596519c7a452de26bae83348e3cb54-dirty,1,1,1,1,3,261,heuristic_trajectory,17,0,0,4,4,-2631,0,773,775,native
ebde781a11596519c7a452de26bae83348e3cb54-dirty,1,1,1,1,3,561,random_trajectory,34,0,3,8,9,-7290,0,1538,1540,native
ebde781a11596519c7a452de26bae83348e3cb54-dirty,1,1,1,1,3,262,heuristic_trajectory,17,0,1,9,0,-1641,0,773,775,native
ebde781a11596519c7a452de26bae83348e3cb54-dirty,1,1,1,1,3,562,random_trajectory,34,0,3,3,5,-4323,0,1538,1540,native
ebde781a11596519c7a452de26bae83348e3cb54-dirty,1,1,1,1,3,263,heuristic_trajectory,34,0,3,4,3,-2096,0,1538,1540,native
ebde781a11596519c7a452de26bae83348e3cb54-dirty,1,1,1,1,3,563,random_trajectory,9,0,0,4,7,-4788,0,413,415,native
ebde781a11596519c7a452de26bae83348e3cb54-dirty,1,1,1,1,3,264,heuristic_trajectory,34,0,0,3,0,-480,0,1538,1540,native
ebde781a11596519c7a452de26bae83348e3cb54-dirty,1,1,1,1,3,564,random_trajectory,9,0,0,4,7,-4788,0,413,415,native
ebde781a11596519c7a452de26bae83348e3cb54-dirty,1,1,1,1,3,265,heuristic_trajectory,9,0,0,4,0,-702,0,413,415,native
ebde781a11596519c7a452de26bae83348e3cb54-dirty,1,1,1,1,3,565,random_trajectory,9,0,0,8,10,-7653,0,413,415,native
ebde781a11596519c7a452de26bae83348e3cb54-dirty,1,1,1,1,3,266,heuristic_trajectory,17,0,1,5,3,-2591,0,773,775,native
ebde781a11596519c7a452de26bae83348e3cb54-dirty,1,1,1,1,3,566,random_trajectory,17,0,1,8,9,-6432,0,773,775,native
ebde781a11596519c7a452de26bae83348e3cb54-dirty,1,1,1,1,3,267,heuristic_trajectory,34,0,1,0,0,-738,0,1538,1540,native
ebde781a11596519c7a452de26bae83348e3cb54-dirty,1,1,1,1,3,567,random_trajectory,17,0,1,5,7,-9219,0,535,537,native
ebde781a11596519c7a452de26bae83348e3cb54-dirty,1,1,1,1,3,268,heuristic_trajectory,17,0,0,5,2,-1427,0,773,775,native
ebde781a11596519c7a452de26bae83348e3cb54-dirty,1,1,1,1,3,568,random_trajectory,34,0,2,4,17,-10002,0,688,690,native
ebde781a11596519c7a452de26bae83348e3cb54-dirty,1,1,1,1,3,269,heuristic_trajectory,34,0,2,0,2,-1769,0,1538,1540,native
ebde781a11596519c7a452de26bae83348e3cb54-dirty,1,1,1,1,3,569,random_trajectory,17,0,1,6,0,-5976,0,773,775,native
ebde781a11596519c7a452de26bae83348e3cb54-dirty,1,1,1,1,3,270,heuristic_trajectory,17,0,1,4,1,-1692,0,773,775,native
ebde781a11596519c7a452de26bae83348e3cb54-dirty,1,1,1,1,3,570,random_trajectory,34,0,3,8,9,-7290,0,1538,1540,native
ebde781a11596519c7a452de26bae83348e3cb54-dirty,1,1,1,1,3,271,heuristic_trajectory,17,0,1,2,3,-1892,0,773,775,native
ebde781a11596519c7a452de26bae83348e3cb54-dirty,1,1,1,1,3,571,random_trajectory,17,0,1,2,0,-2019,0,773,775,native
ebde781a11596519c7a452de26bae83348e3cb54-dirty,1,1,1,1,3,272,heuristic_trajectory,34,0,3,8,2,-1376,0,1538,1540,native
ebde781a11596519c7a452de26bae83348e3cb54-dirty,1,1,1,1,3,572,random_trajectory,34,0,2,1,18,-10395,0,416,418,native
ebde781a11596519c7a452de26bae83348e3cb54-dirty,1,1,1,1,3,273,heuristic_trajectory,17,0,0,4,1,-1707,0,773,775,native
ebde781a11596519c7a452de26bae83348e3cb54-dirty,1,1,1,1,3,573,random_trajectory,34,0,3,8,9,-8406,0,1300,1302,native
ebde781a11596519c7a452de26bae83348e3cb54-dirty,1,1,1,1,3,274,heuristic_trajectory,9,0,0,0,4,-1983,0,413,415,native
ebde781a11596519c7a452de26bae83348e3cb54-dirty,1,1,1,1,3,574,random_trajectory,17,0,1,8,9,-6432,0,773,775,native
ebde781a11596519c7a452de26bae83348e3cb54-dirty,1,1,1,1,3,275,heuristic_trajectory,34,0,2,0,3,-2180,0,1538,1540,native
ebde781a11596519c7a452de26bae83348e3cb54-dirty,1,1,1,1,3,575,random_trajectory,9,0,0,8,10,-7653,0,413,415,native
ebde781a11596519c7a452de26bae83348e3cb54-dirty,1,1,1,1,3,276,heuristic_trajectory,17,0,0,7,4,-2759,0,773,775,native
ebde781a11596519c7a452de26bae83348e3cb54-dirty,1,1,1,1,3,576,random_trajectory,34,0,2,0,18,-9513,0,994,996,native
ebde781a11596519c7a452de26bae83348e3cb54-dirty,1,1,1,1,3,277,heuristic_trajectory,34,0,1,1,3,-2154,0,1538,1540,native
ebde781a11596519c7a452de26bae83348e3cb54-dirty,1,1,1,1,3,577,random_trajectory,17,0,1,2,0,-2019,0,773,775,native
ebde781a11596519c7a452de26bae83348e3cb54-dirty,1,1,1,1,3,278,heuristic_trajectory,17,0,1,3,1,-902,0,773,775,native
ebde781a11596519c7a452de26bae83348e3cb54-dirty,1,1,1,1,3,578,random_trajectory,17,0,1,2,0,-2019,0,773,775,native
ebde781a11596519c7a452de26bae83348e3cb54-dirty,1,1,1,1,3,279,heuristic_trajectory,34,0,1,6,2,-1580,0,1538,1540,native
ebde781a11596519c7a452de26bae83348e3cb54-dirty,1,1,1,1,3,579,random_trajectory,34,0,3,3,5,-4323,0,1538,1540,native
ebde781a11596519c7a452de26bae83348e3cb54-dirty,1,1,1,1,3,280,heuristic_trajectory,17,0,1,2,2,-2463,0,773,775,native
ebde781a11596519c7a452de26bae83348e3cb54-dirty,1,1,1,1,3,580,random_trajectory,17,0,1,0,3,-3726,0,773,775,native
ebde781a11596519c7a452de26bae83348e3cb54-dirty,1,1,1,1,3,281,heuristic_trajectory,17,0,0,2,4,-2748,0,773,775,native
ebde781a11596519c7a452de26bae83348e3cb54-dirty,1,1,1,1,3,581,random_trajectory,34,0,3,8,9,-7290,0,1538,1540,native
ebde781a11596519c7a452de26bae83348e3cb54-dirty,1,1,1,1,3,282,heuristic_trajectory,34,0,3,7,0,-1800,0,1538,1540,native
ebde781a11596519c7a452de26bae83348e3cb54-dirty,1,1,1,1,3,582,random_trajectory,17,0,1,8,10,-8796,0,637,639,native
ebde781a11596519c7a452de26bae83348e3cb54-dirty,1,1,1,1,3,283,heuristic_trajectory,9,0,0,2,5,-2667,0,413,415,native
ebde781a11596519c7a452de26bae83348e3cb54-dirty,1,1,1,1,3,583,random_trajectory,34,0,1,4,5,-5319,0,1538,1540,native
ebde781a11596519c7a452de26bae83348e3cb54-dirty,1,1,1,1,3,284,heuristic_trajectory,34,0,2,0,3,-2180,0,1538,1540,native
ebde781a11596519c7a452de26bae83348e3cb54-dirty,1,1,1,1,3,584,random_trajectory,34,0,3,8,0,-756,0,1538,1540,native
ebde781a11596519c7a452de26bae83348e3cb54-dirty,1,1,1,1,3,285,heuristic_trajectory,9,0,0,6,4,-2208,0,413,415,native
ebde781a11596519c7a452de26bae83348e3cb54-dirty,1,1,1,1,3,585,random_trajectory,34,0,3,8,0,-756,0,1538,1540,native
ebde781a11596519c7a452de26bae83348e3cb54-dirty,1,1,1,1,3,286,heuristic_trajectory,17,0,1,0,4,-3269,0,773,775,native
ebde781a11596519c7a452de26bae83348e3cb54-dirty,1,1,1,1,3,586,random_trajectory,34,0,3,8,0,-756,0,1538,1540,native
ebde781a11596519c7a452de26bae83348e3cb54-dirty,1,1,1,1,3,287,heuristic_trajectory,34,0,3,2,0,-1019,0,1538,1540,native
ebde781a11596519c7a452de26bae83348e3cb54-dirty,1,1,1,1,3,587,random_trajectory,17,0,1,6,0,-1224,0,773,775,native
ebde781a11596519c7a452de26bae83348e3cb54-dirty,1,1,1,1,3,288,heuristic_trajectory,17,0,0,0,5,-2973,0,773,775,native
ebde781a11596519c7a452de26bae83348e3cb54-dirty,1,1,1,1,3,588,random_trajectory,17,0,1,6,0,-5976,0,773,775,native
ebde781a11596519c7a452de26bae83348e3cb54-dirty,1,1,1,1,3,289,heuristic_trajectory,34,0,3,2,0,-1019,0,1538,1540,native
ebde781a11596519c7a452de26bae83348e3cb54-dirty,1,1,1,1,3,589,random_trajectory,17,0,1,6,0,-5976,0,773,775,native
ebde781a11596519c7a452de26bae83348e3cb54-dirty,1,1,1,1,3,290,heuristic_trajectory,9,0,0,7,4,-2315,0,413,415,native
ebde781a11596519c7a452de26bae83348e3cb54-dirty,1,1,1,1,3,590,random_trajectory,34,0,1,4,5,-5319,0,1538,1540,native
ebde781a11596519c7a452de26bae83348e3cb54-dirty,1,1,1,1,3,291,heuristic_trajectory,9,0,0,5,4,-2769,0,413,415,native
ebde781a11596519c7a452de26bae83348e3cb54-dirty,1,1,1,1,3,591,random_trajectory,17,0,1,6,0,-1224,0,773,775,native
ebde781a11596519c7a452de26bae83348e3cb54-dirty,1,1,1,1,3,292,heuristic_trajectory,17,0,1,6,5,-3330,0,773,775,native
ebde781a11596519c7a452de26bae83348e3cb54-dirty,1,1,1,1,3,592,random_trajectory,9,0,0,4,7,-4788,0,413,415,native
ebde781a11596519c7a452de26bae83348e3cb54-dirty,1,1,1,1,3,293,heuristic_trajectory,17,0,1,6,6,-3836,0,773,775,native
ebde781a11596519c7a452de26bae83348e3cb54-dirty,1,1,1,1,3,593,random_trajectory,9,0,0,0,0,-240,0,413,415,native
ebde781a11596519c7a452de26bae83348e3cb54-dirty,1,1,1,1,3,294,heuristic_trajectory,34,0,2,1,0,-498,0,1538,1540,native
ebde781a11596519c7a452de26bae83348e3cb54-dirty,1,1,1,1,3,594,random_trajectory,17,0,1,5,7,-9219,0,535,537,native
ebde781a11596519c7a452de26bae83348e3cb54-dirty,1,1,1,1,3,295,heuristic_trajectory,17,0,1,0,2,-1571,0,773,775,native
ebde781a11596519c7a452de26bae83348e3cb54-dirty,1,1,1,1,3,595,random_trajectory,17,0,1,6,0,-1224,0,773,775,native
ebde781a11596519c7a452de26bae83348e3cb54-dirty,1,1,1,1,3,296,heuristic_trajectory,34,0,3,0,3,-2682,0,1538,1540,native
ebde781a11596519c7a452de26bae83348e3cb54-dirty,1,1,1,1,3,596,random_trajectory,17,0,1,2,0,-2019,0,773,775,native
ebde781a11596519c7a452de26bae83348e3cb54-dirty,1,1,1,1,3,297,heuristic_trajectory,34,0,3,0,3,-2682,0,1538,1540,native
ebde781a11596519c7a452de26bae83348e3cb54-dirty,1,1,1,1,3,597,random_trajectory,34,0,2,1,18,-10395,0,416,418,native
ebde781a11596519c7a452de26bae83348e3cb54-dirty,1,1,1,1,3,298,heuristic_trajectory,9,0,0,1,1,-1008,0,413,415,native
ebde781a11596519c7a452de26bae83348e3cb54-dirty,1,1,1,1,3,598,random_trajectory,17,0,1,2,0,-2019,0,773,775,native
ebde781a11596519c7a452de26bae83348e3cb54-dirty,1,1,1,1,3,299,heuristic_trajectory,17,0,0,6,3,-1863,0,773,775,native
ebde781a11596519c7a452de26bae83348e3cb54-dirty,1,1,1,1,3,599,random_trajectory,17,0,0,0,0,0,1,195,197,native
