commit,arch,board_repr,lanes,depth,precision,state_id,category,root_candidates,leaf_candidates,rotation,x,y,score,no_move,core_cycles,request_interval_cycles,driver
ae0728a3e36e9a03e211f2ae3f8a73c386bdd68e-dirty,1,1,1,1,7,802,blocked_spawn,17,0,1,6,0,-366,0,603,605,native
ae0728a3e36e9a03e211f2ae3f8a73c386bdd68e-dirty,1,1,1,1,7,801,equal_scores,34,0,1,4,2,-96,0,1538,1540,native
ae0728a3e36e9a03e211f2ae3f8a73c386bdd68e-dirty,1,1,1,1,7,0,heuristic_trajectory,17,0,0,5,2,-72,0,773,775,native
ae0728a3e36e9a03e211f2ae3f8a73c386bdd68e-dirty,1,1,1,1,7,600,high_stack_holes,34,0,2,4,16,-386,0,858,860,native
ae0728a3e36e9a03e211f2ae3f8a73c386bdd68e-dirty,1,1,1,1,7,800,last_candidate_winner,17,0,1,9,1,-186,0,773,775,native
ae0728a3e36e9a03e211f2ae3f8a73c386bdd68e-dirty,1,1,1,1,7,839,no_move,34,0,0,0,0,0,1,382,384,native
ae0728a3e36e9a03e211f2ae3f8a73c386bdd68e-dirty,1,1,1,1,7,300,random_trajectory,34,0,2,7,5,-228,0,1538,1540,native
ae0728a3e36e9a03e211f2ae3f8a73c386bdd68e-dirty,1,1,1,1,7,845,walls,34,0,0,1,0,-36,0,1538,1540,native
ae0728a3e36e9a03e211f2ae3f8a73c386bdd68e-dirty,1,1,1,1,7,817,wells,9,0,0,0,6,-130,0,413,415,native
ae0728a3e36e9a03e211f2ae3f8a73c386bdd68e-dirty,1,1,1,1,7,806,blocked_spawn,34,0,1,8,0,-390,0,824,826,native
ae0728a3e36e9a03e211f2ae3f8a73c386bdd68e-dirty,1,1,1,1,7,805,equal_scores,17,0,0,4,1,-37,0,773,775,native
ae0728a3e36e9a03e211f2ae3f8a73c386bdd68e-dirty,1,1,1,1,7,1,heuristic_trajectory,17,0,1,0,3,-85,0,773,775,native
ae0728a3e36e9a03e211f2ae3f8a73c386bdd68e-dirty,1,1,1,1,7,601,high_stack_holes,34,0,3,0,16,-450,0,790,792,native
ae0728a3e36e9a03e211f2ae3f8a73c386bdd68e-dirty,1,1,1,1,7,803,last_candidate_winner,9,0,0,8,8,-199,0,413,415,native
ae0728a3e36e9a03e211f2ae3f8a73c386bdd68e-dirty,1,1,1,1,7,882,no_move,17,0,0,0,0,0,1,195,197,native
ae0728a3e36e9a03e211f2ae3f8a73c386bdd68e-dirty,1,1,1,1,7,301,random_trajectory,34,0,1,7,4,-190,0,1538,1540,native
ae0728a3e36e9a03e211f2ae3f8a73c386bdd68e-dirty,1,1,1,1,7,851,walls,34,0,0,6,0,-36,0,1538,1540,native
ae0728a3e36e9a03e211f2ae3f8a73c386bdd68e-dirty,1,1,1,1,7,827,wells,17,0,1,3,5,-125,0,773,775,native
ae0728a3e36e9a03e211f2ae3f8a73c386bdd68e-dirty,1,1,1,1,7,808,blocked_spawn,17,0,1,1,0,-400,0,501,503,native
ae0728a3e36e9a03e211f2ae3f8a73c386bdd68e-dirty,1,1,1,1,7,809,equal_scores,9,0,0,2,2,-57,0,413,415,native
ae0728a3e36e9a03e211f2ae3f8a73c386bdd68e-dirty,1,1,1,1,7,2,heuristic_trajectory,17,0,0,5,2,-60,0,773,775,native
ae0728a3e36e9a03e211f2ae3f8a73c386bdd68e-dirty,1,1,1,1,7,602,high_stack_holes,34,0,3,3,12,-358,0,1538,1540,native
ae0728a3e36e9a03e211f2ae3f8a73c386bdd68e-dirty,1,1,1,1,7,804,last_candidate_winner,17,0,1,8,2,-118,0,773,775,native
ae0728a3e36e9a03e211f2ae3f8a73c386bdd68e-dirty,1,1,1,1,7,888,no_move,34,0,0,0,0,0,1,382,384,native
ae0728a3e36e9a03e211f2ae3f8a73c386bdd68e-dirty,1,1,1,1,7,302,random_trajectory,34,0,1,7,4,-190,0,1538,1540,native
ae0728a3e36e9a03e211f2ae3f8a73c386bdd68e-dirty,1,1,1,1,7,898,walls,9,0,0,6,0,-34,0,413,415,native
ae0728a3e36e9a03e211f2ae3f8a73c386bdd68e-dirty,1,1,1,1,7,832,wells,17,0,1,2,5,-112,0,773,775,native
ae0728a3e36e9a03e211f2ae3f8a73c386bdd68e-dirty,1,1,1,1,7,811,blocked_spawn,17,0,1,8,0,-231,0,671,673,native
ae0728a3e36e9a03e211f2ae3f8a73c386bdd68e-dirty,1,1,1,1,7,821,equal_scores,34,0,2,1,3,-110,0,1538,1540,native
ae0728a3e36e9a03e211f2ae3f8a73c386bdd68e-dirty,1,1,1,1,7,3,heuristic_trajectory,34,0,1,6,0,-37,0,1538,1540,native
ae0728a3e36e9a03e211f2ae3f8a73c386bdd68e-dirty,1,1,1,1,7,603,high_stack_holes,34,0,1,6,14,-366,0,1232,1234,native
ae0728a3e36e9a03e211f2ae3f8a73c386bdd68e-dirty,1,1,1,1,7,807,last_candidate_winner,17,0,1,8,2,-75,0,773,775,native
ae0728a3e36e9a03e211f2ae3f8a73c386bdd68e-dirty,1,1,1,1,7,942,no_move,17,0,0,0,0,0,1,195,197,native
ae0728a3e36e9a03e211f2ae3f8a73c386bdd68e-dirty,1,1,1,1,7,303,random_trajectory,17,0,1,0,8,-436,0,263,265,native
ae0728a3e36e9a03e211f2ae3f8a73c386bdd68e-dirty,1,1,1,1,7,911,walls,17,0,0,0,0,-39,0,773,775,native
ae0728a3e36e9a03e211f2ae3f8a73c386bdd68e-dirty,1,1,1,1,7,846,wells,9,0,0,0,6,-126,0,413,415,native
ae0728a3e36e9a03e211f2ae3f8a73c386bdd68e-dirty,1,1,1,1,7,813,blocked_spawn,17,0,0,0,0,-341,0,399,401,native
ae0728a3e36e9a03e211f2ae3f8a73c386bdd68e-dirty,1,1,1,1,7,822,equal_scores,34,0,1,7,2,-78,0,1538,1540,native
ae0728a3e36e9a03e211f2ae3f8a73c386bdd68e-dirty,1,1,1,1,7,4,heuristic_trajectory,34,0,3,3,4,-123,0,1538,1540,native
ae0728a3e36e9a03e211f2ae3f8a73c386bdd68e-dirty,1,1,1,1,7,604,high_stack_holes,34,0,3,3,16,-480,0,586,588,native
ae0728a3e36e9a03e211f2ae3f8a73c386bdd68e-dirty,1,1,1,1,7,810,last_candidate_winner,17,0,1,8,1,-70,0,773,775,native
ae0728a3e36e9a03e211f2ae3f8a73c386bdd68e-dirty,1,1,1,1,7,969,no_move,9,0,0,0,0,0,1,107,109,native
ae0728a3e36e9a03e211f2ae3f8a73c386bdd68e-dirty,1,1,1,1,7,304,random_trajectory,17,0,1,7,4,-176,0,773,775,native
ae0728a3e36e9a03e211f2ae3f8a73c386bdd68e-dirty,1,1,1,1,7,914,walls,17,0,0,1,0,-37,0,773,775,native
ae0728a3e36e9a03e211f2ae3f8a73c386bdd68e-dirty,1,1,1,1,7,848,wells,17,0,1,3,5,-125,0,773,775,native
ae0728a3e36e9a03e211f2ae3f8a73c386bdd68e-dirty,1,1,1,1,7,814,blocked_spawn,17,0,1,4,0,-319,0,331,333,native
ae0728a3e36e9a03e211f2ae3f8a73c386bdd68e-dirty,1,1,1,1,7,830,equal_scores,17,0,1,5,2,-78,0,773,775,native
ae0728a3e36e9a03e211f2ae3f8a73c386bdd68e-dirty,1,1,1,1,7,5,heuristic_trajectory,9,0,0,6,2,-75,0,413,415,native
ae0728a3e36e9a03e211f2ae3f8a73c386bdd68e-dirty,1,1,1,1,7,605,high_stack_holes,34,0,3,6,3,-91,0,1538,1540,native
ae0728a3e36e9a03e211f2ae3f8a73c386bdd68e-dirty,1,1,1,1,7,812,last_candidate_winner,17,0,1,9,2,-77,0,773,775,native
ae0728a3e36e9a03e211f2ae3f8a73c386bdd68e-dirty,1,1,1,1,7,976,no_move,17,0,0,0,0,0,1,195,197,native
ae0728a3e36e9a03e211f2ae3f8a73c386bdd68e-dirty,1,1,1,1,7,305,random_trajectory,17,0,1,4,15,-291,0,773,775,native
ae0728a3e36e9a03e211f2ae3f8a73c386bdd68e-dirty,1,1,1,1,7,922,walls,34,0,0,0,0,-36,0,1538,1540,native
ae0728a3e36e9a03e211f2ae3f8a73c386bdd68e-dirty,1,1,1,1,7,858,wells,34,0,3,6,4,-109,0,1538,1540,native
ae0728a3e36e9a03e211f2ae3f8a73c386bdd68e-dirty,1,1,1,1,7,815,blocked_spawn,34,0,1,3,0,-434,0,552,554,native
ae0728a3e36e9a03e211f2ae3f8a73c386bdd68e-dirty,1,1,1,1,7,831,equal_scores,17,0,0,4,1,-44,0,773,775,native
ae0728a3e36e9a03e211f2ae3f8a73c386bdd68e-dirty,1,1,1,1,7,6,heuristic_trajectory,17,0,1,0,4,-99,0,773,775,native
ae0728a3e36e9a03e211f2ae3f8a73c386bdd68e-dirty,1,1,1,1,7,606,high_stack_holes,17,0,1,2,15,-392,0,603,605,native
ae0728a3e36e9a03e211f2ae3f8a73c386bdd68e-dirty,1,1,1,1,7,816,last_candidate_winner,34,0,3,8,2,-59,0,1538,1540,native
ae0728a3e36e9a03e211f2ae3f8a73c386bdd68e-dirty,1,1,1,1,7,986,no_move,9,0,0,0,0,0,1,107,109,native
ae0728a3e36e9a03e211f2ae3f8a73c386bdd68e-dirty,1,1,1,1,7,306,random_trajectory,9,0,0,0,0,-53,0,413,415,native
ae0728a3e36e9a03e211f2ae3f8a73c386bdd68e-dirty,1,1,1,1,7,941,walls,17,0,0,6,0,-39,0,773,775,native
ae0728a3e36e9a03e211f2ae3f8a73c386bdd68e-dirty,1,1,1,1,7,867,wells,34,0,2,6,5,-110,0,1538,1540,native
ae0728a3e36e9a03e211f2ae3f8a73c386bdd68e-dirty,1,1,1,1,7,818,blocked_spawn,9,0,0,5,0,-384,0,209,211,native
ae0728a3e36e9a03e211f2ae3f8a73c386bdd68e-dirty,1,1,1,1,7,836,equal_scores,34,0,2,0,2,-80,0,1538,1540,native
ae0728a3e36e9a03e211f2ae3f8a73c386bdd68e-dirty,1,1,1,1,7,7,heuristic_trajectory,9,0,0,4,2,-65,0,413,415,native
ae0728a3e36e9a03e211f2ae3f8a73c386bdd68e-dirty,1,1,1,1,7,607,high_stack_holes,34,0,1,7,16,-448,0,1334,1336,native
ae0728a3e36e9a03e211f2ae3f8a73c386bdd68e-dirty,1,1,1,1,7,819,last_candidate_winner,17,0,1,9,0,-57,0,773,775,native
ae0728a3e36e9a03e211f2ae3f8a73c386bdd68e-dirty,1,1,1,1,7,307,random_trajectory,17,0,1,0,17,-468,0,263,265,native
ae0728a3e36e9a03e211f2ae3f8a73c386bdd68e-dirty,1,1,1,1,7,961,walls,17,0,0,6,0,-37,0,773,775,native
ae0728a3e36e9a03e211f2ae3f8a73c386bdd68e-dirty,1,1,1,1,7,868,wells,9,0,0,0,6,-131,0,413,415,native
ae0728a3e36e9a03e211f2ae3f8a73c386bdd68e-dirty,1,1,1,1,7,820,blocked_spawn,34,0,0,1,0,-282,0,1096,1098,native
ae0728a3e36e9a03e211f2ae3f8a73c386bdd68e-dirty,1,1,1,1,7,837,equal_scores,9,0,0,0,1,-49,0,413,415,native
ae0728a3e36e9a03e211f2ae3f8a73c386bdd68e-dirty,1,1,1,1,7,8,heuristic_trajectory,17,0,0,5,3,-123,0,773,775,native
ae0728a3e36e9a03e211f2ae3f8a73c386bdd68e-dirty,1,1,1,1,7,608,high_stack_holes,17,0,0,6,16,-359,0,773,775,native
ae0728a3e36e9a03e211f2ae3f8a73c386bdd68e-dirty,1,1,1,1,7,824,last_candidate_winner,17,0,1,8,0,-51,0,773,775,native
ae0728a3e36e9a03e211f2ae3f8a73c386bdd68e-dirty,1,1,1,1,7,308,random_trajectory,9,0,0,8,6,-325,0,413,415,native
ae0728a3e36e9a03e211f2ae3f8a73c386bdd68e-dirty,1,1,1,1,7,977,walls,17,0,0,6,0,-10,0,773,775,native
ae0728a3e36e9a03e211f2ae3f8a73c386bdd68e-dirty,1,1,1,1,7,890,wells,9,0,0,8,6,-124,0,413,415,native
ae0728a3e36e9a03e211f2ae3f8a73c386bdd68e-dirty,1,1,1,1,7,823,blocked_spawn,34,0,3,3,17,-459,0,688,690,native
ae0728a3e36e9a03e211f2ae3f8a73c386bdd68e-dirty,1,1,1,1,7,849,equal_scores,9,0,0,0,3,-104,0,413,415,native
ae0728a3e36e9a03e211f2ae3f8a73c386bdd68e-dirty,1,1,1,1,7,9,heuristic_trajectory,17,0,1,0,4,-109,0,773,775,native
ae0728a3e36e9a03e211f2ae3f8a73c386bdd68e-dirty,1,1,1,1,7,609,high_stack_holes,34,0,1,2,14,-376,0,1266,1268,native
ae0728a3e36e9a03e211f2ae3f8a73c386bdd68e-dirty,1,1,1,1,7,825,last_candidate_winner,17,0,1,9,0,-8,0,773,775,native
ae0728a3e36e9a03e211f2ae3f8a73c386bdd68e-dirty,1,1,1,1,7,309,random_trajectory,17,0,1,5,1,-91,0,773,775,native
ae0728a3e36e9a03e211f2ae3f8a73c386bdd68e-dirty,1,1,1,1,7,980,walls,34,0,0,6,0,-36,0,1538,1540,native
ae0728a3e36e9a03e211f2ae3f8a73c386bdd68e-dirty,1,1,1,1,7,894,wells,34,0,1,4,4,-85,0,1538,1540,native
ae0728a3e36e9a03e211f2ae3f8a73c386bdd68e-dirty,1,1,1,1,7,828,blocked_spawn,17,0,1,8,0,-419,0,331,333,native
ae0728a3e36e9a03e211f2ae3f8a73c386bdd68e-dirty,1,1,1,1,7,853,equal_scores,9,0,0,0,1,-42,0,413,415,native
ae0728a3e36e9a03e211f2ae3f8a73c386bdd68e-dirty,1,1,1,1,7,10,heuristic_trajectory,17,0,0,3,1,-24,0,773,775,native
ae0728a3e36e9a03e211f2ae3f8a73c386bdd68e-dirty,1,1,1,1,7,610,high_stack_holes,34,0,3,8,17,-450,0,1062,1064,native
ae0728a3e36e9a03e211f2ae3f8a73c386bdd68e-dirty,1,1,1,1,7,826,last_candidate_winner,17,0,1,9,3,-92,0,773,775,native
ae0728a3e36e9a03e211f2ae3f8a73c386bdd68e-dirty,1,1,1,1,7,310,random_trajectory,17,0,1,0,5,-401,0,365,367,native
ae0728a3e36e9a03e211f2ae3f8a73c386bdd68e-dirty,1,1,1,1,7,993,walls,34,0,0,6,0,-34,0,1538,1540,native
ae0728a3e36e9a03e211f2ae3f8a73c386bdd68e-dirty,1,1,1,1,7,895,wells,17,0,1,9,0,-26,0,773,775,native
ae0728a3e36e9a03e211f2ae3f8a73c386bdd68e-dirty,1,1,1,1,7,834,blocked_spawn,34,0,0,4,0,-321,0,1300,1302,native
ae0728a3e36e9a03e211f2ae3f8a73c386bdd68e-dirty,1,1,1,1,7,863,equal_scores,9,0,0,1,0,-30,0,413,415,native
ae0728a3e36e9a03e211f2ae3f8a73c386bdd68e-dirty,1,1,1,1,7,11,heuristic_trajectory,34,0,2,5,2,-50,0,1538,1540,native
ae0728a3e36e9a03e211f2ae3f8a73c386bdd68e-dirty,1,1,1,1,7,611,high_stack_holes,17,0,1,0,7,-201,0,773,775,native
ae0728a3e36e9a03e211f2ae3f8a73c386bdd68e-dirty,1,1,1,1,7,829,last_candidate_winner,34,0,1,0,1,-62,0,1538,1540,native
ae0728a3e36e9a03e211f2ae3f8a73c386bdd68e-dirty,1,1,1,1,7,311,random_trajectory,17,0,0,0,0,-9,0,773,775,native
ae0728a3e36e9a03e211f2ae3f8a73c386bdd68e-dirty,1,1,1,1,7,907,wells,34,0,3,8,5,-111,0,1538,1540,native
ae0728a3e36e9a03e211f2ae3f8a73c386bdd68e-dirty,1,1,1,1,7,835,blocked_spawn,34,0,3,0,0,-233,0,790,792,native
ae0728a3e36e9a03e211f2ae3f8a73c386bdd68e-dirty,1,1,1,1,7,870,equal_scores,17,0,0,2,2,-69,0,773,775,native
ae0728a3e36e9a03e211f2ae3f8a73c386bdd68e-dirty,1,1,1,1,7,12,heuristic_trajectory,17,0,1,8,5,-134,0,773,775,native
ae0728a3e36e9a03e211f2ae3f8a73c386bdd68e-dirty,1,1,1,1,7,612,high_stack_holes,17,0,1,1,13,-386,0,433,435,native
ae0728a3e36e9a03e211f2ae3f8a73c386bdd68e-dirty,1,1,1,1,7,833,last_candidate_winner,34,0,3,8,1,-45,0,1538,1540,native
ae0728a3e36e9a03e211f2ae3f8a73c386bdd68e-dirty,1,1,1,1,7,312,random_trajectory,9,0,0,0,3,-164,0,413,415,native
ae0728a3e36e9a03e211f2ae3f8a73c386bdd68e-dirty,1,1,1,1,7,908,wells,34,0,3,1,4,-84,0,1538,1540,native
ae0728a3e36e9a03e211f2ae3f8a73c386bdd68e-dirty,1,1,1,1,7,838,blocked_spawn,17,0,1,2,0,-376,0,433,435,native
ae0728a3e36e9a03e211f2ae3f8a73c386bdd68e-dirty,1,1,1,1,7,878,equal_scores,9,0,0,4,3,-100,0,413,415,native
ae0728a3e36e9a03e211f2ae3f8a73c386bdd68e-dirty,1,1,1,1,7,13,heuristic_trajectory,34,0,1,1,0,-31,0,1538,1540,native
ae0728a3e36e9a03e211f2ae3f8a73c386bdd68e-dirty,1,1,1,1,7,613,high_stack_holes,34,0,1,4,15,-497,0,586,588,native
ae0728a3e36e9a03e211f2ae3f8a73c386bdd68e-dirty,1,1,1,1,7,841,last_candidate_winner,17,0,1,8,0,-33,0,773,775,native
ae0728a3e36e9a03e211f2ae3f8a73c386bdd68e-dirty,1,1,1,1,7,313,random_trajectory,34,0,1,5,15,-390,0,756,758,native
ae0728a3e36e9a03e211f2ae3f8a73c386bdd68e-dirty,1,1,1,1,7,929,wells,34,0,1,0,5,-110,0,1538,1540,native
ae0728a3e36e9a03e211f2ae3f8a73c386bdd68e-dirty,1,1,1,1,7,840,blocked_spawn,34,0,0,6,0,-293,0,790,792,native
ae0728a3e36e9a03e211f2ae3f8a73c386bdd68e-dirty,1,1,1,1,7,880,equal_scores,9,0,0,0,3,-90,0,413,415,native
ae0728a3e36e9a03e211f2ae3f8a73c386bdd68e-dirty,1,1,1,1,7,14,heuristic_trajectory,17,0,0,5,2,-70,0,773,775,native
ae0728a3e36e9a03e211f2ae3f8a73c386bdd68e-dirty,1,1,1,1,7,614,high_stack_holes,17,0,0,0,0,-26,0,773,775,native
ae0728a3e36e9a03e211f2ae3f8a73c386bdd68e-dirty,1,1,1,1,7,847,last_candidate_winner,34,0,3,8,1,-44,0,1538,1540,native
ae0728a3e36e9a03e211f2ae3f8a73c386bdd68e-dirty,1,1,1,1,7,314,random_trajectory,9,0,0,0,0,-53,0,413,415,native
ae0728a3e36e9a03e211f2ae3f8a73c386bdd68e-dirty,1,1,1,1,7,937,wells,34,0,2,2,5,-126,0,1538,1540,native
ae0728a3e36e9a03e211f2ae3f8a73c386bdd68e-dirty,1,1,1,1,7,842,blocked_spawn,17,0,1,1,0,-167,0,569,571,native
ae0728a3e36e9a03e211f2ae3f8a73c386bdd68e-dirty,1,1,1,1,7,886,equal_scores,17,0,0,2,0,-69,0,773,775,native
ae0728a3e36e9a03e211f2ae3f8a73c386bdd68e-dirty,1,1,1,1,7,15,heuristic_trajectory,17,0,1,0,5,-97,0,773,775,native
ae0728a3e36e9a03e211f2ae3f8a73c386bdd68e-dirty,1,1,1,1,7,615,high_stack_holes,17,0,0,6,12,-360,0,535,537,native
ae0728a3e36e9a03e211f2ae3f8a73c386bdd68e-dirty,1,1,1,1,7,850,last_candidate_winner,17,0,1,8,0,-63,0,773,775,native
ae0728a3e36e9a03e211f2ae3f8a73c386bdd68e-dirty,1,1,1,1,7,315,random_trajectory,9,0,0,0,6,-426,0,175,177,native
ae0728a3e36e9a03e211f2ae3f8a73c386bdd68e-dirty,1,1,1,1,7,943,wells,17,0,1,0,5,-112,0,773,775,native
ae0728a3e36e9a03e211f2ae3f8a73c386bdd68e-dirty,1,1,1,1,7,843,blocked_spawn,34,0,1,6,0,-430,0,552,554,native
ae0728a3e36e9a03e211f2ae3f8a73c386bdd68e-dirty,1,1,1,1,7,887,equal_scores,17,0,0,5,2,-88,0,773,775,native
ae0728a3e36e9a03e211f2ae3f8a73c386bdd68e-dirty,1,1,1,1,7,16,heuristic_trajectory,34,0,1,8,0,-24,0,1538,1540,native
ae0728a3e36e9a03e211f2ae3f8a73c386bdd68e-dirty,1,1,1,1,7,616,high_stack_holes,34,0,1,0,17,-452,0,790,792,native
ae0728a3e36e9a03e211f2ae3f8a73c386bdd68e-dirty,1,1,1,1,7,857,last_candidate_winner,34,0,3,8,0,-38,0,1538,1540,native
ae0728a3e36e9a03e211f2ae3f8a73c386bdd68e-dirty,1,1,1,1,7,316,random_trajectory,34,0,1,5,0,-63,0,1538,1540,native
ae0728a3e36e9a03e211f2ae3f8a73c386bdd68e-dirty,1,1,1,1,7,945,wells,34,0,2,7,5,-110,0,1538,1540,native
ae0728a3e36e9a03e211f2ae3f8a73c386bdd68e-dirty,1,1,1,1,7,844,blocked_spawn,9,0,0,1,0,-193,0,379,381,native
ae0728a3e36e9a03e211f2ae3f8a73c386bdd68e-dirty,1,1,1,1,7,896,equal_scores,17,0,1,0,6,-139,0,773,775,native
ae0728a3e36e9a03e211f2ae3f8a73c386bdd68e-dirty,1,1,1,1,7,17,heuristic_trajectory,17,0,0,6,2,-39,0,773,775,native
ae0728a3e36e9a03e211f2ae3f8a73c386bdd68e-dirty,1,1,1,1,7,617,high_stack_holes,34,0,2,5,13,-371,0,1538,1540,native
ae0728a3e36e9a03e211f2ae3f8a73c386bdd68e-dirty,1,1,1,1,7,859,last_candidate_winner,34,0,2,1,1,-76,0,1538,1540,native
ae0728a3e36e9a03e211f2ae3f8a73c386bdd68e-dirty,1,1,1,1,7,317,random_trajectory,17,0,1,0,5,-401,0,365,367,native
ae0728a3e36e9a03e211f2ae3f8a73c386bdd68e-dirty,1,1,1,1,7,948,wells,17,0,0,7,6,-127,0,773,775,native
ae0728a3e36e9a03e211f2ae3f8a73c386bdd68e-dirty,1,1,1,1,7,852,blocked_spawn,34,0,2,1,17,-474,0,722,724,native
ae0728a3e36e9a03e211f2ae3f8a73c386bdd68e-dirty,1,1,1,1,7,897,equal_scores,9,0,0,1,0,-35,0,413,415,native
ae0728a3e36e9a03e211f2ae3f8a73c386bdd68e-dirty,1,1,1,1,7,18,heuristic_trajectory,34,0,3,2,2,-57,0,1538,1540,native
ae0728a3e36e9a03e211f2ae3f8a73c386bdd68e-dirty,1,1,1,1,7,618,high_stack_holes,9,0,0,3,14,-371,0,311,313,native
ae0728a3e36e9a03e211f2ae3f8a73c386bdd68e-dirty,1,1,1,1,7,865,last_candidate_winner,34,0,3,8,0,-26,0,1538,1540,native
ae0728a3e36e9a03e211f2ae3f8a73c386bdd68e-dirty,1,1,1,1,7,318,random_trajectory,17,0,1,4,15,-291,0,773,775,native
ae0728a3e36e9a03e211f2ae3f8a73c386bdd68e-dirty,1,1,1,1,7,957,wells,17,0,1,1,5,-113,0,773,775,native
ae0728a3e36e9a03e211f2ae3f8a73c386bdd68e-dirty,1,1,1,1,7,854,blocked_spawn,17,0,1,3,0,-398,0,535,537,native
ae0728a3e36e9a03e211f2ae3f8a73c386bdd68e-dirty,1,1,1,1,7,899,equal_scores,17,0,0,4,0,-29,0,773,775,native
ae0728a3e36e9a03e211f2ae3f8a73c386bdd68e-dirty,1,1,1,1,7,19,heuristic_trajectory,34,0,1,2,2,-84,0,1538,1540,native
ae0728a3e36e9a03e211f2ae3f8a73c386bdd68e-dirty,1,1,1,1,7,619,high_stack_holes,9,0,0,2,17,-458,0,277,279,native
ae0728a3e36e9a03e211f2ae3f8a73c386bdd68e-dirty,1,1,1,1,7,869,last_candidate_winner,17,0,1,9,2,-154,0,773,775,native
ae0728a3e36e9a03e211f2ae3f8a73c386bdd68e-dirty,1,1,1,1,7,319,random_trajectory,9,0,0,0,6,-426,0,175,177,native
ae0728a3e36e9a03e211f2ae3f8a73c386bdd68e-dirty,1,1,1,1,7,962,wells,17,0,1,0,0,-50,0,773,775,native
ae0728a3e36e9a03e211f2ae3f8a73c386bdd68e-dirty,1,1,1,1,7,855,blocked_spawn,17,0,0,4,0,-315,0,705,707,native
ae0728a3e36e9a03e211f2ae3f8a73c386bdd68e-dirty,1,1,1,1,7,905,equal_scores,17,0,1,3,0,-47,0,773,775,native
ae0728a3e36e9a03e211f2ae3f8a73c386bdd68e-dirty,1,1,1,1,7,20,heuristic_trajectory,34,0,2,3,0,-41,0,1538,1540,native
ae0728a3e36e9a03e211f2ae3f8a73c386bdd68e-dirty,1,1,1,1,7,620,high_stack_holes,9,0,0,0,0,0,1,107,109,native
ae0728a3e36e9a03e211f2ae3f8a73c386bdd68e-dirty,1,1,1,1,7,876,last_candidate_winner,34,0,3,8,3,-135,0,1538,1540,native
ae0728a3e36e9a03e211f2ae3f8a73c386bdd68e-dirty,1,1,1,1,7,320,random_trajectory,34,0,1,5,0,-111,0,1538,1540,native
ae0728a3e36e9a03e211f2ae3f8a73c386bdd68e-dirty,1,1,1,1,7,967,wells,17,0,1,7,5,-113,0,773,775,native
ae0728a3e36e9a03e211f2ae3f8a73c386bdd68e-dirty,1,1,1,1,7,856,blocked_spawn,34,0,1,6,0,-286,0,1198,1200,native
ae0728a3e36e9a03e211f2ae3f8a73c386bdd68e-dirty,1,1,1,1,7,909,equal_scores,9,0,0,3,3,-78,0,413,415,native
ae0728a3e36e9a03e211f2ae3f8a73c386bdd68e-dirty,1,1,1,1,7,21,heuristic_trajectory,34,0,0,7,5,-120,0,1538,1540,native
ae0728a3e36e9a03e211f2ae3f8a73c386bdd68e-dirty,1,1,1,1,7,621,high_stack_holes,17,0,1,2,13,-387,0,433,435,native
ae0728a3e36e9a03e211f2ae3f8a73c386bdd68e-dirty,1,1,1,1,7,877,last_candidate_winner,17,0,1,8,0,-25,0,773,775,native
ae0728a3e36e9a03e211f2ae3f8a73c386bdd68e-dirty,1,1,1,1,7,321,random_trajectory,9,0,0,0,0,-53,0,413,415,native
ae0728a3e36e9a03e211f2ae3f8a73c386bdd68e-dirty,1,1,1,1,7,984,wells,17,0,0,1,6,-135,0,773,775,native
ae0728a3e36e9a03e211f2ae3f8a73c386bdd68e-dirty,1,1,1,1,7,860,blocked_spawn,17,0,0,1,0,-284,0,501,503,native
ae0728a3e36e9a03e211f2ae3f8a73c386bdd68e-dirty,1,1,1,1,7,910,equal_scores,17,0,0,3,3,-72,0,773,775,native
ae0728a3e36e9a03e211f2ae3f8a73c386bdd68e-dirty,1,1,1,1,7,22,heuristic_trajectory,34,0,3,8,2,-74,0,1538,1540,native
ae0728a3e36e9a03e211f2ae3f8a73c386bdd68e-dirty,1,1,1,1,7,622,high_stack_holes,17,0,1,7,6,-399,0,569,571,native
ae0728a3e36e9a03e211f2ae3f8a73c386bdd68e-dirty,1,1,1,1,7,883,last_candidate_winner,34,0,3,8,7,-189,0,1538,1540,native
ae0728a3e36e9a03e211f2ae3f8a73c386bdd68e-dirty,1,1,1,1,7,322,random_trajectory,34,0,3,0,11,-444,0,484,486,native
ae0728a3e36e9a03e211f2ae3f8a73c386bdd68e-dirty,1,1,1,1,7,990,wells,34,0,3,3,4,-85,0,1538,1540,native
ae0728a3e36e9a03e211f2ae3f8a73c386bdd68e-dirty,1,1,1,1,7,861,blocked_spawn,17,0,1,1,0,-322,0,603,605,native
ae0728a3e36e9a03e211f2ae3f8a73c386bdd68e-dirty,1,1,1,1,7,912,equal_scores,34,0,3,1,2,-87,0,1538,1540,native
ae0728a3e36e9a03e211f2ae3f8a73c386bdd68e-dirty,1,1,1,1,7,23,heuristic_trajectory,34,0,2,7,2,-133,0,1538,1540,native
ae0728a3e36e9a03e211f2ae3f8a73c386bdd68e-dirty,1,1,1,1,7,623,high_stack_holes,17,0,0,7,6,-155,0,773,775,native
ae0728a3e36e9a03e211f2ae3f8a73c386bdd68e-dirty,1,1,1,1,7,893,last_candidate_winner,34,0,3,8,3,-82,0,1538,1540,native
ae0728a3e36e9a03e211f2ae3f8a73c386bdd68e-dirty,1,1,1,1,7,323,random_trajectory,17,0,1,0,17,-468,0,263,265,native
ae0728a3e36e9a03e211f2ae3f8a73c386bdd68e-dirty,1,1,1,1,7,994,wells,34,0,1,0,4,-85,0,1538,1540,native
ae0728a3e36e9a03e211f2ae3f8a73c386bdd68e-dirty,1,1,1,1,7,862,blocked_spawn,17,0,1,6,17,-453,0,399,401,native
ae0728a3e36e9a03e211f2ae3f8a73c386bdd68e-dirty,1,1,1,1,7,917,equal_scores,17,0,0,4,2,-73,0,773,775,native
ae0728a3e36e9a03e211f2ae3f8a73c386bdd68e-dirty,1,1,1,1,7,24,heuristic_trajectory,17,0,0,4,4,-102,0,773,775,native
ae0728a3e36e9a03e211f2ae3f8a73c386bdd68e-dirty,1,1,1,1,7,624,high_stack_holes,17,0,1,5,13,-400,0,467,469,native
ae0728a3e36e9a03e211f2ae3f8a73c386bdd68e-dirty,1,1,1,1,7,900,last_candidate_winner,17,0,1,9,2,-77,0,773,775,native
ae0728a3e36e9a03e211f2ae3f8a73c386bdd68e-dirty,1,1,1,1,7,324,random_trajectory,34,0,3,4,15,-351,0,1062,1064,native
ae0728a3e36e9a03e211f2ae3f8a73c386bdd68e-dirty,1,1,1,1,7,864,blocked_spawn,17,0,1,1,0,-446,0,297,299,native
ae0728a3e36e9a03e211f2ae3f8a73c386bdd68e-dirty,1,1,1,1,7,919,equal_scores,17,0,0,3,0,-29,0,773,775,native
ae0728a3e36e9a03e211f2ae3f8a73c386bdd68e-dirty,1,1,1,1,7,25,heuristic_trajectory,17,0,1,9,0,-60,0,773,775,native
ae0728a3e36e9a03e211f2ae3f8a73c386bdd68e-dirty,1,1,1,1,7,625,high_stack_holes,9,0,0,7,17,-444,0,243,245,native
ae0728a3e36e9a03e211f2ae3f8a73c386bdd68e-dirty,1,1,1,1,7,904,last_candidate_winner,34,0,3,8,1,-50,0,1538,1540,native
ae0728a3e36e9a03e211f2ae3f8a73c386bdd68e-dirty,1,1,1,1,7,325,random_trajectory,17,0,1,9,8,-416,0,297,299,native
ae0728a3e36e9a03e211f2ae3f8a73c386bdd68e-dirty,1,1,1,1,7,866,blocked_spawn,34,0,1,8,0,-403,0,552,554,native
ae0728a3e36e9a03e211f2ae3f8a73c386bdd68e-dirty,1,1,1,1,7,920,equal_scores,34,0,0,0,0,-19,0,1538,1540,native
ae0728a3e36e9a03e211f2ae3f8a73c386bdd68e-dirty,1,1,1,1,7,26,heuristic_trajectory,9,0,0,0,8,-144,0,413,415,native
ae0728a3e36e9a03e211f2ae3f8a73c386bdd68e-dirty,1,1,1,1,7,626,high_stack_holes,17,0,0,1,11,-258,0,773,775,native
ae0728a3e36e9a03e211f2ae3f8a73c386bdd68e-dirty,1,1,1,1,7,915,last_candidate_winner,34,0,3,8,1,-60,0,1538,1540,native
ae0728a3e36e9a03e211f2ae3f8a73c386bdd68e-dirty,1,1,1,1,7,326,random_trajectory,34,0,1,5,15,-390,0,756,758,native
ae0728a3e36e9a03e211f2ae3f8a73c386bdd68e-dirty,1,1,1,1,7,871,blocked_spawn,9,0,0,3,0,-234,0,345,347,native
ae0728a3e36e9a03e211f2ae3f8a73c386bdd68e-dirty,1,1,1,1,7,924,equal_scores,34,0,1,1,2,-86,0,1538,1540,native
ae0728a3e36e9a03e211f2ae3f8a73c386bdd68e-dirty,1,1,1,1,7,27,heuristic_trajectory,34,0,2,0,2,-74,0,1538,1540,native
ae0728a3e36e9a03e211f2ae3f8a73c386bdd68e-dirty,1,1,1,1,7,627,high_stack_holes,17,0,1,0,13,-356,0,467,469,native
ae0728a3e36e9a03e211f2ae3f8a73c386bdd68e-dirty,1,1,1,1,7,918,last_candidate_winner,17,0,1,8,1,-58,0,773,775,native
ae0728a3e36e9a03e211f2ae3f8a73c386bdd68e-dirty,1,1,1,1,7,327,random_trajectory,34,0,1,8,8,-332,0,1538,1540,native
ae0728a3e36e9a03e211f2ae3f8a73c386bdd68e-dirty,1,1,1,1,7,872,blocked_spawn,34,0,1,7,0,-420,0,722,724,native
ae0728a3e36e9a03e211f2ae3f8a73c386bdd68e-dirty,1,1,1,1,7,925,equal_scores,34,0,0,3,5,-109,0,1538,1540,native
ae0728a3e36e9a03e211f2ae3f8a73c386bdd68e-dirty,1,1,1,1,7,28,heuristic_trajectory,9,0,0,1,4,-91,0,413,415,native
ae0728a3e36e9a03e211f2ae3f8a73c386bdd68e-dirty,1,1,1,1,7,628,high_stack_holes,17,0,1,1,1,-494,0,331,333,native
ae0728a3e36e9a03e211f2ae3f8a73c386bdd68e-dirty,1,1,1,1,7,921,last_candidate_winner,34,0,3,8,0,-29,0,1538,1540,native
ae0728a3e36e9a03e211f2ae3f8a73c386bdd68e-dirty,1,1,1,1,7,328,random_trajectory,17,0,1,9,12,-452,0,297,299,native
ae0728a3e36e9a03e211f2ae3f8a73c386bdd68e-dirty,1,1,1,1,7,873,blocked_spawn,34,0,2,7,18,-511,0,416,418,native
ae0728a3e36e9a03e211f2ae3f8a73c386bdd68e-dirty,1,1,1,1,7,928,equal_scores,34,0,1,3,1,-64,0,1538,1540,native
ae0728a3e36e9a03e211f2ae3f8a73c386bdd68e-dirty,1,1,1,1,7,29,heuristic_trajectory,17,0,1,6,0,-28,0,773,775,native
ae0728a3e36e9a03e211f2ae3f8a73c386bdd68e-dirty,1,1,1,1,7,629,high_stack_holes,17,0,0,1,4,-91,0,773,775,native
ae0728a3e36e9a03e211f2ae3f8a73c386bdd68e-dirty,1,1,1,1,7,932,last_candidate_winner,17,0,1,9,2,-68,0,773,775,native
ae0728a3e36e9a03e211f2ae3f8a73c386bdd68e-dirty,1,1,1,1,7,329,random_trajectory,34,0,0,0,0,-39,0,1538,1540,native
ae0728a3e36e9a03e211f2ae3f8a73c386bdd68e-dirty,1,1,1,1,7,874,blocked_spawn,34,0,3,3,17,-434,0,790,792,native
ae0728a3e36e9a03e211f2ae3f8a73c386bdd68e-dirty,1,1,1,1,7,930,equal_scores,34,0,2,2,0,-39,0,1538,1540,native
ae0728a3e36e9a03e211f2ae3f8a73c386bdd68e-dirty,1,1,1,1,7,30,heuristic_trajectory,34,0,2,6,2,-64,0,1538,1540,native
ae0728a3e36e9a03e211f2ae3f8a73c386bdd68e-dirty,1,1,1,1,7,630,high_stack_holes,34,0,2,1,14,-355,0,1164,1166,native
ae0728a3e36e9a03e211f2ae3f8a73c386bdd68e-dirty,1,1,1,1,7,935,last_candidate_winner,34,0,3,8,3,-109,0,1538,1540,native
ae0728a3e36e9a03e211f2ae3f8a73c386bdd68e-dirty,1,1,1,1,7,330,random_trajectory,9,0,0,0,0,-53,0,413,415,native
ae0728a3e36e9a03e211f2ae3f8a73c386bdd68e-dirty,1,1,1,1,7,875,blocked_spawn,17,0,1,4,17,-464,0,297,299,native
ae0728a3e36e9a03e211f2ae3f8a73c386bdd68e-dirty,1,1,1,1,7,934,equal_scores,34,0,0,7,2,-46,0,1538,1540,native
ae0728a3e36e9a03e211f2ae3f8a73c386bdd68e-dirty,1,1,1,1,7,31,heuristic_trajectory,9,0,0,2,1,-51,0,413,415,native
ae0728a3e36e9a03e211f2ae3f8a73c386bdd68e-dirty,1,1,1,1,7,631,high_stack_holes,34,0,3,0,17,-456,0,790,792,native
ae0728a3e36e9a03e211f2ae3f8a73c386bdd68e-dirty,1,1,1,1,7,946,last_candidate_winner,17,0,1,8,2,-58,0,773,775,native
ae0728a3e36e9a03e211f2ae3f8a73c386bdd68e-dirty,1,1,1,1,7,331,random_trajectory,34,0,1,7,4,-190,0,1538,1540,native
ae0728a3e36e9a03e211f2ae3f8a73c386bdd68e-dirty,1,1,1,1,7,879,blocked_spawn,17,0,1,6,0,-481,0,331,333,native
ae0728a3e36e9a03e211f2ae3f8a73c386bdd68e-dirty,1,1,1,1,7,936,equal_scores,34,0,0,4,0,-23,0,1538,1540,native
ae0728a3e36e9a03e211f2ae3f8a73c386bdd68e-dirty,1,1,1,1,7,32,heuristic_trajectory,34,0,2,2,3,-86,0,1538,1540,native
ae0728a3e36e9a03e211f2ae3f8a73c386bdd68e-dirty,1,1,1,1,7,632,high_stack_holes,34,0,2,0,3,-106,0,1538,1540,native
ae0728a3e36e9a03e211f2ae3f8a73c386bdd68e-dirty,1,1,1,1,7,947,last_candidate_winner,17,0,1,9,1,-55,0,773,775,native
ae0728a3e36e9a03e211f2ae3f8a73c386bdd68e-dirty,1,1,1,1,7,332,random_trajectory,17,0,0,4,18,-412,0,297,299,native
ae0728a3e36e9a03e211f2ae3f8a73c386bdd68e-dirty,1,1,1,1,7,881,blocked_spawn,17,0,1,0,0,-328,0,399,401,native
ae0728a3e36e9a03e211f2ae3f8a73c386bdd68e-dirty,1,1,1,1,7,944,equal_scores,17,0,0,6,1,-39,0,773,775,native
ae0728a3e36e9a03e211f2ae3f8a73c386bdd68e-dirty,1,1,1,1,7,33,heuristic_trajectory,9,0,0,0,8,-144,0,413,415,native
ae0728a3e36e9a03e211f2ae3f8a73c386bdd68e-dirty,1,1,1,1,7,633,high_stack_holes,17,0,1,4,15,-390,0,501,503,native
ae0728a3e36e9a03e211f2ae3f8a73c386bdd68e-dirty,1,1,1,1,7,949,last_candidate_winner,17,0,1,9,1,-52,0,773,775,native
ae0728a3e36e9a03e211f2ae3f8a73c386bdd68e-dirty,1,1,1,1,7,333,random_trajectory,34,0,1,5,0,-63,0,1538,1540,native
ae0728a3e36e9a03e211f2ae3f8a73c386bdd68e-dirty,1,1,1,1,7,884,blocked_spawn,9,0,0,1,0,-319,0,345,347,native
ae0728a3e36e9a03e211f2ae3f8a73c386bdd68e-dirty,1,1,1,1,7,950,equal_scores,34,0,1,6,2,-79,0,1538,1540,native
ae0728a3e36e9a03e211f2ae3f8a73c386bdd68e-dirty,1,1,1,1,7,34,heuristic_trajectory,17,0,0,4,1,-55,0,773,775,native
ae0728a3e36e9a03e211f2ae3f8a73c386bdd68e-dirty,1,1,1,1,7,634,high_stack_holes,17,0,1,4,7,-467,0,365,367,native
ae0728a3e36e9a03e211f2ae3f8a73c386bdd68e-dirty,1,1,1,1,7,951,last_candidate_winner,9,0,0,8,4,-92,0,413,415,native
ae0728a3e36e9a03e211f2ae3f8a73c386bdd68e-dirty,1,1,1,1,7,334,random_trajectory,17,0,1,9,12,-452,0,297,299,native
ae0728a3e36e9a03e211f2ae3f8a73c386bdd68e-dirty,1,1,1,1,7,885,blocked_spawn,34,0,0,3,0,-329,0,1198,1200,native
ae0728a3e36e9a03e211f2ae3f8a73c386bdd68e-dirty,1,1,1,1,7,952,equal_scores,9,0,0,2,0,-36,0,413,415,native
ae0728a3e36e9a03e211f2ae3f8a73c386bdd68e-dirty,1,1,1,1,7,35,heuristic_trajectory,34,0,3,3,2,-88,0,1538,1540,native
ae0728a3e36e9a03e211f2ae3f8a73c386bdd68e-dirty,1,1,1,1,7,635,high_stack_holes,34,0,3,1,5,-158,0,1538,1540,native
ae0728a3e36e9a03e211f2ae3f8a73c386bdd68e-dirty,1,1,1,1,7,953,last_candidate_winner,9,0,0,1,4,-103,0,413,415,native
ae0728a3e36e9a03e211f2ae3f8a73c386bdd68e-dirty,1,1,1,1,7,335,random_trajectory,34,0,0,0,0,-39,0,1538,1540,native
ae0728a3e36e9a03e211f2ae3f8a73c386bdd68e-dirty,1,1,1,1,7,889,blocked_spawn,17,0,0,1,0,-166,0,705,707,native
ae0728a3e36e9a03e211f2ae3f8a73c386bdd68e-dirty,1,1,1,1,7,954,equal_scores,17,0,0,4,1,-40,0,773,775,native
ae0728a3e36e9a03e211f2ae3f8a73c386bdd68e-dirty,1,1,1,1,7,36,heuristic_trajectory,17,0,1,0,4,-99,0,773,775,native
ae0728a3e36e9a03e211f2ae3f8a73c386bdd68e-dirty,1,1,1,1,7,636,high_stack_holes,34,0,1,2,12,-385,0,722,724,native
ae0728a3e36e9a03e211f2ae3f8a73c386bdd68e-dirty,1,1,1,1,7,971,last_candidate_winner,17,0,1,8,3,-87,0,773,775,native
ae0728a3e36e9a03e211f2ae3f8a73c386bdd68e-dirty,1,1,1,1,7,336,random_trajectory,17,0,0,0,0,-9,0,773,775,native
ae0728a3e36e9a03e211f2ae3f8a73c386bdd68e-dirty,1,1,1,1,7,891,blocked_spawn,17,0,0,4,0,-362,0,331,333,native
ae0728a3e36e9a03e211f2ae3f8a73c386bdd68e-dirty,1,1,1,1,7,956,equal_scores,9,0,0,0,4,-100,0,413,415,native
ae0728a3e36e9a03e211f2ae3f8a73c386bdd68e-dirty,1,1,1,1,7,37,heuristic_trajectory,17,0,0,2,6,-146,0,773,775,native
ae0728a3e36e9a03e211f2ae3f8a73c386bdd68e-dirty,1,1,1,1,7,637,high_stack_holes,34,0,3,7,14,-491,0,586,588,native
ae0728a3e36e9a03e211f2ae3f8a73c386bdd68e-dirty,1,1,1,1,7,972,last_candidate_winner,17,0,1,9,0,-25,0,773,775,native
ae0728a3e36e9a03e211f2ae3f8a73c386bdd68e-dirty,1,1,1,1,7,337,random_trajectory,34,0,1,5,0,-111,0,1538,1540,native
ae0728a3e36e9a03e211f2ae3f8a73c386bdd68e-dirty,1,1,1,1,7,892,blocked_spawn,34,0,1,5,0,-237,0,960,962,native
ae0728a3e36e9a03e211f2ae3f8a73c386bdd68e-dirty,1,1,1,1,7,958,equal_scores,9,0,0,1,4,-89,0,413,415,native
ae0728a3e36e9a03e211f2ae3f8a73c386bdd68e-dirty,1,1,1,1,7,38,heuristic_trajectory,17,0,1,6,3,-84,0,773,775,native
ae0728a3e36e9a03e211f2ae3f8a73c386bdd68e-dirty,1,1,1,1,7,638,high_stack_holes,17,0,1,1,11,-284,0,773,775,native
ae0728a3e36e9a03e211f2ae3f8a73c386bdd68e-dirty,1,1,1,1,7,979,last_candidate_winner,9,0,0,8,2,-75,0,413,415,native
ae0728a3e36e9a03e211f2ae3f8a73c386bdd68e-dirty,1,1,1,1,7,338,random_trajectory,34,0,1,5,0,-111,0,1538,1540,native
ae0728a3e36e9a03e211f2ae3f8a73c386bdd68e-dirty,1,1,1,1,7,901,blocked_spawn,34,0,1,3,0,-314,0,1096,1098,native
ae0728a3e36e9a03e211f2ae3f8a73c386bdd68e-dirty,1,1,1,1,7,959,equal_scores,17,0,0,3,0,-23,0,773,775,native
ae0728a3e36e9a03e211f2ae3f8a73c386bdd68e-dirty,1,1,1,1,7,39,heuristic_trajectory,34,0,1,6,0,-37,0,1538,1540,native
ae0728a3e36e9a03e211f2ae3f8a73c386bdd68e-dirty,1,1,1,1,7,639,high_stack_holes,34,0,3,4,14,-354,0,1538,1540,native
ae0728a3e36e9a03e211f2ae3f8a73c386bdd68e-dirty,1,1,1,1,7,988,last_candidate_winner,9,0,0,8,8,-195,0,413,415,native
ae0728a3e36e9a03e211f2ae3f8a73c386bdd68e-dirty,1,1,1,1,7,339,random_trajectory,34,0,1,7,4,-190,0,1538,1540,native
ae0728a3e36e9a03e211f2ae3f8a73c386bdd68e-dirty,1,1,1,1,7,902,blocked_spawn,17,0,1,3,0,-412,0,433,435,native
ae0728a3e36e9a03e211f2ae3f8a73c386bdd68e-dirty,1,1,1,1,7,963,equal_scores,17,0,0,1,1,-29,0,773,775,native
ae0728a3e36e9a03e211f2ae3f8a73c386bdd68e-dirty,1,1,1,1,7,40,heuristic_trajectory,34,0,0,5,1,-42,0,1538,1540,native
ae0728a3e36e9a03e211f2ae3f8a73c386bdd68e-dirty,1,1,1,1,7,640,high_stack_holes,17,0,1,6,7,-428,0,603,605,native
ae0728a3e36e9a03e211f2ae3f8a73c386bdd68e-dirty,1,1,1,1,7,989,last_candidate_winner,17,0,1,9,2,-157,0,773,775,native
ae0728a3e36e9a03e211f2ae3f8a73c386bdd68e-dirty,1,1,1,1,7,340,random_trajectory,17,0,0,0,0,-9,0,773,775,native
ae0728a3e36e9a03e211f2ae3f8a73c386bdd68e-dirty,1,1,1,1,7,903,blocked_spawn,17,0,1,0,0,-176,0,569,571,native
ae0728a3e36e9a03e211f2ae3f8a73c386bdd68e-dirty,1,1,1,1,7,964,equal_scores,17,0,0,1,0,-29,0,773,775,native
ae0728a3e36e9a03e211f2ae3f8a73c386bdd68e-dirty,1,1,1,1,7,41,heuristic_trajectory,17,0,1,8,1,-40,0,773,775,native
ae0728a3e36e9a03e211f2ae3f8a73c386bdd68e-dirty,1,1,1,1,7,641,high_stack_holes,17,0,0,0,0,0,1,195,197,native
ae0728a3e36e9a03e211f2ae3f8a73c386bdd68e-dirty,1,1,1,1,7,998,last_candidate_winner,17,0,1,9,0,-71,0,773,775,native
ae0728a3e36e9a03e211f2ae3f8a73c386bdd68e-dirty,1,1,1,1,7,341,random_trajectory,17,0,1,9,12,-452,0,297,299,native
ae0728a3e36e9a03e211f2ae3f8a73c386bdd68e-dirty,1,1,1,1,7,906,blocked_spawn,9,0,0,0,0,-318,0,277,279,native
ae0728a3e36e9a03e211f2ae3f8a73c386bdd68e-dirty,1,1,1,1,7,968,equal_scores,34,0,0,6,3,-91,0,1538,1540,native
ae0728a3e36e9a03e211f2ae3f8a73c386bdd68e-dirty,1,1,1,1,7,42,heuristic_trajectory,9,0,0,0,6,-105,0,413,415,native
ae0728a3e36e9a03e211f2ae3f8a73c386bdd68e-dirty,1,1,1,1,7,642,high_stack_holes,17,0,1,3,13,-345,0,739,741,native
ae0728a3e36e9a03e211f2ae3f8a73c386bdd68e-dirty,1,1,1,1,7,999,last_candidate_winner,17,0,1,9,0,-16,0,773,775,native
ae0728a3e36e9a03e211f2ae3f8a73c386bdd68e-dirty,1,1,1,1,7,342,random_trajectory,9,0,0,8,6,-325,0,413,415,native
ae0728a3e36e9a03e211f2ae3f8a73c386bdd68e-dirty,1,1,1,1,7,913,blocked_spawn,17,0,1,1,0,-343,0,433,435,native
ae0728a3e36e9a03e211f2ae3f8a73c386bdd68e-dirty,1,1,1,1,7,970,equal_scores,17,0,0,0,3,-53,0,773,775,native
ae0728a3e36e9a03e211f2ae3f8a73c386bdd68e-dirty,1,1,1,1,7,43,heuristic_trajectory,17,0,1,7,2,-78,0,773,775,native
ae0728a3e36e9a03e211f2ae3f8a73c386bdd68e-dirty,1,1,1,1,7,643,high_stack_holes,9,0,0,2,15,-394,0,277,279,native
ae0728a3e36e9a03e211f2ae3f8a73c386bdd68e-dirty,1,1,1,1,7,343,random_trajectory,34,0,3,4,15,-351,0,1062,1064,native
ae0728a3e36e9a03e211f2ae3f8a73c386bdd68e-dirty,1,1,1,1,7,916,blocked_spawn,17,0,1,7,0,-463,0,365,367,native
ae0728a3e36e9a03e211f2ae3f8a73c386bdd68e-dirty,1,1,1,1,7,982,equal_scores,34,0,0,4,3,-87,0,1538,1540,native
ae0728a3e36e9a03e211f2ae3f8a73c386bdd68e-dirty,1,1,1,1,7,44,heuristic_trajectory,17,0,1,8,0,-36,0,773,775,native
ae0728a3e36e9a03e211f2ae3f8a73c386bdd68e-dirty,1,1,1,1,7,644,high_stack_holes,17,0,0,6,2,-74,0,773,775,native
ae0728a3e36e9a03e211f2ae3f8a73c386bdd68e-dirty,1,1,1,1,7,344,random_trajectory,17,0,1,9,12,-452,0,297,299,native
ae0728a3e36e9a03e211f2ae3f8a73c386bdd68e-dirty,1,1,1,1,7,923,blocked_spawn,34,0,0,0,17,-463,0,1062,1064,native
ae0728a3e36e9a03e211f2ae3f8a73c386bdd68e-dirty,1,1,1,1,7,985,equal_scores,17,0,0,3,3,-100,0,773,775,native
ae0728a3e36e9a03e211f2ae3f8a73c386bdd68e-dirty,1,1,1,1,7,45,heuristic_trajectory,17,0,1,9,1,-38,0,773,775,native
ae0728a3e36e9a03e211f2ae3f8a73c386bdd68e-dirty,1,1,1,1,7,645,high_stack_holes,9,0,0,1,15,-375,0,345,347,native
ae0728a3e36e9a03e211f2ae3f8a73c386bdd68e-dirty,1,1,1,1,7,345,random_trajectory,34,0,1,5,0,-63,0,1538,1540,native
ae0728a3e36e9a03e211f2ae3f8a73c386bdd68e-dirty,1,1,1,1,7,926,blocked_spawn,9,0,0,2,18,-445,0,141,143,native
ae0728a3e36e9a03e211f2ae3f8a73c386bdd68e-dirty,1,1,1,1,7,987,equal_scores,34,0,2,4,1,-62,0,1538,1540,native
ae0728a3e36e9a03e211f2ae3f8a73c386bdd68e-dirty,1,1,1,1,7,46,heuristic_trajectory,9,0,0,1,1,-41,0,413,415,native
ae0728a3e36e9a03e211f2ae3f8a73c386bdd68e-dirty,1,1,1,1,7,646,high_stack_holes,17,0,1,3,3,-442,0,331,333,native
ae0728a3e36e9a03e211f2ae3f8a73c386bdd68e-dirty,1,1,1,1,7,346,random_trajectory,34,0,1,8,8,-332,0,1538,1540,native
ae0728a3e36e9a03e211f2ae3f8a73c386bdd68e-dirty,1,1,1,1,7,927,blocked_spawn,17,0,1,0,17,-479,0,263,265,native
ae0728a3e36e9a03e211f2ae3f8a73c386bdd68e-dirty,1,1,1,1,7,992,equal_scores,34,0,0,5,0,-21,0,1538,1540,native
ae0728a3e36e9a03e211f2ae3f8a73c386bdd68e-dirty,1,1,1,1,7,47,heuristic_trajectory,34,0,1,6,0,-37,0,1538,1540,native
ae0728a3e36e9a03e211f2ae3f8a73c386bdd68e-dirty,1,1,1,1,7,647,high_stack_holes,17,0,1,5,0,-86,0,773,775,native
ae0728a3e36e9a03e211f2ae3f8a73c386bdd68e-dirty,1,1,1,1,7,347,random_trajectory,34,0,3,4,15,-351,0,1062,1064,native
ae0728a3e36e9a03e211f2ae3f8a73c386bdd68e-dirty,1,1,1,1,7,931,blocked_spawn,17,0,1,5,17,-353,0,399,401,native
ae0728a3e36e9a03e211f2ae3f8a73c386bdd68e-dirty,1,1,1,1,7,48,heuristic_trajectory,17,0,0,6,5,-151,0,773,775,native
ae0728a3e36e9a03e211f2ae3f8a73c386bdd68e-dirty,1,1,1,1,7,648,high_stack_holes,9,0,0,2,17,-405,0,243,245,native
ae0728a3e36e9a03e211f2ae3f8a73c386bdd68e-dirty,1,1,1,1,7,348,random_trajectory,9,0,0,0,6,-426,0,175,177,native
ae0728a3e36e9a03e211f2ae3f8a73c386bdd68e-dirty,1,1,1,1,7,933,blocked_spawn,34,0,3,5,17,-330,0,1130,1132,native
ae0728a3e36e9a03e211f2ae3f8a73c386bdd68e-dirty,1,1,1,1,7,49,heuristic_trajectory,9,0,0,3,4,-106,0,413,415,native
ae0728a3e36e9a03e211f2ae3f8a73c386bdd68e-dirty,1,1,1,1,7,649,high_stack_holes,34,0,2,3,18,-449,0,756,758,native
ae0728a3e36e9a03e211f2ae3f8a73c386bdd68e-dirty,1,1,1,1,7,349,random_trajectory,9,0,0,8,6,-325,0,413,415,native
ae0728a3e36e9a03e211f2ae3f8a73c386bdd68e-dirty,1,1,1,1,7,938,blocked_spawn,17,0,1,8,0,-335,0,671,673,native
ae0728a3e36e9a03e211f2ae3f8a73c386bdd68e-dirty,1,1,1,1,7,50,heuristic_trajectory,17,0,1,3,2,-82,0,773,775,native
ae0728a3e36e9a03e211f2ae3f8a73c386bdd68e-dirty,1,1,1,1,7,650,high_stack_holes,17,0,0,2,10,-281,0,773,775,native
ae0728a3e36e9a03e211f2ae3f8a73c386bdd68e-dirty,1,1,1,1,7,350,random_trajectory,17,0,1,2,0,-131,0,773,775,native
ae0728a3e36e9a03e211f2ae3f8a73c386bdd68e-dirty,1,1,1,1,7,939,blocked_spawn,17,0,1,2,0,-341,0,263,265,native
ae0728a3e36e9a03e211f2ae3f8a73c386bdd68e-dirty,1,1,1,1,7,51,heuristic_trajectory,17,0,0,2,1,-34,0,773,775,native
ae0728a3e36e9a03e211f2ae3f8a73c386bdd68e-dirty,1,1,1,1,7,651,high_stack_holes,17,0,1,1,16,-375,0,501,503,native
ae0728a3e36e9a03e211f2ae3f8a73c386bdd68e-dirty,1,1,1,1,7,351,random_trajectory,17,0,1,2,0,-131,0,773,775,native
ae0728a3e36e9a03e211f2ae3f8a73c386bdd68e-dirty,1,1,1,1,7,940,blocked_spawn,34,0,0,4,0,-233,0,1436,1438,native
ae0728a3e36e9a03e211f2ae3f8a73c386bdd68e-dirty,1,1,1,1,7,52,heuristic_trajectory,9,0,0,7,1,-76,0,413,415,native
ae0728a3e36e9a03e211f2ae3f8a73c386bdd68e-dirty,1,1,1,1,7,652,high_stack_holes,34,0,3,3,13,-448,0,926,928,native
ae0728a3e36e9a03e211f2ae3f8a73c386bdd68e-dirty,1,1,1,1,7,352,random_trajectory,17,0,1,0,0,-176,0,773,775,native
ae0728a3e36e9a03e211f2ae3f8a73c386bdd68e-dirty,1,1,1,1,7,955,blocked_spawn,17,0,1,0,0,-238,0,671,673,native
ae0728a3e36e9a03e211f2ae3f8a73c386bdd68e-dirty,1,1,1,1,7,53,heuristic_trajectory,34,0,2,5,5,-129,0,1538,1540,native
ae0728a3e36e9a03e211f2ae3f8a73c386bdd68e-dirty,1,1,1,1,7,653,high_stack_holes,9,0,0,0,0,-10,0,413,415,native
ae0728a3e36e9a03e211f2ae3f8a73c386bdd68e-dirty,1,1,1,1,7,353,random_trajectory,17,0,0,7,18,-452,0,229,231,native
ae0728a3e36e9a03e211f2ae3f8a73c386bdd68e-dirty,1,1,1,1,7,960,blocked_spawn,17,0,0,4,0,-277,0,535,537,native
ae0728a3e36e9a03e211f2ae3f8a73c386bdd68e-dirty,1,1,1,1,7,54,heuristic_trajectory,17,0,1,6,5,-130,0,773,775,native
ae0728a3e36e9a03e211f2ae3f8a73c386bdd68e-dirty,1,1,1,1,7,654,high_stack_holes,9,0,0,4,13,-387,0,209,211,native
ae0728a3e36e9a03e211f2ae3f8a73c386bdd68e-dirty,1,1,1,1,7,354,random_trajectory,17,0,1,2,0,-80,0,773,775,native
ae0728a3e36e9a03e211f2ae3f8a73c386bdd68e-dirty,1,1,1,1,7,965,blocked_spawn,34,0,3,5,0,-232,0,1300,1302,native
ae0728a3e36e9a03e211f2ae3f8a73c386bdd68e-dirty,1,1,1,1,7,55,heuristic_trajectory,17,0,0,1,2,-52,0,773,775,native
ae0728a3e36e9a03e211f2ae3f8a73c386bdd68e-dirty,1,1,1,1,7,655,high_stack_holes,17,0,1,8,16,-464,0,365,367,native
ae0728a3e36e9a03e211f2ae3f8a73c386bdd68e-dirty,1,1,1,1,7,355,random_trajectory,17,0,1,2,0,-80,0,773,775,native
ae0728a3e36e9a03e211f2ae3f8a73c386bdd68e-dirty,1,1,1,1,7,966,blocked_spawn,34,0,1,2,0,-405,0,960,962,native
ae0728a3e36e9a03e211f2ae3f8a73c386bdd68e-dirty,1,1,1,1,7,56,heuristic_trajectory,9,0,0,7,2,-66,0,413,415,native
ae0728a3e36e9a03e211f2ae3f8a73c386bdd68e-dirty,1,1,1,1,7,656,high_stack_holes,17,0,0,0,11,-262,0,773,775,native
ae0728a3e36e9a03e211f2ae3f8a73c386bdd68e-dirty,1,1,1,1,7,356,random_trajectory,34,0,0,0,0,-11,0,1538,1540,native
ae0728a3e36e9a03e211f2ae3f8a73c386bdd68e-dirty,1,1,1,1,7,973,blocked_spawn,17,0,1,7,0,-210,0,637,639,native
ae0728a3e36e9a03e211f2ae3f8a73c386bdd68e-dirty,1,1,1,1,7,57,heuristic_trajectory,34,0,0,7,2,-76,0,1538,1540,native
ae0728a3e36e9a03e211f2ae3f8a73c386bdd68e-dirty,1,1,1,1,7,657,high_stack_holes,17,0,1,2,15,-374,0,365,367,native
ae0728a3e36e9a03e211f2ae3f8a73c386bdd68e-dirty,1,1,1,1,7,357,random_trajectory,17,0,0,7,18,-452,0,229,231,native
ae0728a3e36e9a03e211f2ae3f8a73c386bdd68e-dirty,1,1,1,1,7,974,blocked_spawn,9,0,0,3,0,-315,0,345,347,native
ae0728a3e36e9a03e211f2ae3f8a73c386bdd68e-dirty,1,1,1,1,7,58,heuristic_trajectory,34,0,1,0,0,-35,0,1538,1540,native
ae0728a3e36e9a03e211f2ae3f8a73c386bdd68e-dirty,1,1,1,1,7,658,high_stack_holes,17,0,1,1,16,-489,0,331,333,native
ae0728a3e36e9a03e211f2ae3f8a73c386bdd68e-dirty,1,1,1,1,7,358,random_trajectory,17,0,1,2,0,-131,0,773,775,native
ae0728a3e36e9a03e211f2ae3f8a73c386bdd68e-dirty,1,1,1,1,7,975,blocked_spawn,17,0,0,5,0,-290,0,569,571,native
ae0728a3e36e9a03e211f2ae3f8a73c386bdd68e-dirty,1,1,1,1,7,59,heuristic_trajectory,34,0,3,8,3,-90,0,1538,1540,native
ae0728a3e36e9a03e211f2ae3f8a73c386bdd68e-dirty,1,1,1,1,7,659,high_stack_holes,17,0,0,6,15,-359,0,773,775,native
ae0728a3e36e9a03e211f2ae3f8a73c386bdd68e-dirty,1,1,1,1,7,359,random_trajectory,9,0,0,8,2,-309,0,413,415,native
ae0728a3e36e9a03e211f2ae3f8a73c386bdd68e-dirty,1,1,1,1,7,978,blocked_spawn,9,0,0,7,0,-357,0,209,211,native
ae0728a3e36e9a03e211f2ae3f8a73c386bdd68e-dirty,1,1,1,1,7,60,heuristic_trajectory,34,0,3,8,3,-83,0,1538,1540,native
ae0728a3e36e9a03e211f2ae3f8a73c386bdd68e-dirty,1,1,1,1,7,660,high_stack_holes,17,0,1,5,15,-381,0,535,537,native
ae0728a3e36e9a03e211f2ae3f8a73c386bdd68e-dirty,1,1,1,1,7,360,random_trajectory,17,0,1,2,0,-80,0,773,775,native
ae0728a3e36e9a03e211f2ae3f8a73c386bdd68e-dirty,1,1,1,1,7,981,blocked_spawn,34,0,1,2,17,-280,0,1028,1030,native
ae0728a3e36e9a03e211f2ae3f8a73c386bdd68e-dirty,1,1,1,1,7,61,heuristic_trajectory,34,0,2,4,1,-60,0,1538,1540,native
ae0728a3e36e9a03e211f2ae3f8a73c386bdd68e-dirty,1,1,1,1,7,661,high_stack_holes,34,0,3,5,9,-388,0,926,928,native
ae0728a3e36e9a03e211f2ae3f8a73c386bdd68e-dirty,1,1,1,1,7,361,random_trajectory,34,0,3,2,16,-408,0,892,894,native
ae0728a3e36e9a03e211f2ae3f8a73c386bdd68e-dirty,1,1,1,1,7,983,blocked_spawn,34,0,1,3,15,-490,0,586,588,native
ae0728a3e36e9a03e211f2ae3f8a73c386bdd68e-dirty,1,1,1,1,7,62,heuristic_trajectory,34,0,2,0,2,-49,0,1538,1540,native
ae0728a3e36e9a03e211f2ae3f8a73c386bdd68e-dirty,1,1,1,1,7,662,high_stack_holes,34,0,0,7,0,-10,0,1538,1540,native
ae0728a3e36e9a03e211f2ae3f8a73c386bdd68e-dirty,1,1,1,1,7,362,random_trajectory,17,0,1,2,0,-131,0,773,775,native
ae0728a3e36e9a03e211f2ae3f8a73c386bdd68e-dirty,1,1,1,1,7,991,blocked_spawn,34,0,1,8,0,-417,0,824,826,native
ae0728a3e36e9a03e211f2ae3f8a73c386bdd68e-dirty,1,1,1,1,7,63,heuristic_trajectory,34,0,2,7,0,-34,0,1538,1540,native
ae0728a3e36e9a03e211f2ae3f8a73c386bdd68e-dirty,1,1,1,1,7,663,high_stack_holes,34,0,2,2,16,-404,0,756,758,native
ae0728a3e36e9a03e211f2ae3f8a73c386bdd68e-dirty,1,1,1,1,7,363,random_trajectory,17,0,0,3,12,-241,0,773,775,native
ae0728a3e36e9a03e211f2ae3f8a73c386bdd68e-dirty,1,1,1,1,7,995,blocked_spawn,17,0,1,8,0,-355,0,603,605,native
ae0728a3e36e9a03e211f2ae3f8a73c386bdd68e-dirty,1,1,1,1,7,64,heuristic_trajectory,17,0,1,0,0,-62,0,773,775,native
ae0728a3e36e9a03e211f2ae3f8a73c386bdd68e-dirty,1,1,1,1,7,664,high_stack_holes,9,0,0,2,17,-492,0,243,245,native
ae0728a3e36e9a03e211f2ae3f8a73c386bdd68e-dirty,1,1,1,1,7,364,random_trajectory,9,0,0,0,0,0,1,107,109,native
ae0728a3e36e9a03e211f2ae3f8a73c386bdd68e-dirty,1,1,1,1,7,996,blocked_spawn,34,0,3,3,0,-295,0,1096,1098,native
ae0728a3e36e9a03e211f2ae3f8a73c386bdd68e-dirty,1,1,1,1,7,65,heuristic_trajectory,34,0,1,0,2,-77,0,1538,1540,native
ae0728a3e36e9a03e211f2ae3f8a73c386bdd68e-dirty,1,1,1,1,7,665,high_stack_holes,17,0,1,1,11,-318,0,773,775,native
ae0728a3e36e9a03e211f2ae3f8a73c386bdd68e-dirty,1,1,1,1,7,365,random_trajectory,17,0,0,3,12,-241,0,773,775,native
ae0728a3e36e9a03e211f2ae3f8a73c386bdd68e-dirty,1,1,1,1,7,997,blocked_spawn,17,0,1,5,0,-350,0,467,469,native
ae0728a3e36e9a03e211f2ae3f8a73c386bdd68e-dirty,1,1,1,1,7,66,heuristic_trajectory,34,0,0,5,2,-66,0,1538,1540,native
ae0728a3e36e9a03e211f2ae3f8a73c386bdd68e-dirty,1,1,1,1,7,666,high_stack_holes,9,0,0,1,15,-360,0,345,347,native
ae0728a3e36e9a03e211f2ae3f8a73c386bdd68e-dirty,1,1,1,1,7,366,random_trajectory,17,0,1,0,0,-176,0,773,775,native
ae0728a3e36e9a03e211f2ae3f8a73c386bdd68e-dirty,1,1,1,1,7,67,heuristic_trajectory,17,0,0,7,2,-77,0,773,775,native
ae0728a3e36e9a03e211f2ae3f8a73c386bdd68e-dirty,1,1,1,1,7,667,high_stack_holes,34,0,1,0,17,-492,0,722,724,native
ae0728a3e36e9a03e211f2ae3f8a73c386bdd68e-dirty,1,1,1,1,7,367,random_trajectory,34,0,1,8,11,-454,0,484,486,native
ae0728a3e36e9a03e211f2ae3f8a73c386bdd68e-dirty,1,1,1,1,7,68,heuristic_trajectory,34,0,2,6,2,-78,0,1538,1540,native
ae0728a3e36e9a03e211f2ae3f8a73c386bdd68e-dirty,1,1,1,1,7,668,high_stack_holes,34,0,1,3,12,-375,0,1538,1540,native
ae0728a3e36e9a03e211f2ae3f8a73c386bdd68e-dirty,1,1,1,1,7,368,random_trajectory,9,0,0,8,2,-309,0,413,415,native
ae0728a3e36e9a03e211f2ae3f8a73c386bdd68e-dirty,1,1,1,1,7,69,heuristic_trajectory,17,0,0,6,0,-13,0,773,775,native
ae0728a3e36e9a03e211f2ae3f8a73c386bdd68e-dirty,1,1,1,1,7,669,high_stack_holes,9,0,0,6,16,-362,0,379,381,native
ae0728a3e36e9a03e211f2ae3f8a73c386bdd68e-dirty,1,1,1,1,7,369,random_trajectory,17,0,0,7,18,-452,0,229,231,native
ae0728a3e36e9a03e211f2ae3f8a73c386bdd68e-dirty,1,1,1,1,7,70,heuristic_trajectory,17,0,0,3,2,-77,0,773,775,native
ae0728a3e36e9a03e211f2ae3f8a73c386bdd68e-dirty,1,1,1,1,7,670,high_stack_holes,34,0,1,1,15,-454,0,858,860,native
ae0728a3e36e9a03e211f2ae3f8a73c386bdd68e-dirty,1,1,1,1,7,370,random_trajectory,34,0,1,8,8,-447,0,484,486,native
ae0728a3e36e9a03e211f2ae3f8a73c386bdd68e-dirty,1,1,1,1,7,71,heuristic_trajectory,17,0,1,2,1,-49,0,773,775,native
ae0728a3e36e9a03e211f2ae3f8a73c386bdd68e-dirty,1,1,1,1,7,671,high_stack_holes,9,0,0,0,0,-10,0,413,415,native
ae0728a3e36e9a03e211f2ae3f8a73c386bdd68e-dirty,1,1,1,1,7,371,random_trajectory,34,0,2,7,1,-45,0,1538,1540,native
ae0728a3e36e9a03e211f2ae3f8a73c386bdd68e-dirty,1,1,1,1,7,72,heuristic_trajectory,34,0,3,0,3,-79,0,1538,1540,native
ae0728a3e36e9a03e211f2ae3f8a73c386bdd68e-dirty,1,1,1,1,7,672,high_stack_holes,17,0,1,5,16,-386,0,569,571,native
ae0728a3e36e9a03e211f2ae3f8a73c386bdd68e-dirty,1,1,1,1,7,372,random_trajectory,17,0,1,0,0,-456,0,229,231,native
ae0728a3e36e9a03e211f2ae3f8a73c386bdd68e-dirty,1,1,1,1,7,73,heuristic_trajectory,9,0,0,1,2,-76,0,413,415,native
ae0728a3e36e9a03e211f2ae3f8a73c386bdd68e-dirty,1,1,1,1,7,673,high_stack_holes,17,0,1,7,16,-458,0,535,537,native
ae0728a3e36e9a03e211f2ae3f8a73c386bdd68e-dirty,1,1,1,1,7,373,random_trajectory,34,0,2,7,1,-45,0,1538,1540,native
ae0728a3e36e9a03e211f2ae3f8a73c386bdd68e-dirty,1,1,1,1,7,74,heuristic_trajectory,17,0,1,9,4,-115,0,773,775,native
ae0728a3e36e9a03e211f2ae3f8a73c386bdd68e-dirty,1,1,1,1,7,674,high_stack_holes,17,0,1,9,5,-164,0,773,775,native
ae0728a3e36e9a03e211f2ae3f8a73c386bdd68e-dirty,1,1,1,1,7,374,random_trajectory,34,0,3,8,1,-385,0,1198,1200,native
ae0728a3e36e9a03e211f2ae3f8a73c386bdd68e-dirty,1,1,1,1,7,75,heuristic_trajectory,34,0,2,0,0,-44,0,1538,1540,native
ae0728a3e36e9a03e211f2ae3f8a73c386bdd68e-dirty,1,1,1,1,7,675,high_stack_holes,17,0,1,2,13,-365,0,637,639,native
ae0728a3e36e9a03e211f2ae3f8a73c386bdd68e-dirty,1,1,1,1,7,375,random_trajectory,9,0,0,8,2,-309,0,413,415,native
ae0728a3e36e9a03e211f2ae3f8a73c386bdd68e-dirty,1,1,1,1,7,76,heuristic_trajectory,17,0,1,8,1,-40,0,773,775,native
ae0728a3e36e9a03e211f2ae3f8a73c386bdd68e-dirty,1,1,1,1,7,676,high_stack_holes,34,0,1,0,16,-451,0,1062,1064,native
ae0728a3e36e9a03e211f2ae3f8a73c386bdd68e-dirty,1,1,1,1,7,376,random_trajectory,17,0,1,0,16,-428,0,399,401,native
ae0728a3e36e9a03e211f2ae3f8a73c386bdd68e-dirty,1,1,1,1,7,77,heuristic_trajectory,9,0,0,4,2,-68,0,413,415,native
ae0728a3e36e9a03e211f2ae3f8a73c386bdd68e-dirty,1,1,1,1,7,677,high_stack_holes,17,0,1,7,16,-356,0,467,469,native
ae0728a3e36e9a03e211f2ae3f8a73c386bdd68e-dirty,1,1,1,1,7,377,random_trajectory,34,0,3,8,0,-25,0,1538,1540,native
ae0728a3e36e9a03e211f2ae3f8a73c386bdd68e-dirty,1,1,1,1,7,78,heuristic_trajectory,17,0,0,4,2,-92,0,773,775,native
ae0728a3e36e9a03e211f2ae3f8a73c386bdd68e-dirty,1,1,1,1,7,678,high_stack_holes,34,0,1,5,12,-361,0,1198,1200,native
ae0728a3e36e9a03e211f2ae3f8a73c386bdd68e-dirty,1,1,1,1,7,378,random_trajectory,34,0,1,8,11,-454,0,484,486,native
ae0728a3e36e9a03e211f2ae3f8a73c386bdd68e-dirty,1,1,1,1,7,79,heuristic_trajectory,9,0,0,8,4,-97,0,413,415,native
ae0728a3e36e9a03e211f2ae3f8a73c386bdd68e-dirty,1,1,1,1,7,679,high_stack_holes,9,0,0,1,15,-448,0,311,313,native
ae0728a3e36e9a03e211f2ae3f8a73c386bdd68e-dirty,1,1,1,1,7,379,random_trajectory,34,0,3,8,17,-430,0,722,724,native
ae0728a3e36e9a03e211f2ae3f8a73c386bdd68e-dirty,1,1,1,1,7,80,heuristic_trajectory,17,0,0,3,3,-82,0,773,775,native
ae0728a3e36e9a03e211f2ae3f8a73c386bdd68e-dirty,1,1,1,1,7,680,high_stack_holes,17,0,1,4,6,-179,0,773,775,native
ae0728a3e36e9a03e211f2ae3f8a73c386bdd68e-dirty,1,1,1,1,7,380,random_trajectory,9,0,0,8,2,-309,0,413,415,native
ae0728a3e36e9a03e211f2ae3f8a73c386bdd68e-dirty,1,1,1,1,7,81,heuristic_trajectory,17,0,1,8,1,-40,0,773,775,native
ae0728a3e36e9a03e211f2ae3f8a73c386bdd68e-dirty,1,1,1,1,7,681,high_stack_holes,17,0,1,0,13,-344,0,637,639,native
ae0728a3e36e9a03e211f2ae3f8a73c386bdd68e-dirty,1,1,1,1,7,381,random_trajectory,17,0,1,0,0,-456,0,229,231,native
ae0728a3e36e9a03e211f2ae3f8a73c386bdd68e-dirty,1,1,1,1,7,82,heuristic_trajectory,9,0,0,7,2,-66,0,413,415,native
ae0728a3e36e9a03e211f2ae3f8a73c386bdd68e-dirty,1,1,1,1,7,682,high_stack_holes,9,0,0,8,6,-428,0,209,211,native
ae0728a3e36e9a03e211f2ae3f8a73c386bdd68e-dirty,1,1,1,1,7,382,random_trajectory,9,0,0,0,0,0,1,107,109,native
ae0728a3e36e9a03e211f2ae3f8a73c386bdd68e-dirty,1,1,1,1,7,83,heuristic_trajectory,17,0,1,8,2,-77,0,773,775,native
ae0728a3e36e9a03e211f2ae3f8a73c386bdd68e-dirty,1,1,1,1,7,683,high_stack_holes,34,0,2,1,15,-384,0,1538,1540,native
ae0728a3e36e9a03e211f2ae3f8a73c386bdd68e-dirty,1,1,1,1,7,383,random_trajectory,34,0,0,0,16,-360,0,1538,1540,native
ae0728a3e36e9a03e211f2ae3f8a73c386bdd68e-dirty,1,1,1,1,7,84,heuristic_trajectory,34,0,2,6,2,-74,0,1538,1540,native
ae0728a3e36e9a03e211f2ae3f8a73c386bdd68e-dirty,1,1,1,1,7,684,high_stack_holes,17,0,1,1,15,-354,0,739,741,native
ae0728a3e36e9a03e211f2ae3f8a73c386bdd68e-dirty,1,1,1,1,7,384,random_trajectory,34,0,3,8,17,-430,0,722,724,native
ae0728a3e36e9a03e211f2ae3f8a73c386bdd68e-dirty,1,1,1,1,7,85,heuristic_trajectory,34,0,2,4,2,-80,0,1538,1540,native
ae0728a3e36e9a03e211f2ae3f8a73c386bdd68e-dirty,1,1,1,1,7,685,high_stack_holes,34,0,1,5,17,-490,0,416,418,native
ae0728a3e36e9a03e211f2ae3f8a73c386bdd68e-dirty,1,1,1,1,7,385,random_trajectory,34,0,3,8,17,-430,0,722,724,native
ae0728a3e36e9a03e211f2ae3f8a73c386bdd68e-dirty,1,1,1,1,7,86,heuristic_trajectory,9,0,0,0,3,-79,0,413,415,native
ae0728a3e36e9a03e211f2ae3f8a73c386bdd68e-dirty,1,1,1,1,7,686,high_stack_holes,17,0,1,6,2,-94,0,773,775,native
ae0728a3e36e9a03e211f2ae3f8a73c386bdd68e-dirty,1,1,1,1,7,386,random_trajectory,9,0,0,8,14,-411,0,141,143,native
ae0728a3e36e9a03e211f2ae3f8a73c386bdd68e-dirty,1,1,1,1,7,87,heuristic_trajectory,34,0,2,2,0,-43,0,1538,1540,native
ae0728a3e36e9a03e211f2ae3f8a73c386bdd68e-dirty,1,1,1,1,7,687,high_stack_holes,17,0,1,6,15,-397,0,433,435,native
ae0728a3e36e9a03e211f2ae3f8a73c386bdd68e-dirty,1,1,1,1,7,387,random_trajectory,34,0,3,2,16,-408,0,892,894,native
ae0728a3e36e9a03e211f2ae3f8a73c386bdd68e-dirty,1,1,1,1,7,88,heuristic_trajectory,17,0,0,6,2,-39,0,773,775,native
ae0728a3e36e9a03e211f2ae3f8a73c386bdd68e-dirty,1,1,1,1,7,688,high_stack_holes,34,0,1,4,5,-435,0,994,996,native
ae0728a3e36e9a03e211f2ae3f8a73c386bdd68e-dirty,1,1,1,1,7,388,random_trajectory,34,0,3,8,1,-385,0,1198,1200,native
ae0728a3e36e9a03e211f2ae3f8a73c386bdd68e-dirty,1,1,1,1,7,89,heuristic_trajectory,17,0,0,6,3,-87,0,773,775,native
ae0728a3e36e9a03e211f2ae3f8a73c386bdd68e-dirty,1,1,1,1,7,689,high_stack_holes,17,0,0,7,2,-159,0,773,775,native
ae0728a3e36e9a03e211f2ae3f8a73c386bdd68e-dirty,1,1,1,1,7,389,random_trajectory,17,0,0,4,16,-373,0,739,741,native
ae0728a3e36e9a03e211f2ae3f8a73c386bdd68e-dirty,1,1,1,1,7,90,heuristic_trajectory,17,0,0,4,0,-43,0,773,775,native
ae0728a3e36e9a03e211f2ae3f8a73c386bdd68e-dirty,1,1,1,1,7,690,high_stack_holes,17,0,1,2,16,-389,0,365,367,native
ae0728a3e36e9a03e211f2ae3f8a73c386bdd68e-dirty,1,1,1,1,7,390,random_trajectory,34,0,1,8,8,-447,0,484,486,native
ae0728a3e36e9a03e211f2ae3f8a73c386bdd68e-dirty,1,1,1,1,7,91,heuristic_trajectory,9,0,0,0,7,-145,0,413,415,native
ae0728a3e36e9a03e211f2ae3f8a73c386bdd68e-dirty,1,1,1,1,7,691,high_stack_holes,34,0,3,0,1,-428,0,620,622,native
ae0728a3e36e9a03e211f2ae3f8a73c386bdd68e-dirty,1,1,1,1,7,391,random_trajectory,34,0,0,0,0,-11,0,1538,1540,native
ae0728a3e36e9a03e211f2ae3f8a73c386bdd68e-dirty,1,1,1,1,7,92,heuristic_trajectory,9,0,0,1,2,-58,0,413,415,native
ae0728a3e36e9a03e211f2ae3f8a73c386bdd68e-dirty,1,1,1,1,7,692,high_stack_holes,34,0,0,0,0,0,1,382,384,native
ae0728a3e36e9a03e211f2ae3f8a73c386bdd68e-dirty,1,1,1,1,7,392,random_trajectory,34,0,3,8,1,-293,0,1538,1540,native
ae0728a3e36e9a03e211f2ae3f8a73c386bdd68e-dirty,1,1,1,1,7,93,heuristic_trajectory,9,0,0,8,6,-132,0,413,415,native
ae0728a3e36e9a03e211f2ae3f8a73c386bdd68e-dirty,1,1,1,1,7,693,high_stack_holes,34,0,1,1,16,-381,0,926,928,native
ae0728a3e36e9a03e211f2ae3f8a73c386bdd68e-dirty,1,1,1,1,7,393,random_trajectory,34,0,3,8,0,-279,0,1538,1540,native
ae0728a3e36e9a03e211f2ae3f8a73c386bdd68e-dirty,1,1,1,1,7,94,heuristic_trajectory,34,0,1,5,1,-74,0,1538,1540,native
ae0728a3e36e9a03e211f2ae3f8a73c386bdd68e-dirty,1,1,1,1,7,694,high_stack_holes,17,0,1,5,7,-365,0,773,775,native
ae0728a3e36e9a03e211f2ae3f8a73c386bdd68e-dirty,1,1,1,1,7,394,random_trajectory,17,0,1,0,0,-456,0,229,231,native
ae0728a3e36e9a03e211f2ae3f8a73c386bdd68e-dirty,1,1,1,1,7,95,heuristic_trajectory,34,0,2,3,0,-55,0,1538,1540,native
ae0728a3e36e9a03e211f2ae3f8a73c386bdd68e-dirty,1,1,1,1,7,695,high_stack_holes,34,0,1,0,7,-158,0,1538,1540,native
ae0728a3e36e9a03e211f2ae3f8a73c386bdd68e-dirty,1,1,1,1,7,395,random_trajectory,34,0,1,8,11,-454,0,484,486,native
ae0728a3e36e9a03e211f2ae3f8a73c386bdd68e-dirty,1,1,1,1,7,96,heuristic_trajectory,17,0,0,6,5,-151,0,773,775,native
ae0728a3e36e9a03e211f2ae3f8a73c386bdd68e-dirty,1,1,1,1,7,696,high_stack_holes,9,0,0,1,12,-380,0,209,211,native
ae0728a3e36e9a03e211f2ae3f8a73c386bdd68e-dirty,1,1,1,1,7,396,random_trajectory,17,0,1,0,16,-428,0,399,401,native
ae0728a3e36e9a03e211f2ae3f8a73c386bdd68e-dirty,1,1,1,1,7,97,heuristic_trajectory,34,0,1,0,2,-85,0,1538,1540,native
ae0728a3e36e9a03e211f2ae3f8a73c386bdd68e-dirty,1,1,1,1,7,697,high_stack_holes,17,0,1,4,3,-337,0,535,537,native
ae0728a3e36e9a03e211f2ae3f8a73c386bdd68e-dirty,1,1,1,1,7,397,random_trajectory,34,0,1,8,8,-447,0,484,486,native
ae0728a3e36e9a03e211f2ae3f8a73c386bdd68e-dirty,1,1,1,1,7,98,heuristic_trajectory,34,0,3,8,5,-132,0,1538,1540,native
ae0728a3e36e9a03e211f2ae3f8a73c386bdd68e-dirty,1,1,1,1,7,698,high_stack_holes,17,0,1,7,7,-193,0,773,775,native
ae0728a3e36e9a03e211f2ae3f8a73c386bdd68e-dirty,1,1,1,1,7,398,random_trajectory,17,0,1,0,0,-176,0,773,775,native
ae0728a3e36e9a03e211f2ae3f8a73c386bdd68e-dirty,1,1,1,1,7,99,heuristic_trajectory,34,0,3,8,5,-132,0,1538,1540,native
ae0728a3e36e9a03e211f2ae3f8a73c386bdd68e-dirty,1,1,1,1,7,699,high_stack_holes,17,0,1,4,14,-397,0,467,469,native
ae0728a3e36e9a03e211f2ae3f8a73c386bdd68e-dirty,1,1,1,1,7,399,random_trajectory,9,0,0,3,17,-422,0,209,211,native
ae0728a3e36e9a03e211f2ae3f8a73c386bdd68e-dirty,1,1,1,1,7,100,heuristic_trajectory,17,0,0,1,2,-78,0,773,775,native
ae0728a3e36e9a03e211f2ae3f8a73c386bdd68e-dirty,1,1,1,1,7,700,high_stack_holes,34,0,1,0,16,-438,0,824,826,native
ae0728a3e36e9a03e211f2ae3f8a73c386bdd68e-dirty,1,1,1,1,7,400,random_trajectory,34,0,1,3,12,-358,0,1538,1540,native
ae0728a3e36e9a03e211f2ae3f8a73c386bdd68e-dirty,1,1,1,1,7,101,heuristic_trajectory,17,0,0,4,3,-89,0,773,775,native
ae0728a3e36e9a03e211f2ae3f8a73c386bdd68e-dirty,1,1,1,1,7,701,high_stack_holes,34,0,2,3,14,-308,0,1538,1540,native
ae0728a3e36e9a03e211f2ae3f8a73c386bdd68e-dirty,1,1,1,1,7,401,random_trajectory,34,0,3,2,1,-73,0,1538,1540,native
ae0728a3e36e9a03e211f2ae3f8a73c386bdd68e-dirty,1,1,1,1,7,102,heuristic_trajectory,17,0,0,4,3,-94,0,773,775,native
ae0728a3e36e9a03e211f2ae3f8a73c386bdd68e-dirty,1,1,1,1,7,702,high_stack_holes,9,0,0,0,14,-374,0,311,313,native
ae0728a3e36e9a03e211f2ae3f8a73c386bdd68e-dirty,1,1,1,1,7,402,random_trajectory,34,0,0,7,0,-45,0,1538,1540,native
ae0728a3e36e9a03e211f2ae3f8a73c386bdd68e-dirty,1,1,1,1,7,103,heuristic_trajectory,34,0,2,6,0,-34,0,1538,1540,native
ae0728a3e36e9a03e211f2ae3f8a73c386bdd68e-dirty,1,1,1,1,7,703,high_stack_holes,17,0,1,0,17,-448,0,365,367,native
ae0728a3e36e9a03e211f2ae3f8a73c386bdd68e-dirty,1,1,1,1,7,403,random_trajectory,9,0,0,5,0,-20,0,413,415,native
ae0728a3e36e9a03e211f2ae3f8a73c386bdd68e-dirty,1,1,1,1,7,104,heuristic_trajectory,34,0,0,7,1,-28,0,1538,1540,native
ae0728a3e36e9a03e211f2ae3f8a73c386bdd68e-dirty,1,1,1,1,7,704,high_stack_holes,17,0,0,0,0,-13,0,773,775,native
ae0728a3e36e9a03e211f2ae3f8a73c386bdd68e-dirty,1,1,1,1,7,404,random_trajectory,34,0,3,2,1,-73,0,1538,1540,native
ae0728a3e36e9a03e211f2ae3f8a73c386bdd68e-dirty,1,1,1,1,7,105,heuristic_trajectory,9,0,0,0,6,-157,0,413,415,native
ae0728a3e36e9a03e211f2ae3f8a73c386bdd68e-dirty,1,1,1,1,7,705,high_stack_holes,9,0,0,3,14,-389,0,311,313,native
ae0728a3e36e9a03e211f2ae3f8a73c386bdd68e-dirty,1,1,1,1,7,405,random_trajectory,17,0,1,3,9,-384,0,671,673,native
ae0728a3e36e9a03e211f2ae3f8a73c386bdd68e-dirty,1,1,1,1,7,106,heuristic_trajectory,34,0,2,4,3,-106,0,1538,1540,native
ae0728a3e36e9a03e211f2ae3f8a73c386bdd68e-dirty,1,1,1,1,7,706,high_stack_holes,17,0,1,2,17,-454,0,297,299,native
ae0728a3e36e9a03e211f2ae3f8a73c386bdd68e-dirty,1,1,1,1,7,406,random_trajectory,34,0,1,3,12,-358,0,1538,1540,native
ae0728a3e36e9a03e211f2ae3f8a73c386bdd68e-dirty,1,1,1,1,7,107,heuristic_trajectory,34,0,1,3,3,-95,0,1538,1540,native
ae0728a3e36e9a03e211f2ae3f8a73c386bdd68e-dirty,1,1,1,1,7,707,high_stack_holes,34,0,3,4,4,-139,0,1538,1540,native
ae0728a3e36e9a03e211f2ae3f8a73c386bdd68e-dirty,1,1,1,1,7,407,random_trajectory,17,0,1,3,9,-384,0,671,673,native
ae0728a3e36e9a03e211f2ae3f8a73c386bdd68e-dirty,1,1,1,1,7,108,heuristic_trajectory,34,0,2,2,5,-140,0,1538,1540,native
ae0728a3e36e9a03e211f2ae3f8a73c386bdd68e-dirty,1,1,1,1,7,708,high_stack_holes,34,0,1,8,11,-320,0,1266,1268,native
ae0728a3e36e9a03e211f2ae3f8a73c386bdd68e-dirty,1,1,1,1,7,408,random_trajectory,34,0,1,6,8,-221,0,1538,1540,native
ae0728a3e36e9a03e211f2ae3f8a73c386bdd68e-dirty,1,1,1,1,7,109,heuristic_trajectory,17,0,1,8,0,-9,0,773,775,native
ae0728a3e36e9a03e211f2ae3f8a73c386bdd68e-dirty,1,1,1,1,7,709,high_stack_holes,9,0,0,4,17,-451,0,311,313,native
ae0728a3e36e9a03e211f2ae3f8a73c386bdd68e-dirty,1,1,1,1,7,409,random_trajectory,34,0,0,0,14,-427,0,1266,1268,native
ae0728a3e36e9a03e211f2ae3f8a73c386bdd68e-dirty,1,1,1,1,7,110,heuristic_trajectory,34,0,2,2,1,-49,0,1538,1540,native
ae0728a3e36e9a03e211f2ae3f8a73c386bdd68e-dirty,1,1,1,1,7,710,high_stack_holes,17,0,1,3,11,-322,0,773,775,native
ae0728a3e36e9a03e211f2ae3f8a73c386bdd68e-dirty,1,1,1,1,7,410,random_trajectory,34,0,3,8,1,-279,0,1538,1540,native
ae0728a3e36e9a03e211f2ae3f8a73c386bdd68e-dirty,1,1,1,1,7,111,heuristic_trajectory,34,0,3,8,5,-124,0,1538,1540,native
ae0728a3e36e9a03e211f2ae3f8a73c386bdd68e-dirty,1,1,1,1,7,711,high_stack_holes,17,0,1,3,0,-312,0,603,605,native
ae0728a3e36e9a03e211f2ae3f8a73c386bdd68e-dirty,1,1,1,1,7,411,random_trajectory,34,0,1,3,12,-358,0,1538,1540,native
ae0728a3e36e9a03e211f2ae3f8a73c386bdd68e-dirty,1,1,1,1,7,112,heuristic_trajectory,34,0,0,3,9,-191,0,1538,1540,native
ae0728a3e36e9a03e211f2ae3f8a73c386bdd68e-dirty,1,1,1,1,7,712,high_stack_holes,17,0,1,0,17,-460,0,501,503,native
ae0728a3e36e9a03e211f2ae3f8a73c386bdd68e-dirty,1,1,1,1,7,412,random_trajectory,34,0,3,2,1,-73,0,1538,1540,native
ae0728a3e36e9a03e211f2ae3f8a73c386bdd68e-dirty,1,1,1,1,7,113,heuristic_trajectory,34,0,2,4,2,-70,0,1538,1540,native
ae0728a3e36e9a03e211f2ae3f8a73c386bdd68e-dirty,1,1,1,1,7,713,high_stack_holes,34,0,1,2,7,-432,0,688,690,native
ae0728a3e36e9a03e211f2ae3f8a73c386bdd68e-dirty,1,1,1,1,7,413,random_trajectory,17,0,0,0,0,0,1,195,197,native
ae0728a3e36e9a03e211f2ae3f8a73c386bdd68e-dirty,1,1,1,1,7,114,heuristic_trajectory,34,0,2,7,2,-77,0,1538,1540,native
ae0728a3e36e9a03e211f2ae3f8a73c386bdd68e-dirty,1,1,1,1,7,714,high_stack_holes,34,0,1,3,15,-403,0,824,826,native
ae0728a3e36e9a03e211f2ae3f8a73c386bdd68e-dirty,1,1,1,1,7,414,random_trajectory,17,0,1,3,9,-384,0,671,673,native
ae0728a3e36e9a03e211f2ae3f8a73c386bdd68e-dirty,1,1,1,1,7,115,heuristic_trajectory,17,0,0,3,2,-65,0,773,775,native
ae0728a3e36e9a03e211f2ae3f8a73c386bdd68e-dirty,1,1,1,1,7,715,high_stack_holes,17,0,1,1,6,-437,0,603,605,native
ae0728a3e36e9a03e211f2ae3f8a73c386bdd68e-dirty,1,1,1,1,7,415,random_trajectory,17,0,1,3,9,-384,0,671,673,native
ae0728a3e36e9a03e211f2ae3f8a73c386bdd68e-dirty,1,1,1,1,7,116,heuristic_trajectory,34,0,1,0,4,-152,0,1538,1540,native
ae0728a3e36e9a03e211f2ae3f8a73c386bdd68e-dirty,1,1,1,1,7,716,high_stack_holes,34,0,1,4,12,-336,0,1538,1540,native
ae0728a3e36e9a03e211f2ae3f8a73c386bdd68e-dirty,1,1,1,1,7,416,random_trajectory,9,0,0,0,3,-192,0,413,415,native
ae0728a3e36e9a03e211f2ae3f8a73c386bdd68e-dirty,1,1,1,1,7,117,heuristic_trajectory,17,0,0,5,6,-145,0,773,775,native
ae0728a3e36e9a03e211f2ae3f8a73c386bdd68e-dirty,1,1,1,1,7,717,high_stack_holes,17,0,0,6,15,-370,0,399,401,native
ae0728a3e36e9a03e211f2ae3f8a73c386bdd68e-dirty,1,1,1,1,7,417,random_trajectory,34,0,1,6,8,-221,0,1538,1540,native
ae0728a3e36e9a03e211f2ae3f8a73c386bdd68e-dirty,1,1,1,1,7,118,heuristic_trajectory,17,0,1,6,5,-169,0,773,775,native
ae0728a3e36e9a03e211f2ae3f8a73c386bdd68e-dirty,1,1,1,1,7,718,high_stack_holes,17,0,1,3,16,-485,0,467,469,native
ae0728a3e36e9a03e211f2ae3f8a73c386bdd68e-dirty,1,1,1,1,7,418,random_trajectory,17,0,1,6,8,-206,0,773,775,native
ae0728a3e36e9a03e211f2ae3f8a73c386bdd68e-dirty,1,1,1,1,7,119,heuristic_trajectory,9,0,0,4,1,-34,0,413,415,native
ae0728a3e36e9a03e211f2ae3f8a73c386bdd68e-dirty,1,1,1,1,7,719,high_stack_holes,34,0,3,2,12,-370,0,1538,1540,native
ae0728a3e36e9a03e211f2ae3f8a73c386bdd68e-dirty,1,1,1,1,7,419,random_trajectory,9,0,0,5,0,-20,0,413,415,native
ae0728a3e36e9a03e211f2ae3f8a73c386bdd68e-dirty,1,1,1,1,7,120,heuristic_trajectory,17,0,0,6,6,-155,0,773,775,native
ae0728a3e36e9a03e211f2ae3f8a73c386bdd68e-dirty,1,1,1,1,7,720,high_stack_holes,17,0,1,6,14,-401,0,331,333,native
ae0728a3e36e9a03e211f2ae3f8a73c386bdd68e-dirty,1,1,1,1,7,420,random_trajectory,9,0,0,5,0,-20,0,413,415,native
ae0728a3e36e9a03e211f2ae3f8a73c386bdd68e-dirty,1,1,1,1,7,121,heuristic_trajectory,34,0,1,8,2,-92,0,1538,1540,native
ae0728a3e36e9a03e211f2ae3f8a73c386bdd68e-dirty,1,1,1,1,7,721,high_stack_holes,17,0,0,0,0,0,1,195,197,native
ae0728a3e36e9a03e211f2ae3f8a73c386bdd68e-dirty,1,1,1,1,7,421,random_trajectory,34,0,3,2,1,-73,0,1538,1540,native
ae0728a3e36e9a03e211f2ae3f8a73c386bdd68e-dirty,1,1,1,1,7,122,heuristic_trajectory,34,0,3,8,2,-51,0,1538,1540,native
ae0728a3e36e9a03e211f2ae3f8a73c386bdd68e-dirty,1,1,1,1,7,722,high_stack_holes,34,0,0,2,0,-15,0,1538,1540,native
ae0728a3e36e9a03e211f2ae3f8a73c386bdd68e-dirty,1,1,1,1,7,422,random_trajectory,17,0,0,7,0,-69,0,773,775,native
ae0728a3e36e9a03e211f2ae3f8a73c386bdd68e-dirty,1,1,1,1,7,123,heuristic_trajectory,34,0,1,2,3,-89,0,1538,1540,native
ae0728a3e36e9a03e211f2ae3f8a73c386bdd68e-dirty,1,1,1,1,7,723,high_stack_holes,17,0,1,3,13,-377,0,399,401,native
ae0728a3e36e9a03e211f2ae3f8a73c386bdd68e-dirty,1,1,1,1,7,423,random_trajectory,34,0,0,7,0,-45,0,1538,1540,native
ae0728a3e36e9a03e211f2ae3f8a73c386bdd68e-dirty,1,1,1,1,7,124,heuristic_trajectory,17,0,0,6,0,-19,0,773,775,native
ae0728a3e36e9a03e211f2ae3f8a73c386bdd68e-dirty,1,1,1,1,7,724,high_stack_holes,34,0,1,3,17,-464,0,892,894,native
ae0728a3e36e9a03e211f2ae3f8a73c386bdd68e-dirty,1,1,1,1,7,424,random_trajectory,17,0,0,0,14,-461,0,297,299,native
ae0728a3e36e9a03e211f2ae3f8a73c386bdd68e-dirty,1,1,1,1,7,125,heuristic_trajectory,34,0,1,0,3,-102,0,1538,1540,native
ae0728a3e36e9a03e211f2ae3f8a73c386bdd68e-dirty,1,1,1,1,7,725,high_stack_holes,34,0,1,8,5,-163,0,1538,1540,native
ae0728a3e36e9a03e211f2ae3f8a73c386bdd68e-dirty,1,1,1,1,7,425,random_trajectory,17,0,1,6,8,-206,0,773,775,native
ae0728a3e36e9a03e211f2ae3f8a73c386bdd68e-dirty,1,1,1,1,7,126,heuristic_trajectory,17,0,0,6,0,-28,0,773,775,native
ae0728a3e36e9a03e211f2ae3f8a73c386bdd68e-dirty,1,1,1,1,7,726,high_stack_holes,17,0,1,6,11,-352,0,467,469,native
ae0728a3e36e9a03e211f2ae3f8a73c386bdd68e-dirty,1,1,1,1,7,426,random_trajectory,17,0,1,3,13,-378,0,773,775,native
ae0728a3e36e9a03e211f2ae3f8a73c386bdd68e-dirty,1,1,1,1,7,127,heuristic_trajectory,17,0,0,6,5,-122,0,773,775,native
ae0728a3e36e9a03e211f2ae3f8a73c386bdd68e-dirty,1,1,1,1,7,727,high_stack_holes,17,0,1,1,12,-439,0,467,469,native
ae0728a3e36e9a03e211f2ae3f8a73c386bdd68e-dirty,1,1,1,1,7,427,random_trajectory,9,0,0,1,14,-441,0,311,313,native
ae0728a3e36e9a03e211f2ae3f8a73c386bdd68e-dirty,1,1,1,1,7,128,heuristic_trajectory,34,0,3,2,0,-45,0,1538,1540,native
ae0728a3e36e9a03e211f2ae3f8a73c386bdd68e-dirty,1,1,1,1,7,728,high_stack_holes,17,0,0,6,10,-263,0,773,775,native
ae0728a3e36e9a03e211f2ae3f8a73c386bdd68e-dirty,1,1,1,1,7,428,random_trajectory,34,0,1,1,3,-146,0,1538,1540,native
ae0728a3e36e9a03e211f2ae3f8a73c386bdd68e-dirty,1,1,1,1,7,129,heuristic_trajectory,34,0,2,0,5,-150,0,1538,1540,native
ae0728a3e36e9a03e211f2ae3f8a73c386bdd68e-dirty,1,1,1,1,7,729,high_stack_holes,34,0,1,2,15,-367,0,1164,1166,native
ae0728a3e36e9a03e211f2ae3f8a73c386bdd68e-dirty,1,1,1,1,7,429,random_trajectory,17,0,1,0,3,-94,0,773,775,native
ae0728a3e36e9a03e211f2ae3f8a73c386bdd68e-dirty,1,1,1,1,7,130,heuristic_trajectory,17,0,0,2,6,-123,0,773,775,native
ae0728a3e36e9a03e211f2ae3f8a73c386bdd68e-dirty,1,1,1,1,7,730,high_stack_holes,17,0,1,8,16,-452,0,535,537,native
ae0728a3e36e9a03e211f2ae3f8a73c386bdd68e-dirty,1,1,1,1,7,430,random_trajectory,34,0,0,7,0,-45,0,1538,1540,native
ae0728a3e36e9a03e211f2ae3f8a73c386bdd68e-dirty,1,1,1,1,7,131,heuristic_trajectory,17,0,1,6,0,-49,0,773,775,native
ae0728a3e36e9a03e211f2ae3f8a73c386bdd68e-dirty,1,1,1,1,7,731,high_stack_holes,17,0,1,8,12,-266,0,773,775,native
ae0728a3e36e9a03e211f2ae3f8a73c386bdd68e-dirty,1,1,1,1,7,431,random_trajectory,17,0,1,0,16,-484,0,263,265,native
ae0728a3e36e9a03e211f2ae3f8a73c386bdd68e-dirty,1,1,1,1,7,132,heuristic_trajectory,34,0,0,5,5,-141,0,1538,1540,native
ae0728a3e36e9a03e211f2ae3f8a73c386bdd68e-dirty,1,1,1,1,7,732,high_stack_holes,34,0,1,6,15,-355,0,1164,1166,native
ae0728a3e36e9a03e211f2ae3f8a73c386bdd68e-dirty,1,1,1,1,7,432,random_trajectory,34,0,3,8,1,-279,0,1538,1540,native
ae0728a3e36e9a03e211f2ae3f8a73c386bdd68e-dirty,1,1,1,1,7,133,heuristic_trajectory,34,0,1,1,2,-84,0,1538,1540,native
ae0728a3e36e9a03e211f2ae3f8a73c386bdd68e-dirty,1,1,1,1,7,733,high_stack_holes,9,0,0,7,10,-451,0,277,279,native
ae0728a3e36e9a03e211f2ae3f8a73c386bdd68e-dirty,1,1,1,1,7,433,random_trajectory,17,0,0,0,0,0,1,195,197,native
ae0728a3e36e9a03e211f2ae3f8a73c386bdd68e-dirty,1,1,1,1,7,134,heuristic_trajectory,17,0,1,7,0,-35,0,773,775,native
ae0728a3e36e9a03e211f2ae3f8a73c386bdd68e-dirty,1,1,1,1,7,734,high_stack_holes,17,0,1,4,7,-240,0,773,775,native
ae0728a3e36e9a03e211f2ae3f8a73c386bdd68e-dirty,1,1,1,1,7,434,random_trajectory,34,0,0,0,14,-427,0,1266,1268,native
ae0728a3e36e9a03e211f2ae3f8a73c386bdd68e-dirty,1,1,1,1,7,135,heuristic_trajectory,17,0,1,7,0,-37,0,773,775,native
ae0728a3e36e9a03e211f2ae3f8a73c386bdd68e-dirty,1,1,1,1,7,735,high_stack_holes,17,0,1,3,16,-373,0,501,503,native
ae0728a3e36e9a03e211f2ae3f8a73c386bdd68e-dirty,1,1,1,1,7,435,random_trajectory,9,0,0,5,0,-20,0,413,415,native
ae0728a3e36e9a03e211f2ae3f8a73c386bdd68e-dirty,1,1,1,1,7,136,heuristic_trajectory,17,0,1,9,2,-62,0,773,775,native
ae0728a3e36e9a03e211f2ae3f8a73c386bdd68e-dirty,1,1,1,1,7,736,high_stack_holes,34,0,1,0,17,-405,0,1266,1268,native
ae0728a3e36e9a03e211f2ae3f8a73c386bdd68e-dirty,1,1,1,1,7,436,random_trajectory,34,0,0,7,0,-45,0,1538,1540,native
ae0728a3e36e9a03e211f2ae3f8a73c386bdd68e-dirty,1,1,1,1,7,137,heuristic_trajectory,34,0,2,1,2,-74,0,1538,1540,native
ae0728a3e36e9a03e211f2ae3f8a73c386bdd68e-dirty,1,1,1,1,7,737,high_stack_holes,34,0,3,1,14,-437,0,1436,1438,native
ae0728a3e36e9a03e211f2ae3f8a73c386bdd68e-dirty,1,1,1,1,7,437,random_trajectory,34,0,2,3,17,-450,0,824,826,native
ae0728a3e36e9a03e211f2ae3f8a73c386bdd68e-dirty,1,1,1,1,7,138,heuristic_trajectory,34,0,2,7,7,-168,0,1538,1540,native
ae0728a3e36e9a03e211f2ae3f8a73c386bdd68e-dirty,1,1,1,1,7,738,high_stack_holes,34,0,2,7,13,-344,0,1334,1336,native
ae0728a3e36e9a03e211f2ae3f8a73c386bdd68e-dirty,1,1,1,1,7,438,random_trajectory,34,0,3,1,15,-470,0,654,656,native
ae0728a3e36e9a03e211f2ae3f8a73c386bdd68e-dirty,1,1,1,1,7,139,heuristic_trajectory,34,0,1,8,0,-26,0,1538,1540,native
ae0728a3e36e9a03e211f2ae3f8a73c386bdd68e-dirty,1,1,1,1,7,739,high_stack_holes,17,0,0,0,0,0,1,195,197,native
ae0728a3e36e9a03e211f2ae3f8a73c386bdd68e-dirty,1,1,1,1,7,439,random_trajectory,17,0,0,0,14,-461,0,297,299,native
ae0728a3e36e9a03e211f2ae3f8a73c386bdd68e-dirty,1,1,1,1,7,140,heuristic_trajectory,34,0,3,8,5,-124,0,1538,1540,native
ae0728a3e36e9a03e211f2ae3f8a73c386bdd68e-dirty,1,1,1,1,7,740,high_stack_holes,34,0,1,2,16,-437,0,1300,1302,native
ae0728a3e36e9a03e211f2ae3f8a73c386bdd68e-dirty,1,1,1,1,7,440,random_trajectory,34,0,3,2,1,-73,0,1538,1540,native
ae0728a3e36e9a03e211f2ae3f8a73c386bdd68e-dirty,1,1,1,1,7,141,heuristic_trajectory,17,0,0,1,2,-64,0,773,775,native
ae0728a3e36e9a03e211f2ae3f8a73c386bdd68e-dirty,1,1,1,1,7,741,high_stack_holes,34,0,3,0,15,-370,0,1300,1302,native
ae0728a3e36e9a03e211f2ae3f8a73c386bdd68e-dirty,1,1,1,1,7,441,random_trajectory,17,0,1,8,1,-292,0,773,775,native
ae0728a3e36e9a03e211f2ae3f8a73c386bdd68e-dirty,1,1,1,1,7,142,heuristic_trajectory,17,0,0,5,6,-169,0,773,775,native
ae0728a3e36e9a03e211f2ae3f8a73c386bdd68e-dirty,1,1,1,1,7,742,high_stack_holes,17,0,1,1,15,-488,0,297,299,native
ae0728a3e36e9a03e211f2ae3f8a73c386bdd68e-dirty,1,1,1,1,7,442,random_trajectory,34,0,0,0,14,-427,0,1266,1268,native
ae0728a3e36e9a03e211f2ae3f8a73c386bdd68e-dirty,1,1,1,1,7,143,heuristic_trajectory,17,0,0,6,5,-114,0,773,775,native
ae0728a3e36e9a03e211f2ae3f8a73c386bdd68e-dirty,1,1,1,1,7,743,high_stack_holes,34,0,3,4,7,-238,0,1538,1540,native
ae0728a3e36e9a03e211f2ae3f8a73c386bdd68e-dirty,1,1,1,1,7,443,random_trajectory,34,0,0,7,0,-45,0,1538,1540,native
ae0728a3e36e9a03e211f2ae3f8a73c386bdd68e-dirty,1,1,1,1,7,144,heuristic_trajectory,34,0,3,3,1,-83,0,1538,1540,native
ae0728a3e36e9a03e211f2ae3f8a73c386bdd68e-dirty,1,1,1,1,7,744,high_stack_holes,17,0,1,0,11,-335,0,705,707,native
ae0728a3e36e9a03e211f2ae3f8a73c386bdd68e-dirty,1,1,1,1,7,444,random_trajectory,34,0,3,2,1,-73,0,1538,1540,native
ae0728a3e36e9a03e211f2ae3f8a73c386bdd68e-dirty,1,1,1,1,7,145,heuristic_trajectory,17,0,0,6,0,-28,0,773,775,native
ae0728a3e36e9a03e211f2ae3f8a73c386bdd68e-dirty,1,1,1,1,7,745,high_stack_holes,9,0,0,1,1,-406,0,379,381,native
ae0728a3e36e9a03e211f2ae3f8a73c386bdd68e-dirty,1,1,1,1,7,445,random_trajectory,9,0,0,1,14,-414,0,413,415,native
ae0728a3e36e9a03e211f2ae3f8a73c386bdd68e-dirty,1,1,1,1,7,146,heuristic_trajectory,34,0,3,7,5,-146,0,1538,1540,native
ae0728a3e36e9a03e211f2ae3f8a73c386bdd68e-dirty,1,1,1,1,7,746,high_stack_holes,34,0,1,0,16,-454,0,1096,1098,native
ae0728a3e36e9a03e211f2ae3f8a73c386bdd68e-dirty,1,1,1,1,7,446,random_trajectory,34,0,3,8,1,-279,0,1538,1540,native
ae0728a3e36e9a03e211f2ae3f8a73c386bdd68e-dirty,1,1,1,1,7,147,heuristic_trajectory,34,0,3,8,2,-76,0,1538,1540,native
ae0728a3e36e9a03e211f2ae3f8a73c386bdd68e-dirty,1,1,1,1,7,747,high_stack_holes,9,0,0,6,14,-358,0,311,313,native
ae0728a3e36e9a03e211f2ae3f8a73c386bdd68e-dirty,1,1,1,1,7,447,random_trajectory,34,0,1,1,3,-146,0,1538,1540,native
ae0728a3e36e9a03e211f2ae3f8a73c386bdd68e-dirty,1,1,1,1,7,148,heuristic_trajectory,34,0,1,4,2,-77,0,1538,1540,native
ae0728a3e36e9a03e211f2ae3f8a73c386bdd68e-dirty,1,1,1,1,7,748,high_stack_holes,17,0,1,7,5,-448,0,467,469,native
ae0728a3e36e9a03e211f2ae3f8a73c386bdd68e-dirty,1,1,1,1,7,448,random_trajectory,17,0,1,0,16,-484,0,263,265,native
ae0728a3e36e9a03e211f2ae3f8a73c386bdd68e-dirty,1,1,1,1,7,149,heuristic_trajectory,9,0,0,1,6,-148,0,413,415,native
ae0728a3e36e9a03e211f2ae3f8a73c386bdd68e-dirty,1,1,1,1,7,749,high_stack_holes,34,0,2,5,6,-166,0,1538,1540,native
ae0728a3e36e9a03e211f2ae3f8a73c386bdd68e-dirty,1,1,1,1,7,449,random_trajectory,9,0,0,1,14,-441,0,311,313,native
ae0728a3e36e9a03e211f2ae3f8a73c386bdd68e-dirty,1,1,1,1,7,150,heuristic_trajectory,34,0,0,7,5,-123,0,1538,1540,native
ae0728a3e36e9a03e211f2ae3f8a73c386bdd68e-dirty,1,1,1,1,7,750,high_stack_holes,17,0,0,7,12,-318,0,773,775,native
ae0728a3e36e9a03e211f2ae3f8a73c386bdd68e-dirty,1,1,1,1,7,450,random_trajectory,17,0,1,8,11,-450,0,229,231,native
ae0728a3e36e9a03e211f2ae3f8a73c386bdd68e-dirty,1,1,1,1,7,151,heuristic_trajectory,17,0,1,6,0,-49,0,773,775,native
ae0728a3e36e9a03e211f2ae3f8a73c386bdd68e-dirty,1,1,1,1,7,751,high_stack_holes,34,0,3,1,15,-490,0,756,758,native
ae0728a3e36e9a03e211f2ae3f8a73c386bdd68e-dirty,1,1,1,1,7,451,random_trajectory,34,0,0,0,0,0,1,382,384,native
ae0728a3e36e9a03e211f2ae3f8a73c386bdd68e-dirty,1,1,1,1,7,152,heuristic_trajectory,9,0,0,0,3,-78,0,413,415,native
ae0728a3e36e9a03e211f2ae3f8a73c386bdd68e-dirty,1,1,1,1,7,752,high_stack_holes,34,0,3,5,10,-319,0,1538,1540,native
ae0728a3e36e9a03e211f2ae3f8a73c386bdd68e-dirty,1,1,1,1,7,452,random_trajectory,9,0,0,0,12,-399,0,277,279,native
ae0728a3e36e9a03e211f2ae3f8a73c386bdd68e-dirty,1,1,1,1,7,153,heuristic_trajectory,34,0,1,2,1,-42,0,1538,1540,native
ae0728a3e36e9a03e211f2ae3f8a73c386bdd68e-dirty,1,1,1,1,7,753,high_stack_holes,34,0,2,2,13,-352,0,1198,1200,native
ae0728a3e36e9a03e211f2ae3f8a73c386bdd68e-dirty,1,1,1,1,7,453,random_trajectory,17,0,1,0,0,-206,0,773,775,native
ae0728a3e36e9a03e211f2ae3f8a73c386bdd68e-dirty,1,1,1,1,7,154,heuristic_trajectory,34,0,1,0,1,-35,0,1538,1540,native
ae0728a3e36e9a03e211f2ae3f8a73c386bdd68e-dirty,1,1,1,1,7,754,high_stack_holes,34,0,3,5,16,-487,0,790,792,native
ae0728a3e36e9a03e211f2ae3f8a73c386bdd68e-dirty,1,1,1,1,7,454,random_trajectory,17,0,0,0,0,-58,0,773,775,native
ae0728a3e36e9a03e211f2ae3f8a73c386bdd68e-dirty,1,1,1,1,7,155,heuristic_trajectory,17,0,0,5,7,-158,0,773,775,native
ae0728a3e36e9a03e211f2ae3f8a73c386bdd68e-dirty,1,1,1,1,7,755,high_stack_holes,17,0,1,4,12,-407,0,705,707,native
ae0728a3e36e9a03e211f2ae3f8a73c386bdd68e-dirty,1,1,1,1,7,455,random_trajectory,34,0,3,8,8,-419,0,518,520,native
ae0728a3e36e9a03e211f2ae3f8a73c386bdd68e-dirty,1,1,1,1,7,156,heuristic_trajectory,17,0,1,3,7,-180,0,773,775,native
ae0728a3e36e9a03e211f2ae3f8a73c386bdd68e-dirty,1,1,1,1,7,756,high_stack_holes,17,0,1,9,6,-335,0,603,605,native
ae0728a3e36e9a03e211f2ae3f8a73c386bdd68e-dirty,1,1,1,1,7,456,random_trajectory,17,0,1,2,6,-316,0,501,503,native
ae0728a3e36e9a03e211f2ae3f8a73c386bdd68e-dirty,1,1,1,1,7,157,heuristic_trajectory,34,0,2,1,4,-138,0,1538,1540,native
ae0728a3e36e9a03e211f2ae3f8a73c386bdd68e-dirty,1,1,1,1,7,757,high_stack_holes,17,0,0,0,17,-444,0,603,605,native
ae0728a3e36e9a03e211f2ae3f8a73c386bdd68e-dirty,1,1,1,1,7,457,random_trajectory,17,0,0,0,0,-58,0,773,775,native
ae0728a3e36e9a03e211f2ae3f8a73c386bdd68e-dirty,1,1,1,1,7,158,heuristic_trajectory,17,0,0,6,0,-25,0,773,775,native
ae0728a3e36e9a03e211f2ae3f8a73c386bdd68e-dirty,1,1,1,1,7,758,high_stack_holes,34,0,1,7,1,-69,0,1538,1540,native
ae0728a3e36e9a03e211f2ae3f8a73c386bdd68e-dirty,1,1,1,1,7,458,random_trajectory,17,0,1,8,11,-450,0,229,231,native
ae0728a3e36e9a03e211f2ae3f8a73c386bdd68e-dirty,1,1,1,1,7,159,heuristic_trajectory,17,0,1,8,2,-87,0,773,775,native
ae0728a3e36e9a03e211f2ae3f8a73c386bdd68e-dirty,1,1,1,1,7,759,high_stack_holes,34,0,1,4,16,-418,0,518,520,native
ae0728a3e36e9a03e211f2ae3f8a73c386bdd68e-dirty,1,1,1,1,7,459,random_trajectory,17,0,1,0,0,-206,0,773,775,native
ae0728a3e36e9a03e211f2ae3f8a73c386bdd68e-dirty,1,1,1,1,7,160,heuristic_trajectory,17,0,0,4,0,-15,0,773,775,native
ae0728a3e36e9a03e211f2ae3f8a73c386bdd68e-dirty,1,1,1,1,7,760,high_stack_holes,34,0,3,2,4,-405,0,790,792,native
ae0728a3e36e9a03e211f2ae3f8a73c386bdd68e-dirty,1,1,1,1,7,460,random_trajectory,17,0,1,1,15,-424,0,297,299,native
ae0728a3e36e9a03e211f2ae3f8a73c386bdd68e-dirty,1,1,1,1,7,161,heuristic_trajectory,34,0,0,5,0,-21,0,1538,1540,native
ae0728a3e36e9a03e211f2ae3f8a73c386bdd68e-dirty,1,1,1,1,7,761,high_stack_holes,34,0,1,7,2,-103,0,1538,1540,native
ae0728a3e36e9a03e211f2ae3f8a73c386bdd68e-dirty,1,1,1,1,7,461,random_trajectory,17,0,1,8,5,-328,0,467,469,native
ae0728a3e36e9a03e211f2ae3f8a73c386bdd68e-dirty,1,1,1,1,7,162,heuristic_trajectory,17,0,1,5,6,-169,0,773,775,native
ae0728a3e36e9a03e211f2ae3f8a73c386bdd68e-dirty,1,1,1,1,7,762,high_stack_holes,17,0,1,1,11,-361,0,501,503,native
ae0728a3e36e9a03e211f2ae3f8a73c386bdd68e-dirty,1,1,1,1,7,462,random_trajectory,34,0,1,8,4,-363,0,926,928,native
ae0728a3e36e9a03e211f2ae3f8a73c386bdd68e-dirty,1,1,1,1,7,163,heuristic_trajectory,34,0,1,8,2,-92,0,1538,1540,native
ae0728a3e36e9a03e211f2ae3f8a73c386bdd68e-dirty,1,1,1,1,7,763,high_stack_holes,17,0,1,6,7,-437,0,331,333,native
ae0728a3e36e9a03e211f2ae3f8a73c386bdd68e-dirty,1,1,1,1,7,463,random_trajectory,34,0,0,0,0,-24,0,1538,1540,native
ae0728a3e36e9a03e211f2ae3f8a73c386bdd68e-dirty,1,1,1,1,7,164,heuristic_trajectory,34,0,0,2,0,-26,0,1538,1540,native
ae0728a3e36e9a03e211f2ae3f8a73c386bdd68e-dirty,1,1,1,1,7,764,high_stack_holes,17,0,0,6,1,-28,0,773,775,native
ae0728a3e36e9a03e211f2ae3f8a73c386bdd68e-dirty,1,1,1,1,7,464,random_trajectory,9,0,0,8,14,-457,0,141,143,native
ae0728a3e36e9a03e211f2ae3f8a73c386bdd68e-dirty,1,1,1,1,7,165,heuristic_trajectory,17,0,0,4,6,-155,0,773,775,native
ae0728a3e36e9a03e211f2ae3f8a73c386bdd68e-dirty,1,1,1,1,7,765,high_stack_holes,17,0,1,2,0,-350,0,637,639,native
ae0728a3e36e9a03e211f2ae3f8a73c386bdd68e-dirty,1,1,1,1,7,465,random_trajectory,34,0,0,0,7,-300,0,1300,1302,native
ae0728a3e36e9a03e211f2ae3f8a73c386bdd68e-dirty,1,1,1,1,7,166,heuristic_trajectory,17,0,0,4,5,-142,0,773,775,native
ae0728a3e36e9a03e211f2ae3f8a73c386bdd68e-dirty,1,1,1,1,7,766,high_stack_holes,17,0,1,1,16,-465,0,467,469,native
ae0728a3e36e9a03e211f2ae3f8a73c386bdd68e-dirty,1,1,1,1,7,466,random_trajectory,34,0,0,0,0,-170,0,1538,1540,native
ae0728a3e36e9a03e211f2ae3f8a73c386bdd68e-dirty,1,1,1,1,7,167,heuristic_trajectory,17,0,0,4,5,-142,0,773,775,native
ae0728a3e36e9a03e211f2ae3f8a73c386bdd68e-dirty,1,1,1,1,7,767,high_stack_holes,34,0,1,5,10,-236,0,1538,1540,native
ae0728a3e36e9a03e211f2ae3f8a73c386bdd68e-dirty,1,1,1,1,7,467,random_trajectory,17,0,1,1,6,-291,0,671,673,native
ae0728a3e36e9a03e211f2ae3f8a73c386bdd68e-dirty,1,1,1,1,7,168,heuristic_trajectory,34,0,0,4,3,-86,0,1538,1540,native
ae0728a3e36e9a03e211f2ae3f8a73c386bdd68e-dirty,1,1,1,1,7,768,high_stack_holes,17,0,1,1,13,-334,0,603,605,native
ae0728a3e36e9a03e211f2ae3f8a73c386bdd68e-dirty,1,1,1,1,7,468,random_trajectory,34,0,0,0,0,-113,0,1538,1540,native
ae0728a3e36e9a03e211f2ae3f8a73c386bdd68e-dirty,1,1,1,1,7,169,heuristic_trajectory,17,0,1,6,6,-148,0,773,775,native
ae0728a3e36e9a03e211f2ae3f8a73c386bdd68e-dirty,1,1,1,1,7,769,high_stack_holes,34,0,0,3,18,-448,0,688,690,native
ae0728a3e36e9a03e211f2ae3f8a73c386bdd68e-dirty,1,1,1,1,7,469,random_trajectory,34,0,3,1,6,-247,0,1538,1540,native
ae0728a3e36e9a03e211f2ae3f8a73c386bdd68e-dirty,1,1,1,1,7,170,heuristic_trajectory,34,0,0,1,3,-74,0,1538,1540,native
ae0728a3e36e9a03e211f2ae3f8a73c386bdd68e-dirty,1,1,1,1,7,770,high_stack_holes,34,0,0,6,0,-44,0,1538,1540,native
ae0728a3e36e9a03e211f2ae3f8a73c386bdd68e-dirty,1,1,1,1,7,470,random_trajectory,17,0,0,0,0,-13,0,773,775,native
ae0728a3e36e9a03e211f2ae3f8a73c386bdd68e-dirty,1,1,1,1,7,171,heuristic_trajectory,17,0,1,6,6,-148,0,773,775,native
ae0728a3e36e9a03e211f2ae3f8a73c386bdd68e-dirty,1,1,1,1,7,771,high_stack_holes,34,0,1,2,11,-345,0,1062,1064,native
ae0728a3e36e9a03e211f2ae3f8a73c386bdd68e-dirty,1,1,1,1,7,471,random_trajectory,34,0,1,5,3,-106,0,1538,1540,native
ae0728a3e36e9a03e211f2ae3f8a73c386bdd68e-dirty,1,1,1,1,7,172,heuristic_trajectory,34,0,2,4,5,-123,0,1538,1540,native
ae0728a3e36e9a03e211f2ae3f8a73c386bdd68e-dirty,1,1,1,1,7,772,high_stack_holes,34,0,3,6,14,-469,0,960,962,native
ae0728a3e36e9a03e211f2ae3f8a73c386bdd68e-dirty,1,1,1,1,7,472,random_trajectory,17,0,0,0,0,-13,0,773,775,native
ae0728a3e36e9a03e211f2ae3f8a73c386bdd68e-dirty,1,1,1,1,7,173,heuristic_trajectory,34,0,3,8,2,-76,0,1538,1540,native
ae0728a3e36e9a03e211f2ae3f8a73c386bdd68e-dirty,1,1,1,1,7,773,high_stack_holes,34,0,2,1,15,-380,0,1538,1540,native
ae0728a3e36e9a03e211f2ae3f8a73c386bdd68e-dirty,1,1,1,1,7,473,random_trajectory,17,0,1,8,0,-126,0,773,775,native
ae0728a3e36e9a03e211f2ae3f8a73c386bdd68e-dirty,1,1,1,1,7,174,heuristic_trajectory,34,0,3,7,1,-29,0,1538,1540,native
ae0728a3e36e9a03e211f2ae3f8a73c386bdd68e-dirty,1,1,1,1,7,774,high_stack_holes,34,0,1,7,12,-314,0,1538,1540,native
ae0728a3e36e9a03e211f2ae3f8a73c386bdd68e-dirty,1,1,1,1,7,474,random_trajectory,17,0,1,0,9,-379,0,399,401,native
ae0728a3e36e9a03e211f2ae3f8a73c386bdd68e-dirty,1,1,1,1,7,175,heuristic_trajectory,34,0,1,2,5,-137,0,1538,1540,native
ae0728a3e36e9a03e211f2ae3f8a73c386bdd68e-dirty,1,1,1,1,7,775,high_stack_holes,9,0,0,3,16,-446,0,209,211,native
ae0728a3e36e9a03e211f2ae3f8a73c386bdd68e-dirty,1,1,1,1,7,475,random_trajectory,17,0,1,0,0,-206,0,773,775,native
ae0728a3e36e9a03e211f2ae3f8a73c386bdd68e-dirty,1,1,1,1,7,176,heuristic_trajectory,17,0,1,4,0,-36,0,773,775,native
ae0728a3e36e9a03e211f2ae3f8a73c386bdd68e-dirty,1,1,1,1,7,776,high_stack_holes,9,0,0,2,8,-227,0,413,415,native
ae0728a3e36e9a03e211f2ae3f8a73c386bdd68e-dirty,1,1,1,1,7,476,random_trajectory,34,0,1,5,3,-106,0,1538,1540,native
ae0728a3e36e9a03e211f2ae3f8a73c386bdd68e-dirty,1,1,1,1,7,177,heuristic_trajectory,17,0,0,2,1,-55,0,773,775,native
ae0728a3e36e9a03e211f2ae3f8a73c386bdd68e-dirty,1,1,1,1,7,777,high_stack_holes,17,0,1,6,14,-380,0,433,435,native
ae0728a3e36e9a03e211f2ae3f8a73c386bdd68e-dirty,1,1,1,1,7,477,random_trajectory,17,0,0,0,0,-58,0,773,775,native
ae0728a3e36e9a03e211f2ae3f8a73c386bdd68e-dirty,1,1,1,1,7,178,heuristic_trajectory,17,0,0,0,7,-157,0,773,775,native
ae0728a3e36e9a03e211f2ae3f8a73c386bdd68e-dirty,1,1,1,1,7,778,high_stack_holes,17,0,1,8,17,-471,0,467,469,native
ae0728a3e36e9a03e211f2ae3f8a73c386bdd68e-dirty,1,1,1,1,7,478,random_trajectory,17,0,1,1,6,-291,0,671,673,native
ae0728a3e36e9a03e211f2ae3f8a73c386bdd68e-dirty,1,1,1,1,7,179,heuristic_trajectory,34,0,2,7,0,-40,0,1538,1540,native
ae0728a3e36e9a03e211f2ae3f8a73c386bdd68e-dirty,1,1,1,1,7,779,high_stack_holes,34,0,1,0,12,-282,0,1538,1540,native
ae0728a3e36e9a03e211f2ae3f8a73c386bdd68e-dirty,1,1,1,1,7,479,random_trajectory,34,0,1,8,0,-215,0,1538,1540,native
ae0728a3e36e9a03e211f2ae3f8a73c386bdd68e-dirty,1,1,1,1,7,180,heuristic_trajectory,17,0,1,0,3,-112,0,773,775,native
ae0728a3e36e9a03e211f2ae3f8a73c386bdd68e-dirty,1,1,1,1,7,780,high_stack_holes,9,0,0,7,14,-346,0,413,415,native
ae0728a3e36e9a03e211f2ae3f8a73c386bdd68e-dirty,1,1,1,1,7,480,random_trajectory,17,0,1,5,2,-87,0,773,775,native
ae0728a3e36e9a03e211f2ae3f8a73c386bdd68e-dirty,1,1,1,1,7,181,heuristic_trajectory,9,0,0,3,7,-175,0,413,415,native
ae0728a3e36e9a03e211f2ae3f8a73c386bdd68e-dirty,1,1,1,1,7,781,high_stack_holes,34,0,1,7,15,-451,0,858,860,native
ae0728a3e36e9a03e211f2ae3f8a73c386bdd68e-dirty,1,1,1,1,7,481,random_trajectory,34,0,1,8,4,-363,0,926,928,native
ae0728a3e36e9a03e211f2ae3f8a73c386bdd68e-dirty,1,1,1,1,7,182,heuristic_trajectory,34,0,2,6,5,-145,0,1538,1540,native
ae0728a3e36e9a03e211f2ae3f8a73c386bdd68e-dirty,1,1,1,1,7,782,high_stack_holes,17,0,1,8,5,-174,0,773,775,native
ae0728a3e36e9a03e211f2ae3f8a73c386bdd68e-dirty,1,1,1,1,7,482,random_trajectory,9,0,0,8,14,-457,0,141,143,native
ae0728a3e36e9a03e211f2ae3f8a73c386bdd68e-dirty,1,1,1,1,7,183,heuristic_trajectory,34,0,0,6,2,-62,0,1538,1540,native
ae0728a3e36e9a03e211f2ae3f8a73c386bdd68e-dirty,1,1,1,1,7,783,high_stack_holes,34,0,3,1,13,-363,0,1096,1098,native
ae0728a3e36e9a03e211f2ae3f8a73c386bdd68e-dirty,1,1,1,1,7,483,random_trajectory,34,0,0,0,0,-113,0,1538,1540,native
ae0728a3e36e9a03e211f2ae3f8a73c386bdd68e-dirty,1,1,1,1,7,184,heuristic_trajectory,34,0,3,7,0,-34,0,1538,1540,native
ae0728a3e36e9a03e211f2ae3f8a73c386bdd68e-dirty,1,1,1,1,7,784,high_stack_holes,17,0,1,2,1,-430,0,365,367,native
ae0728a3e36e9a03e211f2ae3f8a73c386bdd68e-dirty,1,1,1,1,7,484,random_trajectory,34,0,1,8,4,-363,0,926,928,native
ae0728a3e36e9a03e211f2ae3f8a73c386bdd68e-dirty,1,1,1,1,7,185,heuristic_trajectory,34,0,2,3,2,-79,0,1538,1540,native
ae0728a3e36e9a03e211f2ae3f8a73c386bdd68e-dirty,1,1,1,1,7,785,high_stack_holes,9,0,0,3,12,-311,0,413,415,native
ae0728a3e36e9a03e211f2ae3f8a73c386bdd68e-dirty,1,1,1,1,7,485,random_trajectory,17,0,1,0,9,-379,0,399,401,native
ae0728a3e36e9a03e211f2ae3f8a73c386bdd68e-dirty,1,1,1,1,7,186,heuristic_trajectory,9,0,0,0,3,-101,0,413,415,native
ae0728a3e36e9a03e211f2ae3f8a73c386bdd68e-dirty,1,1,1,1,7,786,high_stack_holes,17,0,1,8,14,-340,0,637,639,native
ae0728a3e36e9a03e211f2ae3f8a73c386bdd68e-dirty,1,1,1,1,7,486,random_trajectory,17,0,1,1,15,-424,0,297,299,native
ae0728a3e36e9a03e211f2ae3f8a73c386bdd68e-dirty,1,1,1,1,7,187,heuristic_trajectory,17,0,1,8,4,-150,0,773,775,native
ae0728a3e36e9a03e211f2ae3f8a73c386bdd68e-dirty,1,1,1,1,7,787,high_stack_holes,17,0,1,5,16,-479,0,297,299,native
ae0728a3e36e9a03e211f2ae3f8a73c386bdd68e-dirty,1,1,1,1,7,487,random_trajectory,34,0,1,5,3,-106,0,1538,1540,native
ae0728a3e36e9a03e211f2ae3f8a73c386bdd68e-dirty,1,1,1,1,7,188,heuristic_trajectory,17,0,1,3,5,-150,0,773,775,native
ae0728a3e36e9a03e211f2ae3f8a73c386bdd68e-dirty,1,1,1,1,7,788,high_stack_holes,34,0,1,6,1,-84,0,1538,1540,native
ae0728a3e36e9a03e211f2ae3f8a73c386bdd68e-dirty,1,1,1,1,7,488,random_trajectory,34,0,1,5,3,-106,0,1538,1540,native
ae0728a3e36e9a03e211f2ae3f8a73c386bdd68e-dirty,1,1,1,1,7,189,heuristic_trajectory,34,0,2,3,6,-152,0,1538,1540,native
ae0728a3e36e9a03e211f2ae3f8a73c386bdd68e-dirty,1,1,1,1,7,789,high_stack_holes,17,0,1,4,12,-354,0,569,571,native
ae0728a3e36e9a03e211f2ae3f8a73c386bdd68e-dirty,1,1,1,1,7,489,random_trajectory,17,0,1,0,9,-379,0,399,401,native
ae0728a3e36e9a03e211f2ae3f8a73c386bdd68e-dirty,1,1,1,1,7,190,heuristic_trajectory,17,0,0,6,4,-130,0,773,775,native
ae0728a3e36e9a03e211f2ae3f8a73c386bdd68e-dirty,1,1,1,1,7,790,high_stack_holes,17,0,1,3,11,-452,0,399,401,native
ae0728a3e36e9a03e211f2ae3f8a73c386bdd68e-dirty,1,1,1,1,7,490,random_trajectory,9,0,0,8,14,-457,0,141,143,native
ae0728a3e36e9a03e211f2ae3f8a73c386bdd68e-dirty,1,1,1,1,7,191,heuristic_trajectory,34,0,3,8,2,-51,0,1538,1540,native
ae0728a3e36e9a03e211f2ae3f8a73c386bdd68e-dirty,1,1,1,1,7,791,high_stack_holes,9,0,0,1,15,-389,0,413,415,native
ae0728a3e36e9a03e211f2ae3f8a73c386bdd68e-dirty,1,1,1,1,7,491,random_trajectory,34,0,0,0,0,-170,0,1538,1540,native
ae0728a3e36e9a03e211f2ae3f8a73c386bdd68e-dirty,1,1,1,1,7,192,heuristic_trajectory,17,0,0,0,2,-51,0,773,775,native
ae0728a3e36e9a03e211f2ae3f8a73c386bdd68e-dirty,1,1,1,1,7,792,high_stack_holes,17,0,1,6,14,-369,0,501,503,native
ae0728a3e36e9a03e211f2ae3f8a73c386bdd68e-dirty,1,1,1,1,7,492,random_trajectory,34,0,1,0,11,-411,0,518,520,native
ae0728a3e36e9a03e211f2ae3f8a73c386bdd68e-dirty,1,1,1,1,7,193,heuristic_trajectory,34,0,3,8,2,-51,0,1538,1540,native
ae0728a3e36e9a03e211f2ae3f8a73c386bdd68e-dirty,1,1,1,1,7,793,high_stack_holes,34,0,3,5,3,-391,0,960,962,native
ae0728a3e36e9a03e211f2ae3f8a73c386bdd68e-dirty,1,1,1,1,7,493,random_trajectory,17,0,1,2,6,-316,0,501,503,native
ae0728a3e36e9a03e211f2ae3f8a73c386bdd68e-dirty,1,1,1,1,7,194,heuristic_trajectory,17,0,0,2,2,-80,0,773,775,native
ae0728a3e36e9a03e211f2ae3f8a73c386bdd68e-dirty,1,1,1,1,7,794,high_stack_holes,17,0,0,4,0,-18,0,773,775,native
ae0728a3e36e9a03e211f2ae3f8a73c386bdd68e-dirty,1,1,1,1,7,494,random_trajectory,34,0,3,1,6,-247,0,1538,1540,native
ae0728a3e36e9a03e211f2ae3f8a73c386bdd68e-dirty,1,1,1,1,7,195,heuristic_trajectory,17,0,1,0,4,-92,0,773,775,native
ae0728a3e36e9a03e211f2ae3f8a73c386bdd68e-dirty,1,1,1,1,7,795,high_stack_holes,17,0,1,7,14,-343,0,705,707,native
ae0728a3e36e9a03e211f2ae3f8a73c386bdd68e-dirty,1,1,1,1,7,495,random_trajectory,34,0,0,0,0,-170,0,1538,1540,native
ae0728a3e36e9a03e211f2ae3f8a73c386bdd68e-dirty,1,1,1,1,7,196,heuristic_trajectory,17,0,0,1,4,-92,0,773,775,native
ae0728a3e36e9a03e211f2ae3f8a73c386bdd68e-dirty,1,1,1,1,7,796,high_stack_holes,17,0,1,0,17,-436,0,569,571,native
ae0728a3e36e9a03e211f2ae3f8a73c386bdd68e-dirty,1,1,1,1,7,496,random_trajectory,9,0,0,8,0,-77,0,413,415,native
ae0728a3e36e9a03e211f2ae3f8a73c386bdd68e-dirty,1,1,1,1,7,197,heuristic_trajectory,9,0,0,0,6,-142,0,413,415,native
ae0728a3e36e9a03e211f2ae3f8a73c386bdd68e-dirty,1,1,1,1,7,797,high_stack_holes,34,0,2,7,4,-113,0,1538,1540,native
ae0728a3e36e9a03e211f2ae3f8a73c386bdd68e-dirty,1,1,1,1,7,497,random_trajectory,17,0,1,8,16,-466,0,229,231,native
ae0728a3e36e9a03e211f2ae3f8a73c386bdd68e-dirty,1,1,1,1,7,198,heuristic_trajectory,17,0,1,5,4,-124,0,773,775,native
ae0728a3e36e9a03e211f2ae3f8a73c386bdd68e-dirty,1,1,1,1,7,798,high_stack_holes,17,0,1,5,12,-367,0,671,673,native
ae0728a3e36e9a03e211f2ae3f8a73c386bdd68e-dirty,1,1,1,1,7,498,random_trajectory,17,0,1,1,15,-424,0,297,299,native
ae0728a3e36e9a03e211f2ae3f8a73c386bdd68e-dirty,1,1,1,1,7,199,heuristic_trajectory,34,0,0,1,9,-188,0,1538,1540,native
ae0728a3e36e9a03e211f2ae3f8a73c386bdd68e-dirty,1,1,1,1,7,799,high_stack_holes,17,0,1,5,7,-455,0,637,639,native
ae0728a3e36e9a03e211f2ae3f8a73c386bdd68e-dirty,1,1,1,1,7,499,random_trajectory,17,0,0,2,18,-390,0,365,367,native
ae0728a3e36e9a03e211f2ae3f8a73c386bdd68e-dirty,1,1,1,1,7,200,heuristic_trajectory,17,0,1,4,3,-95,0,773,775,native
ae0728a3e36e9a03e211f2ae3f8a73c386bdd68e-dirty,1,1,1,1,7,500,random_trajectory,34,0,3,3,0,-163,0,1538,1540,native
ae0728a3e36e9a03e211f2ae3f8a73c386bdd68e-dirty,1,1,1,1,7,201,heuristic_trajectory,17,0,1,8,2,-88,0,773,775,native
ae0728a3e36e9a03e211f2ae3f8a73c386bdd68e-dirty,1,1,1,1,7,501,random_trajectory,34,0,0,0,0,-11,0,1538,1540,native
ae0728a3e36e9a03e211f2ae3f8a73c386bdd68e-dirty,1,1,1,1,7,202,heuristic_trajectory,17,0,1,0,4,-121,0,773,775,native
ae0728a3e36e9a03e211f2ae3f8a73c386bdd68e-dirty,1,1,1,1,7,502,random_trajectory,34,0,2,0,4,-339,0,688,690,native
ae0728a3e36e9a03e211f2ae3f8a73c386bdd68e-dirty,1,1,1,1,7,203,heuristic_trajectory,9,0,0,6,4,-89,0,413,415,native
ae0728a3e36e9a03e211f2ae3f8a73c386bdd68e-dirty,1,1,1,1,7,503,random_trajectory,17,0,1,0,10,-388,0,331,333,native
ae0728a3e36e9a03e211f2ae3f8a73c386bdd68e-dirty,1,1,1,1,7,204,heuristic_trajectory,34,0,1,6,2,-62,0,1538,1540,native
ae0728a3e36e9a03e211f2ae3f8a73c386bdd68e-dirty,1,1,1,1,7,504,random_trajectory,17,0,1,3,0,-81,0,773,775,native
ae0728a3e36e9a03e211f2ae3f8a73c386bdd68e-dirty,1,1,1,1,7,205,heuristic_trajectory,34,0,2,4,4,-119,0,1538,1540,native
ae0728a3e36e9a03e211f2ae3f8a73c386bdd68e-dirty,1,1,1,1,7,505,random_trajectory,9,0,0,8,5,-329,0,277,279,native
ae0728a3e36e9a03e211f2ae3f8a73c386bdd68e-dirty,1,1,1,1,7,206,heuristic_trajectory,34,0,2,5,0,-23,0,1538,1540,native
ae0728a3e36e9a03e211f2ae3f8a73c386bdd68e-dirty,1,1,1,1,7,506,random_trajectory,34,0,3,1,8,-366,0,688,690,native
ae0728a3e36e9a03e211f2ae3f8a73c386bdd68e-dirty,1,1,1,1,7,207,heuristic_trajectory,34,0,1,3,7,-196,0,1538,1540,native
ae0728a3e36e9a03e211f2ae3f8a73c386bdd68e-dirty,1,1,1,1,7,507,random_trajectory,34,0,3,8,10,-428,0,688,690,native
ae0728a3e36e9a03e211f2ae3f8a73c386bdd68e-dirty,1,1,1,1,7,208,heuristic_trajectory,34,0,1,0,4,-120,0,1538,1540,native
ae0728a3e36e9a03e211f2ae3f8a73c386bdd68e-dirty,1,1,1,1,7,508,random_trajectory,17,0,1,8,0,-50,0,773,775,native
ae0728a3e36e9a03e211f2ae3f8a73c386bdd68e-dirty,1,1,1,1,7,209,heuristic_trajectory,17,0,0,3,8,-181,0,773,775,native
ae0728a3e36e9a03e211f2ae3f8a73c386bdd68e-dirty,1,1,1,1,7,509,random_trajectory,34,0,1,3,0,-178,0,1538,1540,native
ae0728a3e36e9a03e211f2ae3f8a73c386bdd68e-dirty,1,1,1,1,7,210,heuristic_trajectory,17,0,1,0,5,-120,0,773,775,native
ae0728a3e36e9a03e211f2ae3f8a73c386bdd68e-dirty,1,1,1,1,7,510,random_trajectory,17,0,1,3,0,-81,0,773,775,native
ae0728a3e36e9a03e211f2ae3f8a73c386bdd68e-dirty,1,1,1,1,7,211,heuristic_trajectory,17,0,1,3,6,-155,0,773,775,native
ae0728a3e36e9a03e211f2ae3f8a73c386bdd68e-dirty,1,1,1,1,7,511,random_trajectory,34,0,3,8,10,-428,0,688,690,native
ae0728a3e36e9a03e211f2ae3f8a73c386bdd68e-dirty,1,1,1,1,7,212,heuristic_trajectory,17,0,0,5,1,-30,0,773,775,native
ae0728a3e36e9a03e211f2ae3f8a73c386bdd68e-dirty,1,1,1,1,7,512,random_trajectory,34,0,3,5,17,-278,0,1198,1200,native
ae0728a3e36e9a03e211f2ae3f8a73c386bdd68e-dirty,1,1,1,1,7,213,heuristic_trajectory,17,0,1,6,2,-114,0,773,775,native
ae0728a3e36e9a03e211f2ae3f8a73c386bdd68e-dirty,1,1,1,1,7,513,random_trajectory,34,0,1,3,0,-186,0,1538,1540,native
ae0728a3e36e9a03e211f2ae3f8a73c386bdd68e-dirty,1,1,1,1,7,214,heuristic_trajectory,17,0,1,2,4,-123,0,773,775,native
ae0728a3e36e9a03e211f2ae3f8a73c386bdd68e-dirty,1,1,1,1,7,514,random_trajectory,34,0,0,0,0,-11,0,1538,1540,native
ae0728a3e36e9a03e211f2ae3f8a73c386bdd68e-dirty,1,1,1,1,7,215,heuristic_trajectory,34,0,3,1,3,-94,0,1538,1540,native
ae0728a3e36e9a03e211f2ae3f8a73c386bdd68e-dirty,1,1,1,1,7,515,random_trajectory,34,0,1,3,0,-186,0,1538,1540,native
ae0728a3e36e9a03e211f2ae3f8a73c386bdd68e-dirty,1,1,1,1,7,216,heuristic_trajectory,17,0,1,0,2,-59,0,773,775,native
ae0728a3e36e9a03e211f2ae3f8a73c386bdd68e-dirty,1,1,1,1,7,516,random_trajectory,17,0,1,3,0,-81,0,773,775,native
ae0728a3e36e9a03e211f2ae3f8a73c386bdd68e-dirty,1,1,1,1,7,217,heuristic_trajectory,34,0,1,0,2,-92,0,1538,1540,native
ae0728a3e36e9a03e211f2ae3f8a73c386bdd68e-dirty,1,1,1,1,7,517,random_trajectory,17,0,1,3,0,-81,0,773,775,native
ae0728a3e36e9a03e211f2ae3f8a73c386bdd68e-dirty,1,1,1,1,7,218,heuristic_trajectory,17,0,0,4,3,-95,0,773,775,native
ae0728a3e36e9a03e211f2ae3f8a73c386bdd68e-dirty,1,1,1,1,7,518,random_trajectory,17,0,1,8,0,-50,0,773,775,native
ae0728a3e36e9a03e211f2ae3f8a73c386bdd68e-dirty,1,1,1,1,7,219,heuristic_trajectory,34,0,2,1,0,-21,0,1538,1540,native
ae0728a3e36e9a03e211f2ae3f8a73c386bdd68e-dirty,1,1,1,1,7,519,random_trajectory,34,0,3,4,0,-25,0,1538,1540,native
ae0728a3e36e9a03e211f2ae3f8a73c386bdd68e-dirty,1,1,1,1,7,220,heuristic_trajectory,34,0,1,1,3,-82,0,1538,1540,native
ae0728a3e36e9a03e211f2ae3f8a73c386bdd68e-dirty,1,1,1,1,7,520,random_trajectory,34,0,2,0,4,-339,0,688,690,native
ae0728a3e36e9a03e211f2ae3f8a73c386bdd68e-dirty,1,1,1,1,7,221,heuristic_trajectory,34,0,2,1,3,-89,0,1538,1540,native
ae0728a3e36e9a03e211f2ae3f8a73c386bdd68e-dirty,1,1,1,1,7,521,random_trajectory,34,0,1,8,17,-452,0,654,656,native
ae0728a3e36e9a03e211f2ae3f8a73c386bdd68e-dirty,1,1,1,1,7,222,heuristic_trajectory,17,0,0,3,3,-98,0,773,775,native
ae0728a3e36e9a03e211f2ae3f8a73c386bdd68e-dirty,1,1,1,1,7,522,random_trajectory,17,0,1,0,10,-388,0,331,333,native
ae0728a3e36e9a03e211f2ae3f8a73c386bdd68e-dirty,1,1,1,1,7,223,heuristic_trajectory,17,0,1,2,2,-58,0,773,775,native
ae0728a3e36e9a03e211f2ae3f8a73c386bdd68e-dirty,1,1,1,1,7,523,random_trajectory,34,0,1,8,0,-115,0,1538,1540,native
ae0728a3e36e9a03e211f2ae3f8a73c386bdd68e-dirty,1,1,1,1,7,224,heuristic_trajectory,34,0,2,7,4,-129,0,1538,1540,native
ae0728a3e36e9a03e211f2ae3f8a73c386bdd68e-dirty,1,1,1,1,7,524,random_trajectory,9,0,0,0,18,-470,0,175,177,native
ae0728a3e36e9a03e211f2ae3f8a73c386bdd68e-dirty,1,1,1,1,7,225,heuristic_trajectory,17,0,0,0,5,-116,0,773,775,native
ae0728a3e36e9a03e211f2ae3f8a73c386bdd68e-dirty,1,1,1,1,7,525,random_trajectory,17,0,1,3,0,-81,0,773,775,native
ae0728a3e36e9a03e211f2ae3f8a73c386bdd68e-dirty,1,1,1,1,7,226,heuristic_trajectory,34,0,0,4,2,-63,0,1538,1540,native
ae0728a3e36e9a03e211f2ae3f8a73c386bdd68e-dirty,1,1,1,1,7,526,random_trajectory,17,0,0,0,13,-418,0,331,333,native
ae0728a3e36e9a03e211f2ae3f8a73c386bdd68e-dirty,1,1,1,1,7,227,heuristic_trajectory,34,0,2,6,3,-77,0,1538,1540,native
ae0728a3e36e9a03e211f2ae3f8a73c386bdd68e-dirty,1,1,1,1,7,527,random_trajectory,34,0,1,3,0,-186,0,1538,1540,native
ae0728a3e36e9a03e211f2ae3f8a73c386bdd68e-dirty,1,1,1,1,7,228,heuristic_trajectory,34,0,1,0,0,-31,0,1538,1540,native
ae0728a3e36e9a03e211f2ae3f8a73c386bdd68e-dirty,1,1,1,1,7,528,random_trajectory,17,0,1,2,12,-438,0,399,401,native
ae0728a3e36e9a03e211f2ae3f8a73c386bdd68e-dirty,1,1,1,1,7,229,heuristic_trajectory,17,0,0,0,4,-115,0,773,775,native
ae0728a3e36e9a03e211f2ae3f8a73c386bdd68e-dirty,1,1,1,1,7,529,random_trajectory,9,0,0,5,17,-270,0,345,347,native
ae0728a3e36e9a03e211f2ae3f8a73c386bdd68e-dirty,1,1,1,1,7,230,heuristic_trajectory,17,0,0,5,3,-100,0,773,775,native
ae0728a3e36e9a03e211f2ae3f8a73c386bdd68e-dirty,1,1,1,1,7,530,random_trajectory,34,0,1,3,0,-186,0,1538,1540,native
ae0728a3e36e9a03e211f2ae3f8a73c386bdd68e-dirty,1,1,1,1,7,231,heuristic_trajectory,17,0,0,2,3,-73,0,773,775,native
ae0728a3e36e9a03e211f2ae3f8a73c386bdd68e-dirty,1,1,1,1,7,531,random_trajectory,34,0,1,8,17,-452,0,654,656,native
ae0728a3e36e9a03e211f2ae3f8a73c386bdd68e-dirty,1,1,1,1,7,232,heuristic_trajectory,9,0,0,1,5,-136,0,413,415,native
ae0728a3e36e9a03e211f2ae3f8a73c386bdd68e-dirty,1,1,1,1,7,532,random_trajectory,17,0,0,0,13,-418,0,331,333,native
ae0728a3e36e9a03e211f2ae3f8a73c386bdd68e-dirty,1,1,1,1,7,233,heuristic_trajectory,34,0,1,2,0,-43,0,1538,1540,native
ae0728a3e36e9a03e211f2ae3f8a73c386bdd68e-dirty,1,1,1,1,7,533,random_trajectory,17,0,1,8,13,-438,0,365,367,native
ae0728a3e36e9a03e211f2ae3f8a73c386bdd68e-dirty,1,1,1,1,7,234,heuristic_trajectory,17,0,0,1,1,-56,0,773,775,native
ae0728a3e36e9a03e211f2ae3f8a73c386bdd68e-dirty,1,1,1,1,7,534,random_trajectory,34,0,3,5,17,-278,0,1198,1200,native
ae0728a3e36e9a03e211f2ae3f8a73c386bdd68e-dirty,1,1,1,1,7,235,heuristic_trajectory,17,0,0,4,5,-129,0,773,775,native
ae0728a3e36e9a03e211f2ae3f8a73c386bdd68e-dirty,1,1,1,1,7,535,random_trajectory,17,0,1,0,2,-262,0,603,605,native
ae0728a3e36e9a03e211f2ae3f8a73c386bdd68e-dirty,1,1,1,1,7,236,heuristic_trajectory,17,0,1,4,1,-67,0,773,775,native
ae0728a3e36e9a03e211f2ae3f8a73c386bdd68e-dirty,1,1,1,1,7,536,random_trajectory,17,0,1,0,4,-351,0,399,401,native
ae0728a3e36e9a03e211f2ae3f8a73c386bdd68e-dirty,1,1,1,1,7,237,heuristic_trajectory,17,0,1,0,1,-47,0,773,775,native
ae0728a3e36e9a03e211f2ae3f8a73c386bdd68e-dirty,1,1,1,1,7,537,random_trajectory,17,0,1,3,0,-81,0,773,775,native
ae0728a3e36e9a03e211f2ae3f8a73c386bdd68e-dirty,1,1,1,1,7,238,heuristic_trajectory,34,0,3,7,0,-49,0,1538,1540,native
ae0728a3e36e9a03e211f2ae3f8a73c386bdd68e-dirty,1,1,1,1,7,538,random_trajectory,17,0,1,0,4,-351,0,399,401,native
ae0728a3e36e9a03e211f2ae3f8a73c386bdd68e-dirty,1,1,1,1,7,239,heuristic_trajectory,34,0,3,7,2,-50,0,1538,1540,native
ae0728a3e36e9a03e211f2ae3f8a73c386bdd68e-dirty,1,1,1,1,7,539,random_trajectory,34,0,0,0,0,-11,0,1538,1540,native
ae0728a3e36e9a03e211f2ae3f8a73c386bdd68e-dirty,1,1,1,1,7,240,heuristic_trajectory,17,0,1,6,2,-114,0,773,775,native
ae0728a3e36e9a03e211f2ae3f8a73c386bdd68e-dirty,1,1,1,1,7,540,random_trajectory,34,0,2,0,4,-339,0,688,690,native
ae0728a3e36e9a03e211f2ae3f8a73c386bdd68e-dirty,1,1,1,1,7,241,heuristic_trajectory,34,0,1,4,5,-118,0,1538,1540,native
ae0728a3e36e9a03e211f2ae3f8a73c386bdd68e-dirty,1,1,1,1,7,541,random_trajectory,34,0,0,0,0,0,1,382,384,native
ae0728a3e36e9a03e211f2ae3f8a73c386bdd68e-dirty,1,1,1,1,7,242,heuristic_trajectory,34,0,2,1,4,-115,0,1538,1540,native
ae0728a3e36e9a03e211f2ae3f8a73c386bdd68e-dirty,1,1,1,1,7,542,random_trajectory,9,0,0,0,18,-470,0,175,177,native
ae0728a3e36e9a03e211f2ae3f8a73c386bdd68e-dirty,1,1,1,1,7,243,heuristic_trajectory,17,0,0,4,6,-144,0,773,775,native
ae0728a3e36e9a03e211f2ae3f8a73c386bdd68e-dirty,1,1,1,1,7,543,random_trajectory,17,0,1,3,0,-81,0,773,775,native
ae0728a3e36e9a03e211f2ae3f8a73c386bdd68e-dirty,1,1,1,1,7,244,heuristic_trajectory,34,0,3,8,7,-193,0,1538,1540,native
ae0728a3e36e9a03e211f2ae3f8a73c386bdd68e-dirty,1,1,1,1,7,544,random_trajectory,34,0,1,8,17,-452,0,654,656,native
ae0728a3e36e9a03e211f2ae3f8a73c386bdd68e-dirty,1,1,1,1,7,245,heuristic_trajectory,34,0,3,0,2,-62,0,1538,1540,native
ae0728a3e36e9a03e211f2ae3f8a73c386bdd68e-dirty,1,1,1,1,7,545,random_trajectory,17,0,1,0,10,-388,0,331,333,native
ae0728a3e36e9a03e211f2ae3f8a73c386bdd68e-dirty,1,1,1,1,7,246,heuristic_trajectory,34,0,0,4,6,-161,0,1538,1540,native
ae0728a3e36e9a03e211f2ae3f8a73c386bdd68e-dirty,1,1,1,1,7,546,random_trajectory,34,0,2,0,4,-339,0,688,690,native
ae0728a3e36e9a03e211f2ae3f8a73c386bdd68e-dirty,1,1,1,1,7,247,heuristic_trajectory,17,0,1,0,5,-148,0,773,775,native
ae0728a3e36e9a03e211f2ae3f8a73c386bdd68e-dirty,1,1,1,1,7,547,random_trajectory,17,0,1,0,2,-262,0,603,605,native
ae0728a3e36e9a03e211f2ae3f8a73c386bdd68e-dirty,1,1,1,1,7,248,heuristic_trajectory,34,0,2,0,3,-85,0,1538,1540,native
ae0728a3e36e9a03e211f2ae3f8a73c386bdd68e-dirty,1,1,1,1,7,548,random_trajectory,17,0,1,0,4,-351,0,399,401,native
ae0728a3e36e9a03e211f2ae3f8a73c386bdd68e-dirty,1,1,1,1,7,249,heuristic_trajectory,34,0,0,7,2,-51,0,1538,1540,native
ae0728a3e36e9a03e211f2ae3f8a73c386bdd68e-dirty,1,1,1,1,7,549,random_trajectory,17,0,1,0,4,-351,0,399,401,native
ae0728a3e36e9a03e211f2ae3f8a73c386bdd68e-dirty,1,1,1,1,7,250,heuristic_trajectory,17,0,1,4,2,-84,0,773,775,native
ae0728a3e36e9a03e211f2ae3f8a73c386bdd68e-dirty,1,1,1,1,7,550,random_trajectory,34,0,2,0,18,-442,0,994,996,native
ae0728a3e36e9a03e211f2ae3f8a73c386bdd68e-dirty,1,1,1,1,7,251,heuristic_trajectory,17,0,1,5,0,-64,0,773,775,native
ae0728a3e36e9a03e211f2ae3f8a73c386bdd68e-dirty,1,1,1,1,7,551,random_trajectory,34,0,2,4,17,-468,0,688,690,native
ae0728a3e36e9a03e211f2ae3f8a73c386bdd68e-dirty,1,1,1,1,7,252,heuristic_trajectory,34,0,1,5,3,-81,0,1538,1540,native
ae0728a3e36e9a03e211f2ae3f8a73c386bdd68e-dirty,1,1,1,1,7,552,random_trajectory,34,0,2,1,18,-487,0,416,418,native
ae0728a3e36e9a03e211f2ae3f8a73c386bdd68e-dirty,1,1,1,1,7,253,heuristic_trajectory,34,0,2,5,1,-65,0,1538,1540,native
ae0728a3e36e9a03e211f2ae3f8a73c386bdd68e-dirty,1,1,1,1,7,553,random_trajectory,9,0,0,0,4,-200,0,413,415,native
ae0728a3e36e9a03e211f2ae3f8a73c386bdd68e-dirty,1,1,1,1,7,254,heuristic_trajectory,34,0,1,2,2,-68,0,1538,1540,native
ae0728a3e36e9a03e211f2ae3f8a73c386bdd68e-dirty,1,1,1,1,7,554,random_trajectory,9,0,0,0,0,-10,0,413,415,native
ae0728a3e36e9a03e211f2ae3f8a73c386bdd68e-dirty,1,1,1,1,7,255,heuristic_trajectory,17,0,1,0,2,-65,0,773,775,native
ae0728a3e36e9a03e211f2ae3f8a73c386bdd68e-dirty,1,1,1,1,7,555,random_trajectory,17,0,1,0,3,-150,0,773,775,native
ae0728a3e36e9a03e211f2ae3f8a73c386bdd68e-dirty,1,1,1,1,7,256,heuristic_trajectory,17,0,0,6,2,-48,0,773,775,native
ae0728a3e36e9a03e211f2ae3f8a73c386bdd68e-dirty,1,1,1,1,7,556,random_trajectory,17,0,1,8,10,-408,0,637,639,native
ae0728a3e36e9a03e211f2ae3f8a73c386bdd68e-dirty,1,1,1,1,7,257,heuristic_trajectory,34,0,1,2,2,-68,0,1538,1540,native
ae0728a3e36e9a03e211f2ae3f8a73c386bdd68e-dirty,1,1,1,1,7,557,random_trajectory,17,0,1,8,9,-284,0,773,775,native
ae0728a3e36e9a03e211f2ae3f8a73c386bdd68e-dirty,1,1,1,1,7,258,heuristic_trajectory,17,0,1,2,2,-84,0,773,775,native
ae0728a3e36e9a03e211f2ae3f8a73c386bdd68e-dirty,1,1,1,1,7,558,random_trajectory,17,0,1,8,10,-408,0,637,639,native
ae0728a3e36e9a03e211f2ae3f8a73c386bdd68e-dirty,1,1,1,1,7,259,heuristic_trajectory,9,0,0,5,2,-83,0,413,415,native
ae0728a3e36e9a03e211f2ae3f8a73c386bdd68e-dirty,1,1,1,1,7,559,random_trajectory,34,0,2,1,18,-487,0,416,418,native
ae0728a3e36e9a03e211f2ae3f8a73c386bdd68e-dirty,1,1,1,1,7,260,heuristic_trajectory,34,0,3,7,1,-57,0,1538,1540,native
ae0728a3e36e9a03e211f2ae3f8a73c386bdd68e-dirty,1,1,1,1,7,560,random_trajectory,17,0,1,2,0,-83,0,773,775,native
ae0728a3e36e9a03e211f2ae3f8a73c386bdd68e-dirty,1,1,1,1,7,261,heuristic_trajectory,17,0,0,4,4,-104,0,773,775,native
ae0728a3e36e9a03e211f2ae3f8a73c386bdd68e-dirty,1,1,1,1,7,561,random_trajectory,34,0,3,8,9,-331,0,1538,1540,native
ae0728a3e36e9a03e211f2ae3f8a73c386bdd68e-dirty,1,1,1,1,7,262,heuristic_trajectory,17,0,1,9,0,-66,0,773,775,native
ae0728a3e36e9a03e211f2ae3f8a73c386bdd68e-dirty,1,1,1,1,7,562,random_trajectory,34,0,3,3,5,-177,0,1538,1540,native
ae0728a3e36e9a03e211f2ae3f8a73c386bdd68e-dirty,1,1,1,1,7,263,heuristic_trajectory,34,0,3,4,3,-82,0,1538,1540,native
ae0728a3e36e9a03e211f2ae3f8a73c386bdd68e-dirty,1,1,1,1,7,563,random_trajectory,9,0,0,0,4,-200,0,413,415,native
ae0728a3e36e9a03e211f2ae3f8a73c386bdd68e-dirty,1,1,1,1,7,264,heuristic_trajectory,34,0,0,3,0,-20,0,1538,1540,native
ae0728a3e36e9a03e211f2ae3f8a73c386bdd68e-dirty,1,1,1,1,7,564,random_trajectory,9,0,0,0,4,-200,0,413,415,native
ae0728a3e36e9a03e211f2ae3f8a73c386bdd68e-dirty,1,1,1,1,7,265,heuristic_trajectory,9,0,0,4,0,-29,0,413,415,native
ae0728a3e36e9a03e211f2ae3f8a73c386bdd68e-dirty,1,1,1,1,7,565,random_trajectory,9,0,0,8,10,-348,0,413,415,native
ae0728a3e36e9a03e211f2ae3f8a73c386bdd68e-dirty,1,1,1,1,7,266,heuristic_trajectory,17,0,1,5,3,-103,0,773,775,native
ae0728a3e36e9a03e211f2ae3f8a73c386bdd68e-dirty,1,1,1,1,7,566,random_trajectory,17,0,1,8,9,-284,0,773,775,native
ae0728a3e36e9a03e211f2ae3f8a73c386bdd68e-dirty,1,1,1,1,7,267,heuristic_trajectory,34,0,1,0,0,-31,0,1538,1540,native
ae0728a3e36e9a03e211f2ae3f8a73c386bdd68e-dirty,1,1,1,1,7,567,random_trajectory,17,0,1,5,7,-429,0,535,537,native
ae0728a3e36e9a03e211f2ae3f8a73c386bdd68e-dirty,1,1,1,1,7,268,heuristic_trajectory,17,0,0,5,2,-57,0,773,775,native
ae0728a3e36e9a03e211f2ae3f8a73c386bdd68e-dirty,1,1,1,1,7,568,random_trajectory,34,0,2,4,17,-468,0,688,690,native
ae0728a3e36e9a03e211f2ae3f8a73c386bdd68e-dirty,1,1,1,1,7,269,heuristic_trajectory,34,0,2,0,2,-69,0,1538,1540,native
ae0728a3e36e9a03e211f2ae3f8a73c386bdd68e-dirty,1,1,1,1,7,569,random_trajectory,17,0,1,6,0,-262,0,773,775,native
ae0728a3e36e9a03e211f2ae3f8a73c386bdd68e-dirty,1,1,1,1,7,270,heuristic_trajectory,17,0,1,4,1,-67,0,773,775,native
ae0728a3e36e9a03e211f2ae3f8a73c386bdd68e-dirty,1,1,1,1,7,570,random_trajectory,34,0,3,8,9,-331,0,1538,1540,native
ae0728a3e36e9a03e211f2ae3f8a73c386bdd68e-dirty,1,1,1,1,7,271,heuristic_trajectory,17,0,1,2,3,-76,0,773,775,native
ae0728a3e36e9a03e211f2ae3f8a73c386bdd68e-dirty,1,1,1,1,7,571,random_trajectory,17,0,1,2,0,-83,0,773,775,native
ae0728a3e36e9a03e211f2ae3f8a73c386bdd68e-dirty,1,1,1,1,7,272,heuristic_trajectory,34,0,3,8,2,-54,0,1538,1540,native
ae0728a3e36e9a03e211f2ae3f8a73c386bdd68e-dirty,1,1,1,1,7,572,random_trajectory,34,0,2,1,18,-487,0,416,418,native
ae0728a3e36e9a03e211f2ae3f8a73c386bdd68e-dirty,1,1,1,1,7,273,heuristic_trajectory,17,0,0,4,1,-68,0,773,775,native
ae0728a3e36e9a03e211f2ae3f8a73c386bdd68e-dirty,1,1,1,1,7,573,random_trajectory,34,0,3,8,9,-389,0,1300,1302,native
ae0728a3e36e9a03e211f2ae3f8a73c386bdd68e-dirty,1,1,1,1,7,274,heuristic_trajectory,9,0,0,0,4,-78,0,413,415,native
ae0728a3e36e9a03e211f2ae3f8a73c386bdd68e-dirty,1,1,1,1,7,574,random_trajectory,17,0,1,8,9,-284,0,773,775,native
ae0728a3e36e9a03e211f2ae3f8a73c386bdd68e-dirty,1,1,1,1,7,275,heuristic_trajectory,34,0,2,0,3,-85,0,1538,1540,native
ae0728a3e36e9a03e211f2ae3f8a73c386bdd68e-dirty,1,1,1,1,7,575,random_trajectory,9,0,0,8,10,-348,0,413,415,native
ae0728a3e36e9a03e211f2ae3f8a73c386bdd68e-dirty,1,1,1,1,7,276,heuristic_trajectory,17,0,0,7,4,-109,0,773,775,native
ae0728a3e36e9a03e211f2ae3f8a73c386bdd68e-dirty,1,1,1,1,7,576,random_trajectory,34,0,2,0,18,-442,0,994,996,native
ae0728a3e36e9a03e211f2ae3f8a73c386bdd68e-dirty,1,1,1,1,7,277,heuristic_trajectory,34,0,1,1,3,-86,0,1538,1540,native
ae0728a3e36e9a03e211f2ae3f8a73c386bdd68e-dirty,1,1,1,1,7,577,random_trajectory,17,0,1,2,0,-83,0,773,775,native
ae0728a3e36e9a03e211f2ae3f8a73c386bdd68e-dirty,1,1,1,1,7,278,heuristic_trajectory,17,0,1,3,1,-38,0,773,775,native
ae0728a3e36e9a03e211f2ae3f8a73c386bdd68e-dirty,1,1,1,1,7,578,random_trajectory,17,0,1,2,0,-83,0,773,775,native
ae0728a3e36e9a03e211f2ae3f8a73c386bdd68e-dirty,1,1,1,1,7,279,heuristic_trajectory,34,0,1,6,2,-62,0,1538,1540,native
ae0728a3e36e9a03e211f2ae3f8a73c386bdd68e-dirty,1,1,1,1,7,579,random_trajectory,34,0,3,3,5,-177,0,1538,1540,native
ae0728a3e36e9a03e211f2ae3f8a73c386bdd68e-dirty,1,1,1,1,7,280,heuristic_trajectory,17,0,1,2,2,-98,0,773,775,native
ae0728a3e36e9a03e211f2ae3f8a73c386bdd68e-dirty,1,1,1,1,7,580,random_trajectory,17,0,1,0,3,-150,0,773,775,native
ae0728a3e36e9a03e211f2ae3f8a73c386bdd68e-dirty,1,1,1,1,7,281,heuristic_trajectory,17,0,0,2,4,-109,0,773,775,native
ae0728a3e36e9a03e211f2ae3f8a73c386bdd68e-dirty,1,1,1,1,7,581,random_trajectory,34,0,3,8,9,-331,0,1538,1540,native
ae0728a3e36e9a03e211f2ae3f8a73c386bdd68e-dirty,1,1,1,1,7,282,heuristic_trajectory,34,0,1,0,2,-74,0,1538,1540,native
ae0728a3e36e9a03e211f2ae3f8a73c386bdd68e-dirty,1,1,1,1,7,582,random_trajectory,17,0,1,8,10,-408,0,637,639,native
ae0728a3e36e9a03e211f2ae3f8a73c386bdd68e-dirty,1,1,1,1,7,283,heuristic_trajectory,9,0,0,2,5,-106,0,413,415,native
ae0728a3e36e9a03e211f2ae3f8a73c386bdd68e-dirty,1,1,1,1,7,583,random_trajectory,34,0,1,4,5,-227,0,1538,1540,native
ae0728a3e36e9a03e211f2ae3f8a73c386bdd68e-dirty,1,1,1,1,7,284,heuristic_trajectory,34,0,2,0,3,-85,0,1538,1540,native
ae0728a3e36e9a03e211f2ae3f8a73c386bdd68e-dirty,1,1,1,1,7,584,random_trajectory,34,0,3,8,0,-32,0,1538,1540,native
ae0728a3e36e9a03e211f2ae3f8a73c386bdd68e-dirty,1,1,1,1,7,285,heuristic_trajectory,9,0,0,6,4,-89,0,413,415,native
ae0728a3e36e9a03e211f2ae3f8a73c386bdd68e-dirty,1,1,1,1,7,585,random_trajectory,34,0,3,8,0,-32,0,1538,1540,native
ae0728a3e36e9a03e211f2ae3f8a73c386bdd68e-dirty,1,1,1,1,7,286,heuristic_trajectory,17,0,1,0,4,-127,0,773,775,native
ae0728a3e36e9a03e211f2ae3f8a73c386bdd68e-dirty,1,1,1,1,7,586,random_trajectory,34,0,3,8,0,-32,0,1538,1540,native
ae0728a3e36e9a03e211f2ae3f8a73c386bdd68e-dirty,1,1,1,1,7,287,heuristic_trajectory,34,0,3,2,0,-41,0,1538,1540,native
ae0728a3e36e9a03e211f2ae3f8a73c386bdd68e-dirty,1,1,1,1,7,587,random_trajectory,17,0,1,6,0,-51,0,773,775,native
ae0728a3e36e9a03e211f2ae3f8a73c386bdd68e-dirty,1,1,1,1,7,288,heuristic_trajectory,17,0,0,0,5,-116,0,773,775,native
ae0728a3e36e9a03e211f2ae3f8a73c386bdd68e-dirty,1,1,1,1,7,588,random_trajectory,17,0,1,6,0,-262,0,773,775,native
ae0728a3e36e9a03e211f2ae3f8a73c386bdd68e-dirty,1,1,1,1,7,289,heuristic_trajectory,34,0,3,2,0,-41,0,1538,1540,native
ae0728a3e36e9a03e211f2ae3f8a73c386bdd68e-dirty,1,1,1,1,7,589,random_trajectory,17,0,1,6,0,-262,0,773,775,native
ae0728a3e36e9a03e211f2ae3f8a73c386bdd68e-dirty,1,1,1,1,7,290,heuristic_trajectory,9,0,0,7,4,-91,0,413,415,native
ae0728a3e36e9a03e211f2ae3f8a73c386bdd68e-dirty,1,1,1,1,7,590,random_trajectory,34,0,1,4,5,-227,0,1538,1540,native
ae0728a3e36e9a03e211f2ae3f8a73c386bdd68e-dirty,1,1,1,1,7,291,heuristic_trajectory,9,0,0,1,4,-109,0,413,415,native
ae0728a3e36e9a03e211f2ae3f8a73c386bdd68e-dirty,1,1,1,1,7,591,random_trajectory,17,0,1,6,0,-51,0,773,775,native
ae0728a3e36e9a03e211f2ae3f8a73c386bdd68e-dirty,1,1,1,1,7,292,heuristic_trajectory,17,0,1,6,5,-131,0,773,775,native
ae0728a3e36e9a03e211f2ae3f8a73c386bdd68e-dirty,1,1,1,1,7,592,random_trajectory,9,0,0,0,4,-200,0,413,415,native
ae0728a3e36e9a03e211f2ae3f8a73c386bdd68e-dirty,1,1,1,1,7,293,heuristic_trajectory,17,0,1,6,6,-150,0,773,775,native
ae0728a3e36e9a03e211f2ae3f8a73c386bdd68e-dirty,1,1,1,1,7,593,random_trajectory,9,0,0,0,0,-10,0,413,415,native
ae0728a3e36e9a03e211f2ae3f8a73c386bdd68e-dirty,1,1,1,1,7,294,heuristic_trajectory,34,0,2,1,0,-21,0,1538,1540,native
ae0728a3e36e9a03e211f2ae3f8a73c386bdd68e-dirty,1,1,1,1,7,594,random_trajectory,17,0,1,5,7,-429,0,535,537,native
ae0728a3e36e9a03e211f2ae3f8a73c386bdd68e-dirty,1,1,1,1,7,295,heuristic_trajectory,17,0,1,0,2,-65,0,773,775,native
ae0728a3e36e9a03e211f2ae3f8a73c386bdd68e-dirty,1,1,1,1,7,595,random_trajectory,17,0,1,6,0,-51,0,773,775,native
ae0728a3e36e9a03e211f2ae3f8a73c386bdd68e-dirty,1,1,1,1,7,296,heuristic_trajectory,34,0,3,0,3,-105,0,1538,1540,native
ae0728a3e36e9a03e211f2ae3f8a73c386bdd68e-dirty,1,1,1,1,7,596,random_trajectory,17,0,1,2,0,-83,0,773,775,native
ae0728a3e36e9a03e211f2ae3f8a73c386bdd68e-dirty,1,1,1,1,7,297,heuristic_trajectory,34,0,3,0,3,-105,0,1538,1540,native
ae0728a3e36e9a03e211f2ae3f8a73c386bdd68e-dirty,1,1,1,1,7,597,random_trajectory,34,0,2,1,18,-487,0,416,418,native
ae0728a3e36e9a03e211f2ae3f8a73c386bdd68e-dirty,1,1,1,1,7,298,heuristic_trajectory,9,0,0,1,1,-41,0,413,415,native
ae0728a3e36e9a03e211f2ae3f8a73c386bdd68e-dirty,1,1,1,1,7,598,random_trajectory,17,0,1,2,0,-83,0,773,775,native
ae0728a3e36e9a03e211f2ae3f8a73c386bdd68e-dirty,1,1,1,1,7,299,heuristic_trajectory,17,0,0,6,3,-73,0,773,775,native
ae0728a3e36e9a03e211f2ae3f8a73c386bdd68e-dirty,1,1,1,1,7,599,random_trajectory,17,0,0,0,0,0,1,195,197,native
