commit,arch,board_repr,lanes,depth,precision,state_id,category,root_candidates,leaf_candidates,rotation,x,y,score,no_move,core_cycles,request_interval_cycles,driver
ae0728a3e36e9a03e211f2ae3f8a73c386bdd68e-dirty,1,1,1,1,6,802,blocked_spawn,17,0,1,6,0,-884,0,603,605,native
ae0728a3e36e9a03e211f2ae3f8a73c386bdd68e-dirty,1,1,1,1,6,801,equal_scores,34,0,1,4,2,-238,0,1538,1540,native
ae0728a3e36e9a03e211f2ae3f8a73c386bdd68e-dirty,1,1,1,1,6,0,heuristic_trajectory,17,0,0,5,2,-178,0,773,775,native
ae0728a3e36e9a03e211f2ae3f8a73c386bdd68e-dirty,1,1,1,1,6,600,high_stack_holes,34,0,1,4,16,-963,0,858,860,native
ae0728a3e36e9a03e211f2ae3f8a73c386bdd68e-dirty,1,1,1,1,6,800,last_candidate_winner,17,0,1,9,1,-461,0,773,775,native
ae0728a3e36e9a03e211f2ae3f8a73c386bdd68e-dirty,1,1,1,1,6,839,no_move,34,0,0,0,0,0,1,382,384,native
ae0728a3e36e9a03e211f2ae3f8a73c386bdd68e-dirty,1,1,1,1,6,300,random_trajectory,34,0,2,7,5,-578,0,1538,1540,native
ae0728a3e36e9a03e211f2ae3f8a73c386bdd68e-dirty,1,1,1,1,6,845,walls,34,0,0,1,0,-88,0,1538,1540,native
ae0728a3e36e9a03e211f2ae3f8a73c386bdd68e-dirty,1,1,1,1,6,817,wells,9,0,0,0,6,-318,0,413,415,native
ae0728a3e36e9a03e211f2ae3f8a73c386bdd68e-dirty,1,1,1,1,6,806,blocked_spawn,34,0,1,8,0,-978,0,824,826,native
ae0728a3e36e9a03e211f2ae3f8a73c386bdd68e-dirty,1,1,1,1,6,805,equal_scores,17,0,0,1,0,-90,0,773,775,native
ae0728a3e36e9a03e211f2ae3f8a73c386bdd68e-dirty,1,1,1,1,6,1,heuristic_trajectory,17,0,1,0,3,-211,0,773,775,native
ae0728a3e36e9a03e211f2ae3f8a73c386bdd68e-dirty,1,1,1,1,6,601,high_stack_holes,34,0,3,0,16,-1125,0,790,792,native
ae0728a3e36e9a03e211f2ae3f8a73c386bdd68e-dirty,1,1,1,1,6,803,last_candidate_winner,9,0,0,8,8,-496,0,413,415,native
ae0728a3e36e9a03e211f2ae3f8a73c386bdd68e-dirty,1,1,1,1,6,882,no_move,17,0,0,0,0,0,1,195,197,native
ae0728a3e36e9a03e211f2ae3f8a73c386bdd68e-dirty,1,1,1,1,6,301,random_trajectory,34,0,1,7,4,-480,0,1538,1540,native
ae0728a3e36e9a03e211f2ae3f8a73c386bdd68e-dirty,1,1,1,1,6,851,walls,34,0,0,6,0,-88,0,1538,1540,native
ae0728a3e36e9a03e211f2ae3f8a73c386bdd68e-dirty,1,1,1,1,6,827,wells,17,0,1,3,5,-308,0,773,775,native
ae0728a3e36e9a03e211f2ae3f8a73c386bdd68e-dirty,1,1,1,1,6,808,blocked_spawn,17,0,1,1,0,-979,0,501,503,native
ae0728a3e36e9a03e211f2ae3f8a73c386bdd68e-dirty,1,1,1,1,6,809,equal_scores,9,0,0,2,2,-140,0,413,415,native
ae0728a3e36e9a03e211f2ae3f8a73c386bdd68e-dirty,1,1,1,1,6,2,heuristic_trajectory,17,0,0,5,2,-149,0,773,775,native
ae0728a3e36e9a03e211f2ae3f8a73c386bdd68e-dirty,1,1,1,1,6,602,high_stack_holes,34,0,3,3,12,-912,0,1538,1540,native
ae0728a3e36e9a03e211f2ae3f8a73c386bdd68e-dirty,1,1,1,1,6,804,last_candidate_winner,17,0,1,8,2,-288,0,773,775,native
ae0728a3e36e9a03e211f2ae3f8a73c386bdd68e-dirty,1,1,1,1,6,888,no_move,34,0,0,0,0,0,1,382,384,native
ae0728a3e36e9a03e211f2ae3f8a73c386bdd68e-dirty,1,1,1,1,6,302,random_trajectory,34,0,1,7,4,-480,0,1538,1540,native
ae0728a3e36e9a03e211f2ae3f8a73c386bdd68e-dirty,1,1,1,1,6,898,walls,9,0,0,6,0,-84,0,413,415,native
ae0728a3e36e9a03e211f2ae3f8a73c386bdd68e-dirty,1,1,1,1,6,832,wells,17,0,1,2,5,-281,0,773,775,native
ae0728a3e36e9a03e211f2ae3f8a73c386bdd68e-dirty,1,1,1,1,6,811,blocked_spawn,17,0,1,8,0,-559,0,671,673,native
ae0728a3e36e9a03e211f2ae3f8a73c386bdd68e-dirty,1,1,1,1,6,821,equal_scores,34,0,2,1,3,-272,0,1538,1540,native
ae0728a3e36e9a03e211f2ae3f8a73c386bdd68e-dirty,1,1,1,1,6,3,heuristic_trajectory,34,0,1,6,0,-89,0,1538,1540,native
ae0728a3e36e9a03e211f2ae3f8a73c386bdd68e-dirty,1,1,1,1,6,603,high_stack_holes,34,0,1,6,14,-917,0,1232,1234,native
ae0728a3e36e9a03e211f2ae3f8a73c386bdd68e-dirty,1,1,1,1,6,807,last_candidate_winner,17,0,1,8,2,-183,0,773,775,native
ae0728a3e36e9a03e211f2ae3f8a73c386bdd68e-dirty,1,1,1,1,6,942,no_move,17,0,0,0,0,0,1,195,197,native
ae0728a3e36e9a03e211f2ae3f8a73c386bdd68e-dirty,1,1,1,1,6,303,random_trajectory,17,0,1,0,8,-1118,0,263,265,native
ae0728a3e36e9a03e211f2ae3f8a73c386bdd68e-dirty,1,1,1,1,6,911,walls,17,0,0,0,0,-96,0,773,775,native
ae0728a3e36e9a03e211f2ae3f8a73c386bdd68e-dirty,1,1,1,1,6,846,wells,9,0,0,0,6,-312,0,413,415,native
ae0728a3e36e9a03e211f2ae3f8a73c386bdd68e-dirty,1,1,1,1,6,813,blocked_spawn,17,0,0,0,0,-845,0,399,401,native
ae0728a3e36e9a03e211f2ae3f8a73c386bdd68e-dirty,1,1,1,1,6,822,equal_scores,34,0,0,1,3,-192,0,1538,1540,native
ae0728a3e36e9a03e211f2ae3f8a73c386bdd68e-dirty,1,1,1,1,6,4,heuristic_trajectory,34,0,3,3,4,-304,0,1538,1540,native
ae0728a3e36e9a03e211f2ae3f8a73c386bdd68e-dirty,1,1,1,1,6,604,high_stack_holes,34,0,3,3,16,-1239,0,586,588,native
ae0728a3e36e9a03e211f2ae3f8a73c386bdd68e-dirty,1,1,1,1,6,810,last_candidate_winner,17,0,1,8,1,-170,0,773,775,native
ae0728a3e36e9a03e211f2ae3f8a73c386bdd68e-dirty,1,1,1,1,6,969,no_move,9,0,0,0,0,0,1,107,109,native
ae0728a3e36e9a03e211f2ae3f8a73c386bdd68e-dirty,1,1,1,1,6,304,random_trajectory,17,0,1,7,4,-448,0,773,775,native
ae0728a3e36e9a03e211f2ae3f8a73c386bdd68e-dirty,1,1,1,1,6,914,walls,17,0,0,1,0,-92,0,773,775,native
ae0728a3e36e9a03e211f2ae3f8a73c386bdd68e-dirty,1,1,1,1,6,848,wells,17,0,1,3,5,-308,0,773,775,native
ae0728a3e36e9a03e211f2ae3f8a73c386bdd68e-dirty,1,1,1,1,6,814,blocked_spawn,17,0,1,4,0,-799,0,331,333,native
ae0728a3e36e9a03e211f2ae3f8a73c386bdd68e-dirty,1,1,1,1,6,830,equal_scores,17,0,1,5,2,-190,0,773,775,native
ae0728a3e36e9a03e211f2ae3f8a73c386bdd68e-dirty,1,1,1,1,6,5,heuristic_trajectory,9,0,0,6,2,-186,0,413,415,native
ae0728a3e36e9a03e211f2ae3f8a73c386bdd68e-dirty,1,1,1,1,6,605,high_stack_holes,34,0,3,6,3,-231,0,1538,1540,native
ae0728a3e36e9a03e211f2ae3f8a73c386bdd68e-dirty,1,1,1,1,6,812,last_candidate_winner,17,0,1,9,2,-190,0,773,775,native
ae0728a3e36e9a03e211f2ae3f8a73c386bdd68e-dirty,1,1,1,1,6,976,no_move,17,0,0,0,0,0,1,195,197,native
ae0728a3e36e9a03e211f2ae3f8a73c386bdd68e-dirty,1,1,1,1,6,305,random_trajectory,17,0,1,4,15,-736,0,773,775,native
ae0728a3e36e9a03e211f2ae3f8a73c386bdd68e-dirty,1,1,1,1,6,922,walls,34,0,0,0,0,-88,0,1538,1540,native
ae0728a3e36e9a03e211f2ae3f8a73c386bdd68e-dirty,1,1,1,1,6,858,wells,34,0,3,6,4,-274,0,1538,1540,native
ae0728a3e36e9a03e211f2ae3f8a73c386bdd68e-dirty,1,1,1,1,6,815,blocked_spawn,34,0,1,3,0,-1069,0,552,554,native
ae0728a3e36e9a03e211f2ae3f8a73c386bdd68e-dirty,1,1,1,1,6,831,equal_scores,17,0,0,4,1,-106,0,773,775,native
ae0728a3e36e9a03e211f2ae3f8a73c386bdd68e-dirty,1,1,1,1,6,6,heuristic_trajectory,17,0,1,0,4,-245,0,773,775,native
ae0728a3e36e9a03e211f2ae3f8a73c386bdd68e-dirty,1,1,1,1,6,606,high_stack_holes,17,0,1,2,15,-989,0,603,605,native
ae0728a3e36e9a03e211f2ae3f8a73c386bdd68e-dirty,1,1,1,1,6,816,last_candidate_winner,34,0,3,8,2,-147,0,1538,1540,native
ae0728a3e36e9a03e211f2ae3f8a73c386bdd68e-dirty,1,1,1,1,6,986,no_move,9,0,0,0,0,0,1,107,109,native
ae0728a3e36e9a03e211f2ae3f8a73c386bdd68e-dirty,1,1,1,1,6,306,random_trajectory,9,0,0,0,0,-130,0,413,415,native
ae0728a3e36e9a03e211f2ae3f8a73c386bdd68e-dirty,1,1,1,1,6,941,walls,17,0,0,6,0,-96,0,773,775,native
ae0728a3e36e9a03e211f2ae3f8a73c386bdd68e-dirty,1,1,1,1,6,867,wells,34,0,2,6,5,-277,0,1538,1540,native
ae0728a3e36e9a03e211f2ae3f8a73c386bdd68e-dirty,1,1,1,1,6,818,blocked_spawn,9,0,0,5,0,-935,0,209,211,native
ae0728a3e36e9a03e211f2ae3f8a73c386bdd68e-dirty,1,1,1,1,6,836,equal_scores,34,0,1,7,2,-198,0,1538,1540,native
ae0728a3e36e9a03e211f2ae3f8a73c386bdd68e-dirty,1,1,1,1,6,7,heuristic_trajectory,9,0,0,4,2,-162,0,413,415,native
ae0728a3e36e9a03e211f2ae3f8a73c386bdd68e-dirty,1,1,1,1,6,607,high_stack_holes,34,0,1,7,16,-1147,0,1334,1336,native
ae0728a3e36e9a03e211f2ae3f8a73c386bdd68e-dirty,1,1,1,1,6,819,last_candidate_winner,17,0,1,9,0,-140,0,773,775,native
ae0728a3e36e9a03e211f2ae3f8a73c386bdd68e-dirty,1,1,1,1,6,307,random_trajectory,17,0,1,0,17,-1206,0,263,265,native
ae0728a3e36e9a03e211f2ae3f8a73c386bdd68e-dirty,1,1,1,1,6,961,walls,17,0,0,6,0,-92,0,773,775,native
ae0728a3e36e9a03e211f2ae3f8a73c386bdd68e-dirty,1,1,1,1,6,868,wells,9,0,0,0,6,-320,0,413,415,native
ae0728a3e36e9a03e211f2ae3f8a73c386bdd68e-dirty,1,1,1,1,6,820,blocked_spawn,34,0,0,1,0,-693,0,1096,1098,native
ae0728a3e36e9a03e211f2ae3f8a73c386bdd68e-dirty,1,1,1,1,6,837,equal_scores,9,0,0,0,1,-120,0,413,415,native
ae0728a3e36e9a03e211f2ae3f8a73c386bdd68e-dirty,1,1,1,1,6,8,heuristic_trajectory,17,0,0,2,7,-306,0,773,775,native
ae0728a3e36e9a03e211f2ae3f8a73c386bdd68e-dirty,1,1,1,1,6,608,high_stack_holes,17,0,0,6,16,-910,0,773,775,native
ae0728a3e36e9a03e211f2ae3f8a73c386bdd68e-dirty,1,1,1,1,6,824,last_candidate_winner,17,0,1,8,0,-124,0,773,775,native
ae0728a3e36e9a03e211f2ae3f8a73c386bdd68e-dirty,1,1,1,1,6,308,random_trajectory,9,0,0,8,6,-828,0,413,415,native
ae0728a3e36e9a03e211f2ae3f8a73c386bdd68e-dirty,1,1,1,1,6,977,walls,17,0,0,6,0,-25,0,773,775,native
ae0728a3e36e9a03e211f2ae3f8a73c386bdd68e-dirty,1,1,1,1,6,890,wells,9,0,0,8,6,-306,0,413,415,native
ae0728a3e36e9a03e211f2ae3f8a73c386bdd68e-dirty,1,1,1,1,6,823,blocked_spawn,34,0,1,7,16,-1149,0,688,690,native
ae0728a3e36e9a03e211f2ae3f8a73c386bdd68e-dirty,1,1,1,1,6,849,equal_scores,9,0,0,4,4,-256,0,413,415,native
ae0728a3e36e9a03e211f2ae3f8a73c386bdd68e-dirty,1,1,1,1,6,9,heuristic_trajectory,17,0,1,0,4,-270,0,773,775,native
ae0728a3e36e9a03e211f2ae3f8a73c386bdd68e-dirty,1,1,1,1,6,609,high_stack_holes,34,0,1,2,14,-945,0,1266,1268,native
ae0728a3e36e9a03e211f2ae3f8a73c386bdd68e-dirty,1,1,1,1,6,825,last_candidate_winner,17,0,1,9,0,-19,0,773,775,native
ae0728a3e36e9a03e211f2ae3f8a73c386bdd68e-dirty,1,1,1,1,6,309,random_trajectory,17,0,1,3,4,-226,0,773,775,native
ae0728a3e36e9a03e211f2ae3f8a73c386bdd68e-dirty,1,1,1,1,6,980,walls,34,0,0,6,0,-88,0,1538,1540,native
ae0728a3e36e9a03e211f2ae3f8a73c386bdd68e-dirty,1,1,1,1,6,894,wells,34,0,1,4,4,-215,0,1538,1540,native
ae0728a3e36e9a03e211f2ae3f8a73c386bdd68e-dirty,1,1,1,1,6,828,blocked_spawn,17,0,1,8,0,-1043,0,331,333,native
ae0728a3e36e9a03e211f2ae3f8a73c386bdd68e-dirty,1,1,1,1,6,853,equal_scores,9,0,0,0,1,-102,0,413,415,native
ae0728a3e36e9a03e211f2ae3f8a73c386bdd68e-dirty,1,1,1,1,6,10,heuristic_trajectory,17,0,0,3,1,-59,0,773,775,native
ae0728a3e36e9a03e211f2ae3f8a73c386bdd68e-dirty,1,1,1,1,6,610,high_stack_holes,34,0,3,8,17,-1137,0,1062,1064,native
ae0728a3e36e9a03e211f2ae3f8a73c386bdd68e-dirty,1,1,1,1,6,826,last_candidate_winner,17,0,1,9,3,-229,0,773,775,native
ae0728a3e36e9a03e211f2ae3f8a73c386bdd68e-dirty,1,1,1,1,6,310,random_trajectory,17,0,1,0,5,-1022,0,365,367,native
ae0728a3e36e9a03e211f2ae3f8a73c386bdd68e-dirty,1,1,1,1,6,993,walls,34,0,0,6,0,-84,0,1538,1540,native
ae0728a3e36e9a03e211f2ae3f8a73c386bdd68e-dirty,1,1,1,1,6,895,wells,17,0,1,9,0,-65,0,773,775,native
ae0728a3e36e9a03e211f2ae3f8a73c386bdd68e-dirty,1,1,1,1,6,834,blocked_spawn,34,0,0,4,0,-765,0,1300,1302,native
ae0728a3e36e9a03e211f2ae3f8a73c386bdd68e-dirty,1,1,1,1,6,863,equal_scores,9,0,0,1,0,-72,0,413,415,native
ae0728a3e36e9a03e211f2ae3f8a73c386bdd68e-dirty,1,1,1,1,6,11,heuristic_trajectory,34,0,2,5,2,-126,0,1538,1540,native
ae0728a3e36e9a03e211f2ae3f8a73c386bdd68e-dirty,1,1,1,1,6,611,high_stack_holes,17,0,1,0,7,-516,0,773,775,native
ae0728a3e36e9a03e211f2ae3f8a73c386bdd68e-dirty,1,1,1,1,6,829,last_candidate_winner,34,0,3,8,1,-150,0,1538,1540,native
ae0728a3e36e9a03e211f2ae3f8a73c386bdd68e-dirty,1,1,1,1,6,311,random_trajectory,17,0,0,0,0,-22,0,773,775,native
ae0728a3e36e9a03e211f2ae3f8a73c386bdd68e-dirty,1,1,1,1,6,907,wells,34,0,3,8,5,-280,0,1538,1540,native
ae0728a3e36e9a03e211f2ae3f8a73c386bdd68e-dirty,1,1,1,1,6,835,blocked_spawn,34,0,3,0,0,-558,0,790,792,native
ae0728a3e36e9a03e211f2ae3f8a73c386bdd68e-dirty,1,1,1,1,6,870,equal_scores,17,0,0,2,2,-170,0,773,775,native
ae0728a3e36e9a03e211f2ae3f8a73c386bdd68e-dirty,1,1,1,1,6,12,heuristic_trajectory,17,0,1,8,5,-335,0,773,775,native
ae0728a3e36e9a03e211f2ae3f8a73c386bdd68e-dirty,1,1,1,1,6,612,high_stack_holes,17,0,1,1,13,-965,0,433,435,native
ae0728a3e36e9a03e211f2ae3f8a73c386bdd68e-dirty,1,1,1,1,6,833,last_candidate_winner,34,0,3,8,1,-109,0,1538,1540,native
ae0728a3e36e9a03e211f2ae3f8a73c386bdd68e-dirty,1,1,1,1,6,312,random_trajectory,9,0,0,7,4,-414,0,413,415,native
ae0728a3e36e9a03e211f2ae3f8a73c386bdd68e-dirty,1,1,1,1,6,908,wells,34,0,3,1,4,-210,0,1538,1540,native
ae0728a3e36e9a03e211f2ae3f8a73c386bdd68e-dirty,1,1,1,1,6,838,blocked_spawn,17,0,1,2,0,-919,0,433,435,native
ae0728a3e36e9a03e211f2ae3f8a73c386bdd68e-dirty,1,1,1,1,6,878,equal_scores,9,0,0,4,3,-246,0,413,415,native
ae0728a3e36e9a03e211f2ae3f8a73c386bdd68e-dirty,1,1,1,1,6,13,heuristic_trajectory,34,0,1,1,0,-75,0,1538,1540,native
ae0728a3e36e9a03e211f2ae3f8a73c386bdd68e-dirty,1,1,1,1,6,613,high_stack_holes,34,0,1,4,15,-1288,0,586,588,native
ae0728a3e36e9a03e211f2ae3f8a73c386bdd68e-dirty,1,1,1,1,6,841,last_candidate_winner,17,0,1,8,0,-78,0,773,775,native
ae0728a3e36e9a03e211f2ae3f8a73c386bdd68e-dirty,1,1,1,1,6,313,random_trajectory,34,0,1,5,15,-992,0,756,758,native
ae0728a3e36e9a03e211f2ae3f8a73c386bdd68e-dirty,1,1,1,1,6,929,wells,34,0,1,0,5,-277,0,1538,1540,native
ae0728a3e36e9a03e211f2ae3f8a73c386bdd68e-dirty,1,1,1,1,6,840,blocked_spawn,34,0,0,6,0,-738,0,790,792,native
ae0728a3e36e9a03e211f2ae3f8a73c386bdd68e-dirty,1,1,1,1,6,880,equal_scores,9,0,0,0,3,-220,0,413,415,native
ae0728a3e36e9a03e211f2ae3f8a73c386bdd68e-dirty,1,1,1,1,6,14,heuristic_trajectory,17,0,0,5,2,-172,0,773,775,native
ae0728a3e36e9a03e211f2ae3f8a73c386bdd68e-dirty,1,1,1,1,6,614,high_stack_holes,17,0,0,0,0,-63,0,773,775,native
ae0728a3e36e9a03e211f2ae3f8a73c386bdd68e-dirty,1,1,1,1,6,847,last_candidate_winner,34,0,3,8,1,-107,0,1538,1540,native
ae0728a3e36e9a03e211f2ae3f8a73c386bdd68e-dirty,1,1,1,1,6,314,random_trajectory,9,0,0,0,0,-130,0,413,415,native
ae0728a3e36e9a03e211f2ae3f8a73c386bdd68e-dirty,1,1,1,1,6,937,wells,34,0,2,2,5,-313,0,1538,1540,native
ae0728a3e36e9a03e211f2ae3f8a73c386bdd68e-dirty,1,1,1,1,6,842,blocked_spawn,17,0,1,1,0,-402,0,569,571,native
ae0728a3e36e9a03e211f2ae3f8a73c386bdd68e-dirty,1,1,1,1,6,886,equal_scores,17,0,0,2,0,-166,0,773,775,native
ae0728a3e36e9a03e211f2ae3f8a73c386bdd68e-dirty,1,1,1,1,6,15,heuristic_trajectory,17,0,1,0,5,-238,0,773,775,native
ae0728a3e36e9a03e211f2ae3f8a73c386bdd68e-dirty,1,1,1,1,6,615,high_stack_holes,17,0,0,6,12,-896,0,535,537,native
ae0728a3e36e9a03e211f2ae3f8a73c386bdd68e-dirty,1,1,1,1,6,850,last_candidate_winner,17,0,1,8,0,-152,0,773,775,native
ae0728a3e36e9a03e211f2ae3f8a73c386bdd68e-dirty,1,1,1,1,6,315,random_trajectory,9,0,0,0,6,-1092,0,175,177,native
ae0728a3e36e9a03e211f2ae3f8a73c386bdd68e-dirty,1,1,1,1,6,943,wells,17,0,1,0,5,-282,0,773,775,native
ae0728a3e36e9a03e211f2ae3f8a73c386bdd68e-dirty,1,1,1,1,6,843,blocked_spawn,34,0,1,6,0,-1075,0,552,554,native
ae0728a3e36e9a03e211f2ae3f8a73c386bdd68e-dirty,1,1,1,1,6,887,equal_scores,17,0,0,2,4,-220,0,773,775,native
ae0728a3e36e9a03e211f2ae3f8a73c386bdd68e-dirty,1,1,1,1,6,16,heuristic_trajectory,34,0,1,8,0,-55,0,1538,1540,native
ae0728a3e36e9a03e211f2ae3f8a73c386bdd68e-dirty,1,1,1,1,6,616,high_stack_holes,34,0,1,0,17,-1164,0,790,792,native
ae0728a3e36e9a03e211f2ae3f8a73c386bdd68e-dirty,1,1,1,1,6,857,last_candidate_winner,34,0,3,8,0,-93,0,1538,1540,native
ae0728a3e36e9a03e211f2ae3f8a73c386bdd68e-dirty,1,1,1,1,6,316,random_trajectory,34,0,1,5,0,-154,0,1538,1540,native
ae0728a3e36e9a03e211f2ae3f8a73c386bdd68e-dirty,1,1,1,1,6,945,wells,34,0,2,7,5,-278,0,1538,1540,native
ae0728a3e36e9a03e211f2ae3f8a73c386bdd68e-dirty,1,1,1,1,6,844,blocked_spawn,9,0,0,1,0,-473,0,379,381,native
ae0728a3e36e9a03e211f2ae3f8a73c386bdd68e-dirty,1,1,1,1,6,896,equal_scores,17,0,1,0,6,-346,0,773,775,native
ae0728a3e36e9a03e211f2ae3f8a73c386bdd68e-dirty,1,1,1,1,6,17,heuristic_trajectory,17,0,0,6,2,-94,0,773,775,native
ae0728a3e36e9a03e211f2ae3f8a73c386bdd68e-dirty,1,1,1,1,6,617,high_stack_holes,34,0,2,5,13,-963,0,1538,1540,native
ae0728a3e36e9a03e211f2ae3f8a73c386bdd68e-dirty,1,1,1,1,6,859,last_candidate_winner,34,0,3,8,3,-184,0,1538,1540,native
ae0728a3e36e9a03e211f2ae3f8a73c386bdd68e-dirty,1,1,1,1,6,317,random_trajectory,17,0,1,0,5,-1022,0,365,367,native
ae0728a3e36e9a03e211f2ae3f8a73c386bdd68e-dirty,1,1,1,1,6,948,wells,17,0,0,7,6,-314,0,773,775,native
ae0728a3e36e9a03e211f2ae3f8a73c386bdd68e-dirty,1,1,1,1,6,852,blocked_spawn,34,0,2,1,17,-1209,0,722,724,native
ae0728a3e36e9a03e211f2ae3f8a73c386bdd68e-dirty,1,1,1,1,6,897,equal_scores,9,0,0,1,0,-84,0,413,415,native
ae0728a3e36e9a03e211f2ae3f8a73c386bdd68e-dirty,1,1,1,1,6,18,heuristic_trajectory,34,0,3,2,2,-141,0,1538,1540,native
ae0728a3e36e9a03e211f2ae3f8a73c386bdd68e-dirty,1,1,1,1,6,618,high_stack_holes,9,0,0,1,18,-917,0,311,313,native
ae0728a3e36e9a03e211f2ae3f8a73c386bdd68e-dirty,1,1,1,1,6,865,last_candidate_winner,34,0,3,8,0,-63,0,1538,1540,native
ae0728a3e36e9a03e211f2ae3f8a73c386bdd68e-dirty,1,1,1,1,6,318,random_trajectory,17,0,1,4,15,-736,0,773,775,native
ae0728a3e36e9a03e211f2ae3f8a73c386bdd68e-dirty,1,1,1,1,6,957,wells,17,0,1,1,5,-284,0,773,775,native
ae0728a3e36e9a03e211f2ae3f8a73c386bdd68e-dirty,1,1,1,1,6,854,blocked_spawn,17,0,1,3,0,-991,0,535,537,native
ae0728a3e36e9a03e211f2ae3f8a73c386bdd68e-dirty,1,1,1,1,6,899,equal_scores,17,0,0,4,0,-70,0,773,775,native
ae0728a3e36e9a03e211f2ae3f8a73c386bdd68e-dirty,1,1,1,1,6,19,heuristic_trajectory,34,0,1,2,2,-208,0,1538,1540,native
ae0728a3e36e9a03e211f2ae3f8a73c386bdd68e-dirty,1,1,1,1,6,619,high_stack_holes,9,0,0,2,17,-1170,0,277,279,native
ae0728a3e36e9a03e211f2ae3f8a73c386bdd68e-dirty,1,1,1,1,6,869,last_candidate_winner,17,0,1,9,2,-383,0,773,775,native
ae0728a3e36e9a03e211f2ae3f8a73c386bdd68e-dirty,1,1,1,1,6,319,random_trajectory,9,0,0,0,6,-1092,0,175,177,native
ae0728a3e36e9a03e211f2ae3f8a73c386bdd68e-dirty,1,1,1,1,6,962,wells,17,0,1,0,0,-126,0,773,775,native
ae0728a3e36e9a03e211f2ae3f8a73c386bdd68e-dirty,1,1,1,1,6,855,blocked_spawn,17,0,0,4,0,-763,0,705,707,native
ae0728a3e36e9a03e211f2ae3f8a73c386bdd68e-dirty,1,1,1,1,6,905,equal_scores,17,0,1,3,0,-112,0,773,775,native
ae0728a3e36e9a03e211f2ae3f8a73c386bdd68e-dirty,1,1,1,1,6,20,heuristic_trajectory,34,0,2,3,0,-100,0,1538,1540,native
ae0728a3e36e9a03e211f2ae3f8a73c386bdd68e-dirty,1,1,1,1,6,620,high_stack_holes,9,0,0,0,0,0,1,107,109,native
ae0728a3e36e9a03e211f2ae3f8a73c386bdd68e-dirty,1,1,1,1,6,876,last_candidate_winner,34,0,3,8,3,-333,0,1538,1540,native
ae0728a3e36e9a03e211f2ae3f8a73c386bdd68e-dirty,1,1,1,1,6,320,random_trajectory,34,0,1,5,0,-274,0,1538,1540,native
ae0728a3e36e9a03e211f2ae3f8a73c386bdd68e-dirty,1,1,1,1,6,967,wells,17,0,1,7,5,-284,0,773,775,native
ae0728a3e36e9a03e211f2ae3f8a73c386bdd68e-dirty,1,1,1,1,6,856,blocked_spawn,34,0,1,6,0,-692,0,1198,1200,native
ae0728a3e36e9a03e211f2ae3f8a73c386bdd68e-dirty,1,1,1,1,6,909,equal_scores,9,0,0,1,4,-194,0,413,415,native
ae0728a3e36e9a03e211f2ae3f8a73c386bdd68e-dirty,1,1,1,1,6,21,heuristic_trajectory,34,0,0,7,5,-301,0,1538,1540,native
ae0728a3e36e9a03e211f2ae3f8a73c386bdd68e-dirty,1,1,1,1,6,621,high_stack_holes,17,0,1,2,13,-967,0,433,435,native
ae0728a3e36e9a03e211f2ae3f8a73c386bdd68e-dirty,1,1,1,1,6,877,last_candidate_winner,17,0,1,8,0,-59,0,773,775,native
ae0728a3e36e9a03e211f2ae3f8a73c386bdd68e-dirty,1,1,1,1,6,321,random_trajectory,9,0,0,0,0,-130,0,413,415,native
ae0728a3e36e9a03e211f2ae3f8a73c386bdd68e-dirty,1,1,1,1,6,984,wells,17,0,0,1,6,-330,0,773,775,native
ae0728a3e36e9a03e211f2ae3f8a73c386bdd68e-dirty,1,1,1,1,6,860,blocked_spawn,17,0,0,1,0,-698,0,501,503,native
ae0728a3e36e9a03e211f2ae3f8a73c386bdd68e-dirty,1,1,1,1,6,910,equal_scores,17,0,0,3,3,-174,0,773,775,native
ae0728a3e36e9a03e211f2ae3f8a73c386bdd68e-dirty,1,1,1,1,6,22,heuristic_trajectory,34,0,3,8,2,-183,0,1538,1540,native
ae0728a3e36e9a03e211f2ae3f8a73c386bdd68e-dirty,1,1,1,1,6,622,high_stack_holes,17,0,1,1,15,-999,0,569,571,native
ae0728a3e36e9a03e211f2ae3f8a73c386bdd68e-dirty,1,1,1,1,6,883,last_candidate_winner,34,0,3,8,7,-475,0,1538,1540,native
ae0728a3e36e9a03e211f2ae3f8a73c386bdd68e-dirty,1,1,1,1,6,322,random_trajectory,34,0,3,0,11,-1140,0,484,486,native
ae0728a3e36e9a03e211f2ae3f8a73c386bdd68e-dirty,1,1,1,1,6,990,wells,34,0,3,3,4,-215,0,1538,1540,native
ae0728a3e36e9a03e211f2ae3f8a73c386bdd68e-dirty,1,1,1,1,6,861,blocked_spawn,17,0,1,1,0,-765,0,603,605,native
ae0728a3e36e9a03e211f2ae3f8a73c386bdd68e-dirty,1,1,1,1,6,912,equal_scores,34,0,3,1,2,-214,0,1538,1540,native
ae0728a3e36e9a03e211f2ae3f8a73c386bdd68e-dirty,1,1,1,1,6,23,heuristic_trajectory,34,0,2,2,8,-330,0,1538,1540,native
ae0728a3e36e9a03e211f2ae3f8a73c386bdd68e-dirty,1,1,1,1,6,623,high_stack_holes,17,0,0,7,6,-392,0,773,775,native
ae0728a3e36e9a03e211f2ae3f8a73c386bdd68e-dirty,1,1,1,1,6,893,last_candidate_winner,34,0,3,8,3,-203,0,1538,1540,native
ae0728a3e36e9a03e211f2ae3f8a73c386bdd68e-dirty,1,1,1,1,6,323,random_trajectory,17,0,1,0,17,-1206,0,263,265,native
ae0728a3e36e9a03e211f2ae3f8a73c386bdd68e-dirty,1,1,1,1,6,994,wells,34,0,1,0,4,-216,0,1538,1540,native
ae0728a3e36e9a03e211f2ae3f8a73c386bdd68e-dirty,1,1,1,1,6,862,blocked_spawn,17,0,1,6,17,-1144,0,399,401,native
ae0728a3e36e9a03e211f2ae3f8a73c386bdd68e-dirty,1,1,1,1,6,917,equal_scores,17,0,0,4,2,-180,0,773,775,native
ae0728a3e36e9a03e211f2ae3f8a73c386bdd68e-dirty,1,1,1,1,6,24,heuristic_trajectory,17,0,0,4,4,-252,0,773,775,native
ae0728a3e36e9a03e211f2ae3f8a73c386bdd68e-dirty,1,1,1,1,6,624,high_stack_holes,17,0,1,5,13,-1005,0,467,469,native
ae0728a3e36e9a03e211f2ae3f8a73c386bdd68e-dirty,1,1,1,1,6,900,last_candidate_winner,17,0,1,9,2,-189,0,773,775,native
ae0728a3e36e9a03e211f2ae3f8a73c386bdd68e-dirty,1,1,1,1,6,324,random_trajectory,34,0,3,4,15,-892,0,1062,1064,native
ae0728a3e36e9a03e211f2ae3f8a73c386bdd68e-dirty,1,1,1,1,6,864,blocked_spawn,17,0,1,1,0,-1126,0,297,299,native
ae0728a3e36e9a03e211f2ae3f8a73c386bdd68e-dirty,1,1,1,1,6,919,equal_scores,17,0,0,3,0,-70,0,773,775,native
ae0728a3e36e9a03e211f2ae3f8a73c386bdd68e-dirty,1,1,1,1,6,25,heuristic_trajectory,17,0,1,9,0,-146,0,773,775,native
ae0728a3e36e9a03e211f2ae3f8a73c386bdd68e-dirty,1,1,1,1,6,625,high_stack_holes,9,0,0,7,17,-1133,0,243,245,native
ae0728a3e36e9a03e211f2ae3f8a73c386bdd68e-dirty,1,1,1,1,6,904,last_candidate_winner,34,0,3,8,1,-123,0,1538,1540,native
ae0728a3e36e9a03e211f2ae3f8a73c386bdd68e-dirty,1,1,1,1,6,325,random_trajectory,17,0,1,9,8,-1064,0,297,299,native
ae0728a3e36e9a03e211f2ae3f8a73c386bdd68e-dirty,1,1,1,1,6,866,blocked_spawn,34,0,1,8,0,-997,0,552,554,native
ae0728a3e36e9a03e211f2ae3f8a73c386bdd68e-dirty,1,1,1,1,6,920,equal_scores,34,0,0,0,0,-46,0,1538,1540,native
ae0728a3e36e9a03e211f2ae3f8a73c386bdd68e-dirty,1,1,1,1,6,26,heuristic_trajectory,9,0,0,0,8,-356,0,413,415,native
ae0728a3e36e9a03e211f2ae3f8a73c386bdd68e-dirty,1,1,1,1,6,626,high_stack_holes,17,0,0,1,11,-649,0,773,775,native
ae0728a3e36e9a03e211f2ae3f8a73c386bdd68e-dirty,1,1,1,1,6,915,last_candidate_winner,34,0,3,8,1,-148,0,1538,1540,native
ae0728a3e36e9a03e211f2ae3f8a73c386bdd68e-dirty,1,1,1,1,6,326,random_trajectory,34,0,1,5,15,-992,0,756,758,native
ae0728a3e36e9a03e211f2ae3f8a73c386bdd68e-dirty,1,1,1,1,6,871,blocked_spawn,9,0,0,3,0,-551,0,345,347,native
ae0728a3e36e9a03e211f2ae3f8a73c386bdd68e-dirty,1,1,1,1,6,924,equal_scores,34,0,1,1,2,-212,0,1538,1540,native
ae0728a3e36e9a03e211f2ae3f8a73c386bdd68e-dirty,1,1,1,1,6,27,heuristic_trajectory,34,0,2,0,2,-184,0,1538,1540,native
ae0728a3e36e9a03e211f2ae3f8a73c386bdd68e-dirty,1,1,1,1,6,627,high_stack_holes,17,0,1,0,13,-885,0,467,469,native
ae0728a3e36e9a03e211f2ae3f8a73c386bdd68e-dirty,1,1,1,1,6,918,last_candidate_winner,17,0,1,8,1,-144,0,773,775,native
ae0728a3e36e9a03e211f2ae3f8a73c386bdd68e-dirty,1,1,1,1,6,327,random_trajectory,34,0,1,8,8,-846,0,1538,1540,native
ae0728a3e36e9a03e211f2ae3f8a73c386bdd68e-dirty,1,1,1,1,6,872,blocked_spawn,34,0,1,7,0,-1049,0,722,724,native
ae0728a3e36e9a03e211f2ae3f8a73c386bdd68e-dirty,1,1,1,1,6,925,equal_scores,34,0,0,3,5,-270,0,1538,1540,native
ae0728a3e36e9a03e211f2ae3f8a73c386bdd68e-dirty,1,1,1,1,6,28,heuristic_trajectory,9,0,0,1,4,-224,0,413,415,native
ae0728a3e36e9a03e211f2ae3f8a73c386bdd68e-dirty,1,1,1,1,6,628,high_stack_holes,17,0,1,1,1,-1264,0,331,333,native
ae0728a3e36e9a03e211f2ae3f8a73c386bdd68e-dirty,1,1,1,1,6,921,last_candidate_winner,34,0,3,8,0,-70,0,1538,1540,native
ae0728a3e36e9a03e211f2ae3f8a73c386bdd68e-dirty,1,1,1,1,6,328,random_trajectory,17,0,1,9,12,-1164,0,297,299,native
ae0728a3e36e9a03e211f2ae3f8a73c386bdd68e-dirty,1,1,1,1,6,873,blocked_spawn,34,0,2,7,18,-1292,0,416,418,native
ae0728a3e36e9a03e211f2ae3f8a73c386bdd68e-dirty,1,1,1,1,6,928,equal_scores,34,0,1,3,1,-158,0,1538,1540,native
ae0728a3e36e9a03e211f2ae3f8a73c386bdd68e-dirty,1,1,1,1,6,29,heuristic_trajectory,17,0,1,6,0,-67,0,773,775,native
ae0728a3e36e9a03e211f2ae3f8a73c386bdd68e-dirty,1,1,1,1,6,629,high_stack_holes,17,0,0,5,0,-222,0,773,775,native
ae0728a3e36e9a03e211f2ae3f8a73c386bdd68e-dirty,1,1,1,1,6,932,last_candidate_winner,17,0,1,9,2,-167,0,773,775,native
ae0728a3e36e9a03e211f2ae3f8a73c386bdd68e-dirty,1,1,1,1,6,329,random_trajectory,34,0,0,0,0,-94,0,1538,1540,native
ae0728a3e36e9a03e211f2ae3f8a73c386bdd68e-dirty,1,1,1,1,6,874,blocked_spawn,34,0,3,3,17,-1092,0,790,792,native
ae0728a3e36e9a03e211f2ae3f8a73c386bdd68e-dirty,1,1,1,1,6,930,equal_scores,34,0,2,2,0,-94,0,1538,1540,native
ae0728a3e36e9a03e211f2ae3f8a73c386bdd68e-dirty,1,1,1,1,6,30,heuristic_trajectory,34,0,2,6,2,-159,0,1538,1540,native
ae0728a3e36e9a03e211f2ae3f8a73c386bdd68e-dirty,1,1,1,1,6,630,high_stack_holes,34,0,2,1,14,-873,0,1164,1166,native
ae0728a3e36e9a03e211f2ae3f8a73c386bdd68e-dirty,1,1,1,1,6,935,last_candidate_winner,34,0,3,8,3,-271,0,1538,1540,native
ae0728a3e36e9a03e211f2ae3f8a73c386bdd68e-dirty,1,1,1,1,6,330,random_trajectory,9,0,0,0,0,-130,0,413,415,native
ae0728a3e36e9a03e211f2ae3f8a73c386bdd68e-dirty,1,1,1,1,6,875,blocked_spawn,17,0,1,4,17,-1142,0,297,299,native
ae0728a3e36e9a03e211f2ae3f8a73c386bdd68e-dirty,1,1,1,1,6,934,equal_scores,34,0,0,7,2,-112,0,1538,1540,native
ae0728a3e36e9a03e211f2ae3f8a73c386bdd68e-dirty,1,1,1,1,6,31,heuristic_trajectory,9,0,0,2,1,-124,0,413,415,native
ae0728a3e36e9a03e211f2ae3f8a73c386bdd68e-dirty,1,1,1,1,6,631,high_stack_holes,34,0,3,0,17,-1157,0,790,792,native
ae0728a3e36e9a03e211f2ae3f8a73c386bdd68e-dirty,1,1,1,1,6,946,last_candidate_winner,17,0,1,8,2,-143,0,773,775,native
ae0728a3e36e9a03e211f2ae3f8a73c386bdd68e-dirty,1,1,1,1,6,331,random_trajectory,34,0,1,7,4,-480,0,1538,1540,native
ae0728a3e36e9a03e211f2ae3f8a73c386bdd68e-dirty,1,1,1,1,6,879,blocked_spawn,17,0,1,6,0,-1215,0,331,333,native
ae0728a3e36e9a03e211f2ae3f8a73c386bdd68e-dirty,1,1,1,1,6,936,equal_scores,34,0,0,4,0,-56,0,1538,1540,native
ae0728a3e36e9a03e211f2ae3f8a73c386bdd68e-dirty,1,1,1,1,6,32,heuristic_trajectory,34,0,2,2,3,-214,0,1538,1540,native
ae0728a3e36e9a03e211f2ae3f8a73c386bdd68e-dirty,1,1,1,1,6,632,high_stack_holes,34,0,2,0,3,-269,0,1538,1540,native
ae0728a3e36e9a03e211f2ae3f8a73c386bdd68e-dirty,1,1,1,1,6,947,last_candidate_winner,17,0,1,9,1,-135,0,773,775,native
ae0728a3e36e9a03e211f2ae3f8a73c386bdd68e-dirty,1,1,1,1,6,332,random_trajectory,17,0,0,4,18,-1052,0,297,299,native
ae0728a3e36e9a03e211f2ae3f8a73c386bdd68e-dirty,1,1,1,1,6,881,blocked_spawn,17,0,1,0,0,-827,0,399,401,native
ae0728a3e36e9a03e211f2ae3f8a73c386bdd68e-dirty,1,1,1,1,6,944,equal_scores,17,0,0,6,1,-92,0,773,775,native
ae0728a3e36e9a03e211f2ae3f8a73c386bdd68e-dirty,1,1,1,1,6,33,heuristic_trajectory,9,0,0,0,8,-356,0,413,415,native
ae0728a3e36e9a03e211f2ae3f8a73c386bdd68e-dirty,1,1,1,1,6,633,high_stack_holes,17,0,1,4,15,-978,0,501,503,native
ae0728a3e36e9a03e211f2ae3f8a73c386bdd68e-dirty,1,1,1,1,6,949,last_candidate_winner,17,0,1,9,1,-127,0,773,775,native
ae0728a3e36e9a03e211f2ae3f8a73c386bdd68e-dirty,1,1,1,1,6,333,random_trajectory,34,0,1,5,0,-154,0,1538,1540,native
ae0728a3e36e9a03e211f2ae3f8a73c386bdd68e-dirty,1,1,1,1,6,884,blocked_spawn,9,0,0,1,0,-772,0,345,347,native
ae0728a3e36e9a03e211f2ae3f8a73c386bdd68e-dirty,1,1,1,1,6,950,equal_scores,34,0,1,6,2,-194,0,1538,1540,native
ae0728a3e36e9a03e211f2ae3f8a73c386bdd68e-dirty,1,1,1,1,6,34,heuristic_trajectory,17,0,0,4,1,-134,0,773,775,native
ae0728a3e36e9a03e211f2ae3f8a73c386bdd68e-dirty,1,1,1,1,6,634,high_stack_holes,17,0,1,4,7,-1207,0,365,367,native
ae0728a3e36e9a03e211f2ae3f8a73c386bdd68e-dirty,1,1,1,1,6,951,last_candidate_winner,9,0,0,8,4,-230,0,413,415,native
ae0728a3e36e9a03e211f2ae3f8a73c386bdd68e-dirty,1,1,1,1,6,334,random_trajectory,17,0,1,9,12,-1164,0,297,299,native
ae0728a3e36e9a03e211f2ae3f8a73c386bdd68e-dirty,1,1,1,1,6,885,blocked_spawn,34,0,0,3,0,-820,0,1198,1200,native
ae0728a3e36e9a03e211f2ae3f8a73c386bdd68e-dirty,1,1,1,1,6,952,equal_scores,9,0,0,2,0,-86,0,413,415,native
ae0728a3e36e9a03e211f2ae3f8a73c386bdd68e-dirty,1,1,1,1,6,35,heuristic_trajectory,34,0,3,3,2,-219,0,1538,1540,native
ae0728a3e36e9a03e211f2ae3f8a73c386bdd68e-dirty,1,1,1,1,6,635,high_stack_holes,34,0,2,3,6,-400,0,1538,1540,native
ae0728a3e36e9a03e211f2ae3f8a73c386bdd68e-dirty,1,1,1,1,6,953,last_candidate_winner,9,0,0,1,4,-256,0,413,415,native
ae0728a3e36e9a03e211f2ae3f8a73c386bdd68e-dirty,1,1,1,1,6,335,random_trajectory,34,0,0,0,0,-94,0,1538,1540,native
ae0728a3e36e9a03e211f2ae3f8a73c386bdd68e-dirty,1,1,1,1,6,889,blocked_spawn,17,0,0,1,0,-402,0,705,707,native
ae0728a3e36e9a03e211f2ae3f8a73c386bdd68e-dirty,1,1,1,1,6,954,equal_scores,17,0,0,4,1,-98,0,773,775,native
ae0728a3e36e9a03e211f2ae3f8a73c386bdd68e-dirty,1,1,1,1,6,36,heuristic_trajectory,17,0,1,0,4,-245,0,773,775,native
ae0728a3e36e9a03e211f2ae3f8a73c386bdd68e-dirty,1,1,1,1,6,636,high_stack_holes,34,0,1,2,12,-953,0,722,724,native
ae0728a3e36e9a03e211f2ae3f8a73c386bdd68e-dirty,1,1,1,1,6,971,last_candidate_winner,17,0,1,8,3,-214,0,773,775,native
ae0728a3e36e9a03e211f2ae3f8a73c386bdd68e-dirty,1,1,1,1,6,336,random_trajectory,17,0,0,0,0,-22,0,773,775,native
ae0728a3e36e9a03e211f2ae3f8a73c386bdd68e-dirty,1,1,1,1,6,891,blocked_spawn,17,0,0,4,0,-908,0,331,333,native
ae0728a3e36e9a03e211f2ae3f8a73c386bdd68e-dirty,1,1,1,1,6,956,equal_scores,9,0,0,0,4,-248,0,413,415,native
ae0728a3e36e9a03e211f2ae3f8a73c386bdd68e-dirty,1,1,1,1,6,37,heuristic_trajectory,17,0,0,2,6,-366,0,773,775,native
ae0728a3e36e9a03e211f2ae3f8a73c386bdd68e-dirty,1,1,1,1,6,637,high_stack_holes,34,0,3,7,14,-1269,0,586,588,native
ae0728a3e36e9a03e211f2ae3f8a73c386bdd68e-dirty,1,1,1,1,6,972,last_candidate_winner,17,0,1,9,0,-59,0,773,775,native
ae0728a3e36e9a03e211f2ae3f8a73c386bdd68e-dirty,1,1,1,1,6,337,random_trajectory,34,0,1,5,0,-274,0,1538,1540,native
ae0728a3e36e9a03e211f2ae3f8a73c386bdd68e-dirty,1,1,1,1,6,892,blocked_spawn,34,0,1,5,0,-578,0,960,962,native
ae0728a3e36e9a03e211f2ae3f8a73c386bdd68e-dirty,1,1,1,1,6,958,equal_scores,9,0,0,1,4,-220,0,413,415,native
ae0728a3e36e9a03e211f2ae3f8a73c386bdd68e-dirty,1,1,1,1,6,38,heuristic_trajectory,17,0,1,6,3,-206,0,773,775,native
ae0728a3e36e9a03e211f2ae3f8a73c386bdd68e-dirty,1,1,1,1,6,638,high_stack_holes,17,0,1,1,11,-726,0,773,775,native
ae0728a3e36e9a03e211f2ae3f8a73c386bdd68e-dirty,1,1,1,1,6,979,last_candidate_winner,9,0,0,8,2,-184,0,413,415,native
ae0728a3e36e9a03e211f2ae3f8a73c386bdd68e-dirty,1,1,1,1,6,338,random_trajectory,34,0,1,5,0,-274,0,1538,1540,native
ae0728a3e36e9a03e211f2ae3f8a73c386bdd68e-dirty,1,1,1,1,6,901,blocked_spawn,34,0,1,3,0,-741,0,1096,1098,native
ae0728a3e36e9a03e211f2ae3f8a73c386bdd68e-dirty,1,1,1,1,6,959,equal_scores,17,0,0,3,0,-56,0,773,775,native
ae0728a3e36e9a03e211f2ae3f8a73c386bdd68e-dirty,1,1,1,1,6,39,heuristic_trajectory,34,0,1,6,0,-89,0,1538,1540,native
ae0728a3e36e9a03e211f2ae3f8a73c386bdd68e-dirty,1,1,1,1,6,639,high_stack_holes,34,0,3,4,14,-897,0,1538,1540,native
ae0728a3e36e9a03e211f2ae3f8a73c386bdd68e-dirty,1,1,1,1,6,988,last_candidate_winner,9,0,0,8,8,-488,0,413,415,native
ae0728a3e36e9a03e211f2ae3f8a73c386bdd68e-dirty,1,1,1,1,6,339,random_trajectory,34,0,1,7,4,-480,0,1538,1540,native
ae0728a3e36e9a03e211f2ae3f8a73c386bdd68e-dirty,1,1,1,1,6,902,blocked_spawn,17,0,1,3,0,-1048,0,433,435,native
ae0728a3e36e9a03e211f2ae3f8a73c386bdd68e-dirty,1,1,1,1,6,963,equal_scores,17,0,0,1,1,-70,0,773,775,native
ae0728a3e36e9a03e211f2ae3f8a73c386bdd68e-dirty,1,1,1,1,6,40,heuristic_trajectory,34,0,0,5,1,-101,0,1538,1540,native
ae0728a3e36e9a03e211f2ae3f8a73c386bdd68e-dirty,1,1,1,1,6,640,high_stack_holes,17,0,1,6,7,-1097,0,603,605,native
ae0728a3e36e9a03e211f2ae3f8a73c386bdd68e-dirty,1,1,1,1,6,989,last_candidate_winner,17,0,1,9,2,-387,0,773,775,native
ae0728a3e36e9a03e211f2ae3f8a73c386bdd68e-dirty,1,1,1,1,6,340,random_trajectory,17,0,0,0,0,-22,0,773,775,native
ae0728a3e36e9a03e211f2ae3f8a73c386bdd68e-dirty,1,1,1,1,6,903,blocked_spawn,17,0,1,0,0,-417,0,569,571,native
ae0728a3e36e9a03e211f2ae3f8a73c386bdd68e-dirty,1,1,1,1,6,964,equal_scores,17,0,0,1,0,-70,0,773,775,native
ae0728a3e36e9a03e211f2ae3f8a73c386bdd68e-dirty,1,1,1,1,6,41,heuristic_trajectory,17,0,1,8,1,-98,0,773,775,native
ae0728a3e36e9a03e211f2ae3f8a73c386bdd68e-dirty,1,1,1,1,6,641,high_stack_holes,17,0,0,0,0,0,1,195,197,native
ae0728a3e36e9a03e211f2ae3f8a73c386bdd68e-dirty,1,1,1,1,6,998,last_candidate_winner,17,0,1,9,0,-174,0,773,775,native
ae0728a3e36e9a03e211f2ae3f8a73c386bdd68e-dirty,1,1,1,1,6,341,random_trajectory,17,0,1,9,12,-1164,0,297,299,native
ae0728a3e36e9a03e211f2ae3f8a73c386bdd68e-dirty,1,1,1,1,6,906,blocked_spawn,9,0,0,0,0,-761,0,277,279,native
ae0728a3e36e9a03e211f2ae3f8a73c386bdd68e-dirty,1,1,1,1,6,968,equal_scores,34,0,0,6,3,-226,0,1538,1540,native
ae0728a3e36e9a03e211f2ae3f8a73c386bdd68e-dirty,1,1,1,1,6,42,heuristic_trajectory,9,0,0,0,6,-262,0,413,415,native
ae0728a3e36e9a03e211f2ae3f8a73c386bdd68e-dirty,1,1,1,1,6,642,high_stack_holes,17,0,1,3,13,-860,0,739,741,native
ae0728a3e36e9a03e211f2ae3f8a73c386bdd68e-dirty,1,1,1,1,6,999,last_candidate_winner,17,0,1,9,0,-37,0,773,775,native
ae0728a3e36e9a03e211f2ae3f8a73c386bdd68e-dirty,1,1,1,1,6,342,random_trajectory,9,0,0,8,6,-828,0,413,415,native
ae0728a3e36e9a03e211f2ae3f8a73c386bdd68e-dirty,1,1,1,1,6,913,blocked_spawn,17,0,1,1,0,-821,0,433,435,native
ae0728a3e36e9a03e211f2ae3f8a73c386bdd68e-dirty,1,1,1,1,6,970,equal_scores,17,0,1,0,3,-128,0,773,775,native
ae0728a3e36e9a03e211f2ae3f8a73c386bdd68e-dirty,1,1,1,1,6,43,heuristic_trajectory,17,0,1,7,2,-194,0,773,775,native
ae0728a3e36e9a03e211f2ae3f8a73c386bdd68e-dirty,1,1,1,1,6,643,high_stack_holes,9,0,0,2,15,-984,0,277,279,native
ae0728a3e36e9a03e211f2ae3f8a73c386bdd68e-dirty,1,1,1,1,6,343,random_trajectory,34,0,3,4,15,-892,0,1062,1064,native
ae0728a3e36e9a03e211f2ae3f8a73c386bdd68e-dirty,1,1,1,1,6,916,blocked_spawn,17,0,1,7,0,-1182,0,365,367,native
ae0728a3e36e9a03e211f2ae3f8a73c386bdd68e-dirty,1,1,1,1,6,982,equal_scores,34,0,0,4,3,-214,0,1538,1540,native
ae0728a3e36e9a03e211f2ae3f8a73c386bdd68e-dirty,1,1,1,1,6,44,heuristic_trajectory,17,0,1,8,0,-85,0,773,775,native
ae0728a3e36e9a03e211f2ae3f8a73c386bdd68e-dirty,1,1,1,1,6,644,high_stack_holes,17,0,0,6,2,-186,0,773,775,native
ae0728a3e36e9a03e211f2ae3f8a73c386bdd68e-dirty,1,1,1,1,6,344,random_trajectory,17,0,1,9,12,-1164,0,297,299,native
ae0728a3e36e9a03e211f2ae3f8a73c386bdd68e-dirty,1,1,1,1,6,923,blocked_spawn,34,0,0,0,17,-1166,0,1062,1064,native
ae0728a3e36e9a03e211f2ae3f8a73c386bdd68e-dirty,1,1,1,1,6,985,equal_scores,17,0,0,3,3,-244,0,773,775,native
ae0728a3e36e9a03e211f2ae3f8a73c386bdd68e-dirty,1,1,1,1,6,45,heuristic_trajectory,17,0,1,9,1,-94,0,773,775,native
ae0728a3e36e9a03e211f2ae3f8a73c386bdd68e-dirty,1,1,1,1,6,645,high_stack_holes,9,0,0,1,15,-925,0,345,347,native
ae0728a3e36e9a03e211f2ae3f8a73c386bdd68e-dirty,1,1,1,1,6,345,random_trajectory,34,0,1,5,0,-154,0,1538,1540,native
ae0728a3e36e9a03e211f2ae3f8a73c386bdd68e-dirty,1,1,1,1,6,926,blocked_spawn,9,0,0,2,18,-1114,0,141,143,native
ae0728a3e36e9a03e211f2ae3f8a73c386bdd68e-dirty,1,1,1,1,6,987,equal_scores,34,0,0,1,2,-154,0,1538,1540,native
ae0728a3e36e9a03e211f2ae3f8a73c386bdd68e-dirty,1,1,1,1,6,46,heuristic_trajectory,9,0,0,1,1,-98,0,413,415,native
ae0728a3e36e9a03e211f2ae3f8a73c386bdd68e-dirty,1,1,1,1,6,646,high_stack_holes,17,0,1,3,3,-1139,0,331,333,native
ae0728a3e36e9a03e211f2ae3f8a73c386bdd68e-dirty,1,1,1,1,6,346,random_trajectory,34,0,1,8,8,-846,0,1538,1540,native
ae0728a3e36e9a03e211f2ae3f8a73c386bdd68e-dirty,1,1,1,1,6,927,blocked_spawn,17,0,1,0,17,-1202,0,263,265,native
ae0728a3e36e9a03e211f2ae3f8a73c386bdd68e-dirty,1,1,1,1,6,992,equal_scores,34,0,0,5,0,-50,0,1538,1540,native
ae0728a3e36e9a03e211f2ae3f8a73c386bdd68e-dirty,1,1,1,1,6,47,heuristic_trajectory,34,0,1,6,0,-89,0,1538,1540,native
ae0728a3e36e9a03e211f2ae3f8a73c386bdd68e-dirty,1,1,1,1,6,647,high_stack_holes,17,0,1,5,0,-216,0,773,775,native
ae0728a3e36e9a03e211f2ae3f8a73c386bdd68e-dirty,1,1,1,1,6,347,random_trajectory,34,0,3,4,15,-892,0,1062,1064,native
ae0728a3e36e9a03e211f2ae3f8a73c386bdd68e-dirty,1,1,1,1,6,931,blocked_spawn,17,0,1,5,17,-862,0,399,401,native
ae0728a3e36e9a03e211f2ae3f8a73c386bdd68e-dirty,1,1,1,1,6,48,heuristic_trajectory,17,0,0,6,5,-376,0,773,775,native
ae0728a3e36e9a03e211f2ae3f8a73c386bdd68e-dirty,1,1,1,1,6,648,high_stack_holes,9,0,0,2,17,-1003,0,243,245,native
ae0728a3e36e9a03e211f2ae3f8a73c386bdd68e-dirty,1,1,1,1,6,348,random_trajectory,9,0,0,0,6,-1092,0,175,177,native
ae0728a3e36e9a03e211f2ae3f8a73c386bdd68e-dirty,1,1,1,1,6,933,blocked_spawn,34,0,3,5,17,-789,0,1130,1132,native
ae0728a3e36e9a03e211f2ae3f8a73c386bdd68e-dirty,1,1,1,1,6,49,heuristic_trajectory,9,0,0,3,4,-262,0,413,415,native
ae0728a3e36e9a03e211f2ae3f8a73c386bdd68e-dirty,1,1,1,1,6,649,high_stack_holes,34,0,3,8,16,-1143,0,756,758,native
ae0728a3e36e9a03e211f2ae3f8a73c386bdd68e-dirty,1,1,1,1,6,349,random_trajectory,9,0,0,8,6,-828,0,413,415,native
ae0728a3e36e9a03e211f2ae3f8a73c386bdd68e-dirty,1,1,1,1,6,938,blocked_spawn,17,0,1,8,0,-808,0,671,673,native
ae0728a3e36e9a03e211f2ae3f8a73c386bdd68e-dirty,1,1,1,1,6,50,heuristic_trajectory,17,0,1,3,2,-202,0,773,775,native
ae0728a3e36e9a03e211f2ae3f8a73c386bdd68e-dirty,1,1,1,1,6,650,high_stack_holes,17,0,0,2,10,-727,0,773,775,native
ae0728a3e36e9a03e211f2ae3f8a73c386bdd68e-dirty,1,1,1,1,6,350,random_trajectory,17,0,1,2,0,-328,0,773,775,native
ae0728a3e36e9a03e211f2ae3f8a73c386bdd68e-dirty,1,1,1,1,6,939,blocked_spawn,17,0,1,2,0,-843,0,263,265,native
ae0728a3e36e9a03e211f2ae3f8a73c386bdd68e-dirty,1,1,1,1,6,51,heuristic_trajectory,17,0,0,2,1,-84,0,773,775,native
ae0728a3e36e9a03e211f2ae3f8a73c386bdd68e-dirty,1,1,1,1,6,651,high_stack_holes,17,0,1,1,16,-936,0,501,503,native
ae0728a3e36e9a03e211f2ae3f8a73c386bdd68e-dirty,1,1,1,1,6,351,random_trajectory,17,0,1,2,0,-328,0,773,775,native
ae0728a3e36e9a03e211f2ae3f8a73c386bdd68e-dirty,1,1,1,1,6,940,blocked_spawn,34,0,0,4,0,-558,0,1436,1438,native
ae0728a3e36e9a03e211f2ae3f8a73c386bdd68e-dirty,1,1,1,1,6,52,heuristic_trajectory,9,0,0,7,1,-188,0,413,415,native
ae0728a3e36e9a03e211f2ae3f8a73c386bdd68e-dirty,1,1,1,1,6,652,high_stack_holes,34,0,3,3,13,-1131,0,926,928,native
ae0728a3e36e9a03e211f2ae3f8a73c386bdd68e-dirty,1,1,1,1,6,352,random_trajectory,17,0,1,0,0,-446,0,773,775,native
ae0728a3e36e9a03e211f2ae3f8a73c386bdd68e-dirty,1,1,1,1,6,955,blocked_spawn,17,0,1,0,0,-582,0,671,673,native
ae0728a3e36e9a03e211f2ae3f8a73c386bdd68e-dirty,1,1,1,1,6,53,heuristic_trajectory,34,0,2,5,5,-320,0,1538,1540,native
ae0728a3e36e9a03e211f2ae3f8a73c386bdd68e-dirty,1,1,1,1,6,653,high_stack_holes,9,0,0,0,0,-24,0,413,415,native
ae0728a3e36e9a03e211f2ae3f8a73c386bdd68e-dirty,1,1,1,1,6,353,random_trajectory,17,0,0,7,18,-1156,0,229,231,native
ae0728a3e36e9a03e211f2ae3f8a73c386bdd68e-dirty,1,1,1,1,6,960,blocked_spawn,17,0,0,4,0,-678,0,535,537,native
ae0728a3e36e9a03e211f2ae3f8a73c386bdd68e-dirty,1,1,1,1,6,54,heuristic_trajectory,17,0,1,6,5,-325,0,773,775,native
ae0728a3e36e9a03e211f2ae3f8a73c386bdd68e-dirty,1,1,1,1,6,654,high_stack_holes,9,0,0,4,13,-967,0,209,211,native
ae0728a3e36e9a03e211f2ae3f8a73c386bdd68e-dirty,1,1,1,1,6,354,random_trajectory,17,0,1,2,0,-196,0,773,775,native
ae0728a3e36e9a03e211f2ae3f8a73c386bdd68e-dirty,1,1,1,1,6,965,blocked_spawn,34,0,3,5,0,-549,0,1300,1302,native
ae0728a3e36e9a03e211f2ae3f8a73c386bdd68e-dirty,1,1,1,1,6,55,heuristic_trajectory,17,0,0,1,2,-126,0,773,775,native
ae0728a3e36e9a03e211f2ae3f8a73c386bdd68e-dirty,1,1,1,1,6,655,high_stack_holes,17,0,1,8,16,-1162,0,365,367,native
ae0728a3e36e9a03e211f2ae3f8a73c386bdd68e-dirty,1,1,1,1,6,355,random_trajectory,17,0,1,2,0,-196,0,773,775,native
ae0728a3e36e9a03e211f2ae3f8a73c386bdd68e-dirty,1,1,1,1,6,966,blocked_spawn,34,0,1,2,0,-1010,0,960,962,native
ae0728a3e36e9a03e211f2ae3f8a73c386bdd68e-dirty,1,1,1,1,6,56,heuristic_trajectory,9,0,0,7,2,-162,0,413,415,native
ae0728a3e36e9a03e211f2ae3f8a73c386bdd68e-dirty,1,1,1,1,6,656,high_stack_holes,17,0,1,6,8,-669,0,773,775,native
ae0728a3e36e9a03e211f2ae3f8a73c386bdd68e-dirty,1,1,1,1,6,356,random_trajectory,34,0,0,0,0,-26,0,1538,1540,native
ae0728a3e36e9a03e211f2ae3f8a73c386bdd68e-dirty,1,1,1,1,6,973,blocked_spawn,17,0,1,7,0,-521,0,637,639,native
ae0728a3e36e9a03e211f2ae3f8a73c386bdd68e-dirty,1,1,1,1,6,57,heuristic_trajectory,34,0,0,7,2,-187,0,1538,1540,native
ae0728a3e36e9a03e211f2ae3f8a73c386bdd68e-dirty,1,1,1,1,6,657,high_stack_holes,17,0,1,2,15,-926,0,365,367,native
ae0728a3e36e9a03e211f2ae3f8a73c386bdd68e-dirty,1,1,1,1,6,357,random_trajectory,17,0,0,7,18,-1156,0,229,231,native
ae0728a3e36e9a03e211f2ae3f8a73c386bdd68e-dirty,1,1,1,1,6,974,blocked_spawn,9,0,0,3,0,-762,0,345,347,native
ae0728a3e36e9a03e211f2ae3f8a73c386bdd68e-dirty,1,1,1,1,6,58,heuristic_trajectory,34,0,1,0,0,-85,0,1538,1540,native
ae0728a3e36e9a03e211f2ae3f8a73c386bdd68e-dirty,1,1,1,1,6,658,high_stack_holes,17,0,1,1,16,-1270,0,331,333,native
ae0728a3e36e9a03e211f2ae3f8a73c386bdd68e-dirty,1,1,1,1,6,358,random_trajectory,17,0,1,2,0,-328,0,773,775,native
ae0728a3e36e9a03e211f2ae3f8a73c386bdd68e-dirty,1,1,1,1,6,975,blocked_spawn,17,0,0,5,0,-701,0,569,571,native
ae0728a3e36e9a03e211f2ae3f8a73c386bdd68e-dirty,1,1,1,1,6,59,heuristic_trajectory,34,0,3,8,3,-223,0,1538,1540,native
ae0728a3e36e9a03e211f2ae3f8a73c386bdd68e-dirty,1,1,1,1,6,659,high_stack_holes,17,0,0,6,15,-922,0,773,775,native
ae0728a3e36e9a03e211f2ae3f8a73c386bdd68e-dirty,1,1,1,1,6,359,random_trajectory,9,0,0,2,14,-788,0,413,415,native
ae0728a3e36e9a03e211f2ae3f8a73c386bdd68e-dirty,1,1,1,1,6,978,blocked_spawn,9,0,0,7,0,-873,0,209,211,native
ae0728a3e36e9a03e211f2ae3f8a73c386bdd68e-dirty,1,1,1,1,6,60,heuristic_trajectory,34,0,3,8,3,-207,0,1538,1540,native
ae0728a3e36e9a03e211f2ae3f8a73c386bdd68e-dirty,1,1,1,1,6,660,high_stack_holes,17,0,1,5,15,-933,0,535,537,native
ae0728a3e36e9a03e211f2ae3f8a73c386bdd68e-dirty,1,1,1,1,6,360,random_trajectory,17,0,1,2,0,-196,0,773,775,native
ae0728a3e36e9a03e211f2ae3f8a73c386bdd68e-dirty,1,1,1,1,6,981,blocked_spawn,34,0,1,2,17,-685,0,1028,1030,native
ae0728a3e36e9a03e211f2ae3f8a73c386bdd68e-dirty,1,1,1,1,6,61,heuristic_trajectory,34,0,2,4,1,-148,0,1538,1540,native
ae0728a3e36e9a03e211f2ae3f8a73c386bdd68e-dirty,1,1,1,1,6,661,high_stack_holes,34,0,3,5,9,-990,0,926,928,native
ae0728a3e36e9a03e211f2ae3f8a73c386bdd68e-dirty,1,1,1,1,6,361,random_trajectory,34,0,3,2,16,-1048,0,892,894,native
ae0728a3e36e9a03e211f2ae3f8a73c386bdd68e-dirty,1,1,1,1,6,983,blocked_spawn,34,0,1,3,15,-1254,0,586,588,native
ae0728a3e36e9a03e211f2ae3f8a73c386bdd68e-dirty,1,1,1,1,6,62,heuristic_trajectory,34,0,2,0,2,-118,0,1538,1540,native
ae0728a3e36e9a03e211f2ae3f8a73c386bdd68e-dirty,1,1,1,1,6,662,high_stack_holes,34,0,0,7,0,-24,0,1538,1540,native
ae0728a3e36e9a03e211f2ae3f8a73c386bdd68e-dirty,1,1,1,1,6,362,random_trajectory,17,0,1,2,0,-328,0,773,775,native
ae0728a3e36e9a03e211f2ae3f8a73c386bdd68e-dirty,1,1,1,1,6,991,blocked_spawn,34,0,1,8,0,-1059,0,824,826,native
ae0728a3e36e9a03e211f2ae3f8a73c386bdd68e-dirty,1,1,1,1,6,63,heuristic_trajectory,34,0,2,7,0,-82,0,1538,1540,native
ae0728a3e36e9a03e211f2ae3f8a73c386bdd68e-dirty,1,1,1,1,6,663,high_stack_holes,34,0,2,2,16,-1015,0,756,758,native
ae0728a3e36e9a03e211f2ae3f8a73c386bdd68e-dirty,1,1,1,1,6,363,random_trajectory,17,0,0,3,12,-612,0,773,775,native
ae0728a3e36e9a03e211f2ae3f8a73c386bdd68e-dirty,1,1,1,1,6,995,blocked_spawn,17,0,1,8,0,-875,0,603,605,native
ae0728a3e36e9a03e211f2ae3f8a73c386bdd68e-dirty,1,1,1,1,6,64,heuristic_trajectory,17,0,1,0,0,-151,0,773,775,native
ae0728a3e36e9a03e211f2ae3f8a73c386bdd68e-dirty,1,1,1,1,6,664,high_stack_holes,9,0,0,2,17,-1264,0,243,245,native
ae0728a3e36e9a03e211f2ae3f8a73c386bdd68e-dirty,1,1,1,1,6,364,random_trajectory,9,0,0,0,0,0,1,107,109,native
ae0728a3e36e9a03e211f2ae3f8a73c386bdd68e-dirty,1,1,1,1,6,996,blocked_spawn,34,0,3,3,0,-717,0,1096,1098,native
ae0728a3e36e9a03e211f2ae3f8a73c386bdd68e-dirty,1,1,1,1,6,65,heuristic_trajectory,34,0,1,0,2,-193,0,1538,1540,native
ae0728a3e36e9a03e211f2ae3f8a73c386bdd68e-dirty,1,1,1,1,6,665,high_stack_holes,17,0,1,1,11,-817,0,773,775,native
ae0728a3e36e9a03e211f2ae3f8a73c386bdd68e-dirty,1,1,1,1,6,365,random_trajectory,17,0,0,3,12,-612,0,773,775,native
ae0728a3e36e9a03e211f2ae3f8a73c386bdd68e-dirty,1,1,1,1,6,997,blocked_spawn,17,0,1,5,0,-847,0,467,469,native
ae0728a3e36e9a03e211f2ae3f8a73c386bdd68e-dirty,1,1,1,1,6,66,heuristic_trajectory,34,0,0,5,2,-164,0,1538,1540,native
ae0728a3e36e9a03e211f2ae3f8a73c386bdd68e-dirty,1,1,1,1,6,666,high_stack_holes,9,0,0,1,15,-888,0,345,347,native
ae0728a3e36e9a03e211f2ae3f8a73c386bdd68e-dirty,1,1,1,1,6,366,random_trajectory,17,0,1,0,0,-446,0,773,775,native
ae0728a3e36e9a03e211f2ae3f8a73c386bdd68e-dirty,1,1,1,1,6,67,heuristic_trajectory,17,0,0,7,2,-188,0,773,775,native
ae0728a3e36e9a03e211f2ae3f8a73c386bdd68e-dirty,1,1,1,1,6,667,high_stack_holes,34,0,1,0,17,-1264,0,722,724,native
ae0728a3e36e9a03e211f2ae3f8a73c386bdd68e-dirty,1,1,1,1,6,367,random_trajectory,34,0,1,8,11,-1172,0,484,486,native
ae0728a3e36e9a03e211f2ae3f8a73c386bdd68e-dirty,1,1,1,1,6,68,heuristic_trajectory,34,0,2,6,2,-194,0,1538,1540,native
ae0728a3e36e9a03e211f2ae3f8a73c386bdd68e-dirty,1,1,1,1,6,668,high_stack_holes,34,0,1,3,12,-976,0,1538,1540,native
ae0728a3e36e9a03e211f2ae3f8a73c386bdd68e-dirty,1,1,1,1,6,368,random_trajectory,9,0,0,2,14,-788,0,413,415,native
ae0728a3e36e9a03e211f2ae3f8a73c386bdd68e-dirty,1,1,1,1,6,69,heuristic_trajectory,17,0,0,6,0,-31,0,773,775,native
ae0728a3e36e9a03e211f2ae3f8a73c386bdd68e-dirty,1,1,1,1,6,669,high_stack_holes,9,0,0,1,15,-910,0,379,381,native
ae0728a3e36e9a03e211f2ae3f8a73c386bdd68e-dirty,1,1,1,1,6,369,random_trajectory,17,0,0,7,18,-1156,0,229,231,native
ae0728a3e36e9a03e211f2ae3f8a73c386bdd68e-dirty,1,1,1,1,6,70,heuristic_trajectory,17,0,0,3,2,-190,0,773,775,native
ae0728a3e36e9a03e211f2ae3f8a73c386bdd68e-dirty,1,1,1,1,6,670,high_stack_holes,34,0,1,1,15,-1161,0,858,860,native
ae0728a3e36e9a03e211f2ae3f8a73c386bdd68e-dirty,1,1,1,1,6,370,random_trajectory,34,0,1,8,8,-1154,0,484,486,native
ae0728a3e36e9a03e211f2ae3f8a73c386bdd68e-dirty,1,1,1,1,6,71,heuristic_trajectory,17,0,1,2,1,-119,0,773,775,native
ae0728a3e36e9a03e211f2ae3f8a73c386bdd68e-dirty,1,1,1,1,6,671,high_stack_holes,9,0,0,0,0,-24,0,413,415,native
ae0728a3e36e9a03e211f2ae3f8a73c386bdd68e-dirty,1,1,1,1,6,371,random_trajectory,34,0,3,2,0,-112,0,1538,1540,native
ae0728a3e36e9a03e211f2ae3f8a73c386bdd68e-dirty,1,1,1,1,6,72,heuristic_trajectory,34,0,3,0,3,-195,0,1538,1540,native
ae0728a3e36e9a03e211f2ae3f8a73c386bdd68e-dirty,1,1,1,1,6,672,high_stack_holes,17,0,1,1,17,-957,0,569,571,native
ae0728a3e36e9a03e211f2ae3f8a73c386bdd68e-dirty,1,1,1,1,6,372,random_trajectory,17,0,1,0,0,-1168,0,229,231,native
ae0728a3e36e9a03e211f2ae3f8a73c386bdd68e-dirty,1,1,1,1,6,73,heuristic_trajectory,9,0,0,1,2,-188,0,413,415,native
ae0728a3e36e9a03e211f2ae3f8a73c386bdd68e-dirty,1,1,1,1,6,673,high_stack_holes,17,0,1,7,16,-1155,0,535,537,native
ae0728a3e36e9a03e211f2ae3f8a73c386bdd68e-dirty,1,1,1,1,6,373,random_trajectory,34,0,3,2,0,-112,0,1538,1540,native
ae0728a3e36e9a03e211f2ae3f8a73c386bdd68e-dirty,1,1,1,1,6,74,heuristic_trajectory,17,0,1,9,4,-285,0,773,775,native
ae0728a3e36e9a03e211f2ae3f8a73c386bdd68e-dirty,1,1,1,1,6,674,high_stack_holes,17,0,1,9,5,-418,0,773,775,native
ae0728a3e36e9a03e211f2ae3f8a73c386bdd68e-dirty,1,1,1,1,6,374,random_trajectory,34,0,0,1,16,-992,0,1198,1200,native
ae0728a3e36e9a03e211f2ae3f8a73c386bdd68e-dirty,1,1,1,1,6,75,heuristic_trajectory,34,0,2,0,0,-108,0,1538,1540,native
ae0728a3e36e9a03e211f2ae3f8a73c386bdd68e-dirty,1,1,1,1,6,675,high_stack_holes,17,0,1,2,13,-917,0,637,639,native
ae0728a3e36e9a03e211f2ae3f8a73c386bdd68e-dirty,1,1,1,1,6,375,random_trajectory,9,0,0,2,14,-788,0,413,415,native
ae0728a3e36e9a03e211f2ae3f8a73c386bdd68e-dirty,1,1,1,1,6,76,heuristic_trajectory,17,0,1,8,1,-98,0,773,775,native
ae0728a3e36e9a03e211f2ae3f8a73c386bdd68e-dirty,1,1,1,1,6,676,high_stack_holes,34,0,1,0,16,-1133,0,1062,1064,native
ae0728a3e36e9a03e211f2ae3f8a73c386bdd68e-dirty,1,1,1,1,6,376,random_trajectory,17,0,1,0,16,-1100,0,399,401,native
ae0728a3e36e9a03e211f2ae3f8a73c386bdd68e-dirty,1,1,1,1,6,77,heuristic_trajectory,9,0,0,4,2,-168,0,413,415,native
ae0728a3e36e9a03e211f2ae3f8a73c386bdd68e-dirty,1,1,1,1,6,677,high_stack_holes,17,0,1,7,16,-900,0,467,469,native
ae0728a3e36e9a03e211f2ae3f8a73c386bdd68e-dirty,1,1,1,1,6,377,random_trajectory,34,0,3,8,0,-62,0,1538,1540,native
ae0728a3e36e9a03e211f2ae3f8a73c386bdd68e-dirty,1,1,1,1,6,78,heuristic_trajectory,17,0,0,4,2,-228,0,773,775,native
ae0728a3e36e9a03e211f2ae3f8a73c386bdd68e-dirty,1,1,1,1,6,678,high_stack_holes,34,0,1,5,12,-899,0,1198,1200,native
ae0728a3e36e9a03e211f2ae3f8a73c386bdd68e-dirty,1,1,1,1,6,378,random_trajectory,34,0,1,8,11,-1172,0,484,486,native
ae0728a3e36e9a03e211f2ae3f8a73c386bdd68e-dirty,1,1,1,1,6,79,heuristic_trajectory,9,0,0,8,4,-242,0,413,415,native
ae0728a3e36e9a03e211f2ae3f8a73c386bdd68e-dirty,1,1,1,1,6,679,high_stack_holes,9,0,0,1,15,-1140,0,311,313,native
ae0728a3e36e9a03e211f2ae3f8a73c386bdd68e-dirty,1,1,1,1,6,379,random_trajectory,34,0,3,8,17,-1102,0,722,724,native
ae0728a3e36e9a03e211f2ae3f8a73c386bdd68e-dirty,1,1,1,1,6,80,heuristic_trajectory,17,0,0,3,3,-206,0,773,775,native
ae0728a3e36e9a03e211f2ae3f8a73c386bdd68e-dirty,1,1,1,1,6,680,high_stack_holes,17,0,1,4,6,-458,0,773,775,native
ae0728a3e36e9a03e211f2ae3f8a73c386bdd68e-dirty,1,1,1,1,6,380,random_trajectory,9,0,0,2,14,-788,0,413,415,native
ae0728a3e36e9a03e211f2ae3f8a73c386bdd68e-dirty,1,1,1,1,6,81,heuristic_trajectory,17,0,1,8,1,-98,0,773,775,native
ae0728a3e36e9a03e211f2ae3f8a73c386bdd68e-dirty,1,1,1,1,6,681,high_stack_holes,17,0,1,0,13,-862,0,637,639,native
ae0728a3e36e9a03e211f2ae3f8a73c386bdd68e-dirty,1,1,1,1,6,381,random_trajectory,17,0,1,0,0,-1168,0,229,231,native
ae0728a3e36e9a03e211f2ae3f8a73c386bdd68e-dirty,1,1,1,1,6,82,heuristic_trajectory,9,0,0,7,2,-162,0,413,415,native
ae0728a3e36e9a03e211f2ae3f8a73c386bdd68e-dirty,1,1,1,1,6,682,high_stack_holes,9,0,0,8,6,-1093,0,209,211,native
ae0728a3e36e9a03e211f2ae3f8a73c386bdd68e-dirty,1,1,1,1,6,382,random_trajectory,9,0,0,0,0,0,1,107,109,native
ae0728a3e36e9a03e211f2ae3f8a73c386bdd68e-dirty,1,1,1,1,6,83,heuristic_trajectory,17,0,1,8,2,-191,0,773,775,native
ae0728a3e36e9a03e211f2ae3f8a73c386bdd68e-dirty,1,1,1,1,6,683,high_stack_holes,34,0,2,1,15,-989,0,1538,1540,native
ae0728a3e36e9a03e211f2ae3f8a73c386bdd68e-dirty,1,1,1,1,6,383,random_trajectory,34,0,0,0,16,-928,0,1538,1540,native
ae0728a3e36e9a03e211f2ae3f8a73c386bdd68e-dirty,1,1,1,1,6,84,heuristic_trajectory,34,0,2,6,2,-184,0,1538,1540,native
ae0728a3e36e9a03e211f2ae3f8a73c386bdd68e-dirty,1,1,1,1,6,684,high_stack_holes,17,0,1,1,15,-881,0,739,741,native
ae0728a3e36e9a03e211f2ae3f8a73c386bdd68e-dirty,1,1,1,1,6,384,random_trajectory,34,0,3,8,17,-1102,0,722,724,native
ae0728a3e36e9a03e211f2ae3f8a73c386bdd68e-dirty,1,1,1,1,6,85,heuristic_trajectory,34,0,2,4,2,-198,0,1538,1540,native
ae0728a3e36e9a03e211f2ae3f8a73c386bdd68e-dirty,1,1,1,1,6,685,high_stack_holes,34,0,1,5,17,-1252,0,416,418,native
ae0728a3e36e9a03e211f2ae3f8a73c386bdd68e-dirty,1,1,1,1,6,385,random_trajectory,34,0,3,8,17,-1102,0,722,724,native
ae0728a3e36e9a03e211f2ae3f8a73c386bdd68e-dirty,1,1,1,1,6,86,heuristic_trajectory,9,0,0,0,3,-196,0,413,415,native
ae0728a3e36e9a03e211f2ae3f8a73c386bdd68e-dirty,1,1,1,1,6,686,high_stack_holes,17,0,1,1,3,-236,0,773,775,native
ae0728a3e36e9a03e211f2ae3f8a73c386bdd68e-dirty,1,1,1,1,6,386,random_trajectory,9,0,0,8,14,-1053,0,141,143,native
ae0728a3e36e9a03e211f2ae3f8a73c386bdd68e-dirty,1,1,1,1,6,87,heuristic_trajectory,34,0,2,2,0,-104,0,1538,1540,native
ae0728a3e36e9a03e211f2ae3f8a73c386bdd68e-dirty,1,1,1,1,6,687,high_stack_holes,17,0,1,6,15,-999,0,433,435,native
ae0728a3e36e9a03e211f2ae3f8a73c386bdd68e-dirty,1,1,1,1,6,387,random_trajectory,34,0,3,2,16,-1048,0,892,894,native
ae0728a3e36e9a03e211f2ae3f8a73c386bdd68e-dirty,1,1,1,1,6,88,heuristic_trajectory,17,0,0,6,2,-96,0,773,775,native
ae0728a3e36e9a03e211f2ae3f8a73c386bdd68e-dirty,1,1,1,1,6,688,high_stack_holes,34,0,1,4,5,-1124,0,994,996,native
ae0728a3e36e9a03e211f2ae3f8a73c386bdd68e-dirty,1,1,1,1,6,388,random_trajectory,34,0,0,1,16,-992,0,1198,1200,native
ae0728a3e36e9a03e211f2ae3f8a73c386bdd68e-dirty,1,1,1,1,6,89,heuristic_trajectory,17,0,0,6,3,-216,0,773,775,native
ae0728a3e36e9a03e211f2ae3f8a73c386bdd68e-dirty,1,1,1,1,6,689,high_stack_holes,17,0,1,2,6,-391,0,773,775,native
ae0728a3e36e9a03e211f2ae3f8a73c386bdd68e-dirty,1,1,1,1,6,389,random_trajectory,17,0,0,4,16,-960,0,739,741,native
ae0728a3e36e9a03e211f2ae3f8a73c386bdd68e-dirty,1,1,1,1,6,90,heuristic_trajectory,17,0,0,4,0,-104,0,773,775,native
ae0728a3e36e9a03e211f2ae3f8a73c386bdd68e-dirty,1,1,1,1,6,690,high_stack_holes,17,0,1,2,16,-968,0,365,367,native
ae0728a3e36e9a03e211f2ae3f8a73c386bdd68e-dirty,1,1,1,1,6,390,random_trajectory,34,0,1,8,8,-1154,0,484,486,native
ae0728a3e36e9a03e211f2ae3f8a73c386bdd68e-dirty,1,1,1,1,6,91,heuristic_trajectory,9,0,0,0,7,-360,0,413,415,native
ae0728a3e36e9a03e211f2ae3f8a73c386bdd68e-dirty,1,1,1,1,6,691,high_stack_holes,34,0,3,0,1,-1080,0,620,622,native
ae0728a3e36e9a03e211f2ae3f8a73c386bdd68e-dirty,1,1,1,1,6,391,random_trajectory,34,0,0,0,0,-26,0,1538,1540,native
ae0728a3e36e9a03e211f2ae3f8a73c386bdd68e-dirty,1,1,1,1,6,92,heuristic_trajectory,9,0,0,1,2,-140,0,413,415,native
ae0728a3e36e9a03e211f2ae3f8a73c386bdd68e-dirty,1,1,1,1,6,692,high_stack_holes,34,0,0,0,0,0,1,382,384,native
ae0728a3e36e9a03e211f2ae3f8a73c386bdd68e-dirty,1,1,1,1,6,392,random_trajectory,34,0,0,3,14,-748,0,1538,1540,native
ae0728a3e36e9a03e211f2ae3f8a73c386bdd68e-dirty,1,1,1,1,6,93,heuristic_trajectory,9,0,0,8,6,-328,0,413,415,native
ae0728a3e36e9a03e211f2ae3f8a73c386bdd68e-dirty,1,1,1,1,6,693,high_stack_holes,34,0,1,1,16,-952,0,926,928,native
ae0728a3e36e9a03e211f2ae3f8a73c386bdd68e-dirty,1,1,1,1,6,393,random_trajectory,34,0,3,8,0,-710,0,1538,1540,native
ae0728a3e36e9a03e211f2ae3f8a73c386bdd68e-dirty,1,1,1,1,6,94,heuristic_trajectory,34,0,1,5,1,-182,0,1538,1540,native
ae0728a3e36e9a03e211f2ae3f8a73c386bdd68e-dirty,1,1,1,1,6,694,high_stack_holes,17,0,1,5,7,-921,0,773,775,native
ae0728a3e36e9a03e211f2ae3f8a73c386bdd68e-dirty,1,1,1,1,6,394,random_trajectory,17,0,1,0,0,-1168,0,229,231,native
ae0728a3e36e9a03e211f2ae3f8a73c386bdd68e-dirty,1,1,1,1,6,95,heuristic_trajectory,34,0,2,3,0,-134,0,1538,1540,native
ae0728a3e36e9a03e211f2ae3f8a73c386bdd68e-dirty,1,1,1,1,6,695,high_stack_holes,34,0,1,0,7,-397,0,1538,1540,native
ae0728a3e36e9a03e211f2ae3f8a73c386bdd68e-dirty,1,1,1,1,6,395,random_trajectory,34,0,1,8,11,-1172,0,484,486,native
ae0728a3e36e9a03e211f2ae3f8a73c386bdd68e-dirty,1,1,1,1,6,96,heuristic_trajectory,17,0,0,6,5,-376,0,773,775,native
ae0728a3e36e9a03e211f2ae3f8a73c386bdd68e-dirty,1,1,1,1,6,696,high_stack_holes,9,0,0,1,12,-944,0,209,211,native
ae0728a3e36e9a03e211f2ae3f8a73c386bdd68e-dirty,1,1,1,1,6,396,random_trajectory,17,0,1,0,16,-1100,0,399,401,native
ae0728a3e36e9a03e211f2ae3f8a73c386bdd68e-dirty,1,1,1,1,6,97,heuristic_trajectory,34,0,1,0,2,-211,0,1538,1540,native
ae0728a3e36e9a03e211f2ae3f8a73c386bdd68e-dirty,1,1,1,1,6,697,high_stack_holes,17,0,1,4,3,-852,0,535,537,native
ae0728a3e36e9a03e211f2ae3f8a73c386bdd68e-dirty,1,1,1,1,6,397,random_trajectory,34,0,1,8,8,-1154,0,484,486,native
ae0728a3e36e9a03e211f2ae3f8a73c386bdd68e-dirty,1,1,1,1,6,98,heuristic_trajectory,34,0,3,8,5,-331,0,1538,1540,native
ae0728a3e36e9a03e211f2ae3f8a73c386bdd68e-dirty,1,1,1,1,6,698,high_stack_holes,17,0,1,7,7,-492,0,773,775,native
ae0728a3e36e9a03e211f2ae3f8a73c386bdd68e-dirty,1,1,1,1,6,398,random_trajectory,17,0,1,0,0,-446,0,773,775,native
ae0728a3e36e9a03e211f2ae3f8a73c386bdd68e-dirty,1,1,1,1,6,99,heuristic_trajectory,34,0,3,8,5,-331,0,1538,1540,native
ae0728a3e36e9a03e211f2ae3f8a73c386bdd68e-dirty,1,1,1,1,6,699,high_stack_holes,17,0,1,4,14,-997,0,467,469,native
ae0728a3e36e9a03e211f2ae3f8a73c386bdd68e-dirty,1,1,1,1,6,399,random_trajectory,9,0,0,3,17,-1084,0,209,211,native
ae0728a3e36e9a03e211f2ae3f8a73c386bdd68e-dirty,1,1,1,1,6,100,heuristic_trajectory,17,0,0,1,2,-194,0,773,775,native
ae0728a3e36e9a03e211f2ae3f8a73c386bdd68e-dirty,1,1,1,1,6,700,high_stack_holes,34,0,1,0,16,-1106,0,824,826,native
ae0728a3e36e9a03e211f2ae3f8a73c386bdd68e-dirty,1,1,1,1,6,400,random_trajectory,34,0,1,6,12,-924,0,1538,1540,native
ae0728a3e36e9a03e211f2ae3f8a73c386bdd68e-dirty,1,1,1,1,6,101,heuristic_trajectory,17,0,0,4,3,-222,0,773,775,native
ae0728a3e36e9a03e211f2ae3f8a73c386bdd68e-dirty,1,1,1,1,6,701,high_stack_holes,34,0,2,3,14,-782,0,1538,1540,native
ae0728a3e36e9a03e211f2ae3f8a73c386bdd68e-dirty,1,1,1,1,6,401,random_trajectory,34,0,3,2,1,-184,0,1538,1540,native
ae0728a3e36e9a03e211f2ae3f8a73c386bdd68e-dirty,1,1,1,1,6,102,heuristic_trajectory,17,0,0,4,3,-232,0,773,775,native
ae0728a3e36e9a03e211f2ae3f8a73c386bdd68e-dirty,1,1,1,1,6,702,high_stack_holes,9,0,0,0,14,-939,0,311,313,native
ae0728a3e36e9a03e211f2ae3f8a73c386bdd68e-dirty,1,1,1,1,6,402,random_trajectory,34,0,0,7,0,-112,0,1538,1540,native
ae0728a3e36e9a03e211f2ae3f8a73c386bdd68e-dirty,1,1,1,1,6,103,heuristic_trajectory,34,0,2,6,0,-82,0,1538,1540,native
ae0728a3e36e9a03e211f2ae3f8a73c386bdd68e-dirty,1,1,1,1,6,703,high_stack_holes,17,0,1,0,17,-1144,0,365,367,native
ae0728a3e36e9a03e211f2ae3f8a73c386bdd68e-dirty,1,1,1,1,6,403,random_trajectory,9,0,0,5,0,-48,0,413,415,native
ae0728a3e36e9a03e211f2ae3f8a73c386bdd68e-dirty,1,1,1,1,6,104,heuristic_trajectory,34,0,0,7,1,-67,0,1538,1540,native
ae0728a3e36e9a03e211f2ae3f8a73c386bdd68e-dirty,1,1,1,1,6,704,high_stack_holes,17,0,0,0,0,-32,0,773,775,native
ae0728a3e36e9a03e211f2ae3f8a73c386bdd68e-dirty,1,1,1,1,6,404,random_trajectory,34,0,3,2,1,-184,0,1538,1540,native
ae0728a3e36e9a03e211f2ae3f8a73c386bdd68e-dirty,1,1,1,1,6,105,heuristic_trajectory,9,0,0,0,6,-392,0,413,415,native
ae0728a3e36e9a03e211f2ae3f8a73c386bdd68e-dirty,1,1,1,1,6,705,high_stack_holes,9,0,0,3,14,-974,0,311,313,native
ae0728a3e36e9a03e211f2ae3f8a73c386bdd68e-dirty,1,1,1,1,6,405,random_trajectory,17,0,1,3,9,-990,0,671,673,native
ae0728a3e36e9a03e211f2ae3f8a73c386bdd68e-dirty,1,1,1,1,6,106,heuristic_trajectory,34,0,2,4,3,-264,0,1538,1540,native
ae0728a3e36e9a03e211f2ae3f8a73c386bdd68e-dirty,1,1,1,1,6,706,high_stack_holes,17,0,1,2,17,-1159,0,297,299,native
ae0728a3e36e9a03e211f2ae3f8a73c386bdd68e-dirty,1,1,1,1,6,406,random_trajectory,34,0,1,6,12,-924,0,1538,1540,native
ae0728a3e36e9a03e211f2ae3f8a73c386bdd68e-dirty,1,1,1,1,6,107,heuristic_trajectory,34,0,1,3,3,-236,0,1538,1540,native
ae0728a3e36e9a03e211f2ae3f8a73c386bdd68e-dirty,1,1,1,1,6,707,high_stack_holes,34,0,3,4,4,-355,0,1538,1540,native
ae0728a3e36e9a03e211f2ae3f8a73c386bdd68e-dirty,1,1,1,1,6,407,random_trajectory,17,0,1,3,9,-990,0,671,673,native
ae0728a3e36e9a03e211f2ae3f8a73c386bdd68e-dirty,1,1,1,1,6,108,heuristic_trajectory,34,0,2,2,5,-350,0,1538,1540,native
ae0728a3e36e9a03e211f2ae3f8a73c386bdd68e-dirty,1,1,1,1,6,708,high_stack_holes,34,0,1,8,11,-807,0,1266,1268,native
ae0728a3e36e9a03e211f2ae3f8a73c386bdd68e-dirty,1,1,1,1,6,408,random_trajectory,34,0,1,6,8,-548,0,1538,1540,native
ae0728a3e36e9a03e211f2ae3f8a73c386bdd68e-dirty,1,1,1,1,6,109,heuristic_trajectory,17,0,1,8,0,-21,0,773,775,native
ae0728a3e36e9a03e211f2ae3f8a73c386bdd68e-dirty,1,1,1,1,6,709,high_stack_holes,9,0,0,4,17,-1144,0,311,313,native
ae0728a3e36e9a03e211f2ae3f8a73c386bdd68e-dirty,1,1,1,1,6,409,random_trajectory,34,0,0,0,14,-1104,0,1266,1268,native
ae0728a3e36e9a03e211f2ae3f8a73c386bdd68e-dirty,1,1,1,1,6,110,heuristic_trajectory,34,0,2,2,1,-122,0,1538,1540,native
ae0728a3e36e9a03e211f2ae3f8a73c386bdd68e-dirty,1,1,1,1,6,710,high_stack_holes,17,0,1,3,11,-832,0,773,775,native
ae0728a3e36e9a03e211f2ae3f8a73c386bdd68e-dirty,1,1,1,1,6,410,random_trajectory,34,0,3,8,1,-708,0,1538,1540,native
ae0728a3e36e9a03e211f2ae3f8a73c386bdd68e-dirty,1,1,1,1,6,111,heuristic_trajectory,34,0,3,8,5,-311,0,1538,1540,native
ae0728a3e36e9a03e211f2ae3f8a73c386bdd68e-dirty,1,1,1,1,6,711,high_stack_holes,17,0,1,3,0,-770,0,603,605,native
ae0728a3e36e9a03e211f2ae3f8a73c386bdd68e-dirty,1,1,1,1,6,411,random_trajectory,34,0,1,6,12,-924,0,1538,1540,native
ae0728a3e36e9a03e211f2ae3f8a73c386bdd68e-dirty,1,1,1,1,6,112,heuristic_trajectory,34,0,0,3,9,-476,0,1538,1540,native
ae0728a3e36e9a03e211f2ae3f8a73c386bdd68e-dirty,1,1,1,1,6,712,high_stack_holes,17,0,1,0,17,-1188,0,501,503,native
ae0728a3e36e9a03e211f2ae3f8a73c386bdd68e-dirty,1,1,1,1,6,412,random_trajectory,34,0,3,2,1,-184,0,1538,1540,native
ae0728a3e36e9a03e211f2ae3f8a73c386bdd68e-dirty,1,1,1,1,6,113,heuristic_trajectory,34,0,2,4,2,-174,0,1538,1540,native
ae0728a3e36e9a03e211f2ae3f8a73c386bdd68e-dirty,1,1,1,1,6,713,high_stack_holes,34,0,1,2,7,-1106,0,688,690,native
ae0728a3e36e9a03e211f2ae3f8a73c386bdd68e-dirty,1,1,1,1,6,413,random_trajectory,17,0,0,0,0,0,1,195,197,native
ae0728a3e36e9a03e211f2ae3f8a73c386bdd68e-dirty,1,1,1,1,6,114,heuristic_trajectory,34,0,2,7,2,-191,0,1538,1540,native
ae0728a3e36e9a03e211f2ae3f8a73c386bdd68e-dirty,1,1,1,1,6,714,high_stack_holes,34,0,1,3,15,-1001,0,824,826,native
ae0728a3e36e9a03e211f2ae3f8a73c386bdd68e-dirty,1,1,1,1,6,414,random_trajectory,17,0,1,3,9,-990,0,671,673,native
ae0728a3e36e9a03e211f2ae3f8a73c386bdd68e-dirty,1,1,1,1,6,115,heuristic_trajectory,17,0,0,3,2,-162,0,773,775,native
ae0728a3e36e9a03e211f2ae3f8a73c386bdd68e-dirty,1,1,1,1,6,715,high_stack_holes,17,0,1,1,6,-1122,0,603,605,native
ae0728a3e36e9a03e211f2ae3f8a73c386bdd68e-dirty,1,1,1,1,6,415,random_trajectory,17,0,1,3,9,-990,0,671,673,native
ae0728a3e36e9a03e211f2ae3f8a73c386bdd68e-dirty,1,1,1,1,6,116,heuristic_trajectory,34,0,1,0,4,-378,0,1538,1540,native
ae0728a3e36e9a03e211f2ae3f8a73c386bdd68e-dirty,1,1,1,1,6,716,high_stack_holes,34,0,1,4,12,-862,0,1538,1540,native
ae0728a3e36e9a03e211f2ae3f8a73c386bdd68e-dirty,1,1,1,1,6,416,random_trajectory,9,0,0,0,3,-480,0,413,415,native
ae0728a3e36e9a03e211f2ae3f8a73c386bdd68e-dirty,1,1,1,1,6,117,heuristic_trajectory,17,0,0,5,6,-360,0,773,775,native
ae0728a3e36e9a03e211f2ae3f8a73c386bdd68e-dirty,1,1,1,1,6,717,high_stack_holes,17,0,0,6,15,-917,0,399,401,native
ae0728a3e36e9a03e211f2ae3f8a73c386bdd68e-dirty,1,1,1,1,6,417,random_trajectory,34,0,1,6,8,-548,0,1538,1540,native
ae0728a3e36e9a03e211f2ae3f8a73c386bdd68e-dirty,1,1,1,1,6,118,heuristic_trajectory,17,0,1,6,5,-422,0,773,775,native
ae0728a3e36e9a03e211f2ae3f8a73c386bdd68e-dirty,1,1,1,1,6,718,high_stack_holes,17,0,1,3,16,-1259,0,467,469,native
ae0728a3e36e9a03e211f2ae3f8a73c386bdd68e-dirty,1,1,1,1,6,418,random_trajectory,17,0,1,6,8,-512,0,773,775,native
ae0728a3e36e9a03e211f2ae3f8a73c386bdd68e-dirty,1,1,1,1,6,119,heuristic_trajectory,9,0,0,4,1,-82,0,413,415,native
ae0728a3e36e9a03e211f2ae3f8a73c386bdd68e-dirty,1,1,1,1,6,719,high_stack_holes,34,0,3,2,12,-959,0,1538,1540,native
ae0728a3e36e9a03e211f2ae3f8a73c386bdd68e-dirty,1,1,1,1,6,419,random_trajectory,9,0,0,5,0,-48,0,413,415,native
ae0728a3e36e9a03e211f2ae3f8a73c386bdd68e-dirty,1,1,1,1,6,120,heuristic_trajectory,17,0,0,6,6,-390,0,773,775,native
ae0728a3e36e9a03e211f2ae3f8a73c386bdd68e-dirty,1,1,1,1,6,720,high_stack_holes,17,0,1,6,14,-996,0,331,333,native
ae0728a3e36e9a03e211f2ae3f8a73c386bdd68e-dirty,1,1,1,1,6,420,random_trajectory,9,0,0,5,0,-48,0,413,415,native
ae0728a3e36e9a03e211f2ae3f8a73c386bdd68e-dirty,1,1,1,1,6,121,heuristic_trajectory,34,0,1,8,2,-225,0,1538,1540,native
ae0728a3e36e9a03e211f2ae3f8a73c386bdd68e-dirty,1,1,1,1,6,721,high_stack_holes,17,0,0,0,0,0,1,195,197,native
ae0728a3e36e9a03e211f2ae3f8a73c386bdd68e-dirty,1,1,1,1,6,421,random_trajectory,34,0,3,2,1,-184,0,1538,1540,native
ae0728a3e36e9a03e211f2ae3f8a73c386bdd68e-dirty,1,1,1,1,6,122,heuristic_trajectory,34,0,3,8,2,-127,0,1538,1540,native
ae0728a3e36e9a03e211f2ae3f8a73c386bdd68e-dirty,1,1,1,1,6,722,high_stack_holes,34,0,0,2,0,-36,0,1538,1540,native
ae0728a3e36e9a03e211f2ae3f8a73c386bdd68e-dirty,1,1,1,1,6,422,random_trajectory,17,0,0,7,0,-172,0,773,775,native
ae0728a3e36e9a03e211f2ae3f8a73c386bdd68e-dirty,1,1,1,1,6,123,heuristic_trajectory,34,0,0,6,3,-222,0,1538,1540,native
ae0728a3e36e9a03e211f2ae3f8a73c386bdd68e-dirty,1,1,1,1,6,723,high_stack_holes,17,0,1,3,13,-944,0,399,401,native
ae0728a3e36e9a03e211f2ae3f8a73c386bdd68e-dirty,1,1,1,1,6,423,random_trajectory,34,0,0,7,0,-112,0,1538,1540,native
ae0728a3e36e9a03e211f2ae3f8a73c386bdd68e-dirty,1,1,1,1,6,124,heuristic_trajectory,17,0,0,6,0,-45,0,773,775,native
ae0728a3e36e9a03e211f2ae3f8a73c386bdd68e-dirty,1,1,1,1,6,724,high_stack_holes,34,0,1,3,17,-1197,0,892,894,native
ae0728a3e36e9a03e211f2ae3f8a73c386bdd68e-dirty,1,1,1,1,6,424,random_trajectory,17,0,0,0,14,-1192,0,297,299,native
ae0728a3e36e9a03e211f2ae3f8a73c386bdd68e-dirty,1,1,1,1,6,125,heuristic_trajectory,34,0,1,0,3,-253,0,1538,1540,native
ae0728a3e36e9a03e211f2ae3f8a73c386bdd68e-dirty,1,1,1,1,6,725,high_stack_holes,34,0,1,8,5,-414,0,1538,1540,native
ae0728a3e36e9a03e211f2ae3f8a73c386bdd68e-dirty,1,1,1,1,6,425,random_trajectory,17,0,1,6,8,-512,0,773,775,native
ae0728a3e36e9a03e211f2ae3f8a73c386bdd68e-dirty,1,1,1,1,6,126,heuristic_trajectory,17,0,0,6,0,-68,0,773,775,native
ae0728a3e36e9a03e211f2ae3f8a73c386bdd68e-dirty,1,1,1,1,6,726,high_stack_holes,17,0,1,6,11,-880,0,467,469,native
ae0728a3e36e9a03e211f2ae3f8a73c386bdd68e-dirty,1,1,1,1,6,426,random_trajectory,17,0,1,4,14,-968,0,773,775,native
ae0728a3e36e9a03e211f2ae3f8a73c386bdd68e-dirty,1,1,1,1,6,127,heuristic_trajectory,17,0,0,6,5,-305,0,773,775,native
ae0728a3e36e9a03e211f2ae3f8a73c386bdd68e-dirty,1,1,1,1,6,727,high_stack_holes,17,0,1,1,12,-1121,0,467,469,native
ae0728a3e36e9a03e211f2ae3f8a73c386bdd68e-dirty,1,1,1,1,6,427,random_trajectory,9,0,0,1,14,-1138,0,311,313,native
ae0728a3e36e9a03e211f2ae3f8a73c386bdd68e-dirty,1,1,1,1,6,128,heuristic_trajectory,34,0,3,2,0,-108,0,1538,1540,native
ae0728a3e36e9a03e211f2ae3f8a73c386bdd68e-dirty,1,1,1,1,6,728,high_stack_holes,17,0,0,6,10,-673,0,773,775,native
ae0728a3e36e9a03e211f2ae3f8a73c386bdd68e-dirty,1,1,1,1,6,428,random_trajectory,34,0,1,1,3,-368,0,1538,1540,native
ae0728a3e36e9a03e211f2ae3f8a73c386bdd68e-dirty,1,1,1,1,6,129,heuristic_trajectory,34,0,2,0,5,-376,0,1538,1540,native
ae0728a3e36e9a03e211f2ae3f8a73c386bdd68e-dirty,1,1,1,1,6,729,high_stack_holes,34,0,1,2,15,-902,0,1164,1166,native
ae0728a3e36e9a03e211f2ae3f8a73c386bdd68e-dirty,1,1,1,1,6,429,random_trajectory,17,0,1,8,1,-236,0,773,775,native
ae0728a3e36e9a03e211f2ae3f8a73c386bdd68e-dirty,1,1,1,1,6,130,heuristic_trajectory,17,0,0,2,6,-304,0,773,775,native
ae0728a3e36e9a03e211f2ae3f8a73c386bdd68e-dirty,1,1,1,1,6,730,high_stack_holes,17,0,1,8,16,-1165,0,535,537,native
ae0728a3e36e9a03e211f2ae3f8a73c386bdd68e-dirty,1,1,1,1,6,430,random_trajectory,34,0,0,7,0,-112,0,1538,1540,native
ae0728a3e36e9a03e211f2ae3f8a73c386bdd68e-dirty,1,1,1,1,6,131,heuristic_trajectory,17,0,1,6,0,-116,0,773,775,native
ae0728a3e36e9a03e211f2ae3f8a73c386bdd68e-dirty,1,1,1,1,6,731,high_stack_holes,17,0,1,8,12,-671,0,773,775,native
ae0728a3e36e9a03e211f2ae3f8a73c386bdd68e-dirty,1,1,1,1,6,431,random_trajectory,17,0,1,0,16,-1252,0,263,265,native
ae0728a3e36e9a03e211f2ae3f8a73c386bdd68e-dirty,1,1,1,1,6,132,heuristic_trajectory,34,0,0,5,5,-352,0,1538,1540,native
ae0728a3e36e9a03e211f2ae3f8a73c386bdd68e-dirty,1,1,1,1,6,732,high_stack_holes,34,0,1,6,15,-873,0,1164,1166,native
ae0728a3e36e9a03e211f2ae3f8a73c386bdd68e-dirty,1,1,1,1,6,432,random_trajectory,34,0,3,8,1,-708,0,1538,1540,native
ae0728a3e36e9a03e211f2ae3f8a73c386bdd68e-dirty,1,1,1,1,6,133,heuristic_trajectory,34,0,1,1,2,-208,0,1538,1540,native
ae0728a3e36e9a03e211f2ae3f8a73c386bdd68e-dirty,1,1,1,1,6,733,high_stack_holes,9,0,0,7,10,-1155,0,277,279,native
ae0728a3e36e9a03e211f2ae3f8a73c386bdd68e-dirty,1,1,1,1,6,433,random_trajectory,17,0,0,0,0,0,1,195,197,native
ae0728a3e36e9a03e211f2ae3f8a73c386bdd68e-dirty,1,1,1,1,6,134,heuristic_trajectory,17,0,1,7,0,-84,0,773,775,native
ae0728a3e36e9a03e211f2ae3f8a73c386bdd68e-dirty,1,1,1,1,6,734,high_stack_holes,17,0,1,4,7,-620,0,773,775,native
ae0728a3e36e9a03e211f2ae3f8a73c386bdd68e-dirty,1,1,1,1,6,434,random_trajectory,34,0,0,0,14,-1104,0,1266,1268,native
ae0728a3e36e9a03e211f2ae3f8a73c386bdd68e-dirty,1,1,1,1,6,135,heuristic_trajectory,17,0,1,7,0,-88,0,773,775,native
ae0728a3e36e9a03e211f2ae3f8a73c386bdd68e-dirty,1,1,1,1,6,735,high_stack_holes,17,0,1,3,16,-939,0,501,503,native
ae0728a3e36e9a03e211f2ae3f8a73c386bdd68e-dirty,1,1,1,1,6,435,random_trajectory,9,0,0,5,0,-48,0,413,415,native
ae0728a3e36e9a03e211f2ae3f8a73c386bdd68e-dirty,1,1,1,1,6,136,heuristic_trajectory,17,0,1,9,2,-152,0,773,775,native
ae0728a3e36e9a03e211f2ae3f8a73c386bdd68e-dirty,1,1,1,1,6,736,high_stack_holes,34,0,1,0,17,-1018,0,1266,1268,native
ae0728a3e36e9a03e211f2ae3f8a73c386bdd68e-dirty,1,1,1,1,6,436,random_trajectory,34,0,0,7,0,-112,0,1538,1540,native
ae0728a3e36e9a03e211f2ae3f8a73c386bdd68e-dirty,1,1,1,1,6,137,heuristic_trajectory,34,0,2,1,2,-184,0,1538,1540,native
ae0728a3e36e9a03e211f2ae3f8a73c386bdd68e-dirty,1,1,1,1,6,737,high_stack_holes,34,0,3,1,14,-1139,0,1436,1438,native
ae0728a3e36e9a03e211f2ae3f8a73c386bdd68e-dirty,1,1,1,1,6,437,random_trajectory,34,0,0,0,14,-1164,0,824,826,native
ae0728a3e36e9a03e211f2ae3f8a73c386bdd68e-dirty,1,1,1,1,6,138,heuristic_trajectory,34,0,2,7,7,-421,0,1538,1540,native
ae0728a3e36e9a03e211f2ae3f8a73c386bdd68e-dirty,1,1,1,1,6,738,high_stack_holes,34,0,2,7,13,-864,0,1334,1336,native
ae0728a3e36e9a03e211f2ae3f8a73c386bdd68e-dirty,1,1,1,1,6,438,random_trajectory,34,0,3,1,15,-1216,0,654,656,native
ae0728a3e36e9a03e211f2ae3f8a73c386bdd68e-dirty,1,1,1,1,6,139,heuristic_trajectory,34,0,1,8,0,-63,0,1538,1540,native
ae0728a3e36e9a03e211f2ae3f8a73c386bdd68e-dirty,1,1,1,1,6,739,high_stack_holes,17,0,0,0,0,0,1,195,197,native
ae0728a3e36e9a03e211f2ae3f8a73c386bdd68e-dirty,1,1,1,1,6,439,random_trajectory,17,0,0,0,14,-1192,0,297,299,native
ae0728a3e36e9a03e211f2ae3f8a73c386bdd68e-dirty,1,1,1,1,6,140,heuristic_trajectory,34,0,3,8,5,-311,0,1538,1540,native
ae0728a3e36e9a03e211f2ae3f8a73c386bdd68e-dirty,1,1,1,1,6,740,high_stack_holes,34,0,1,2,16,-1134,0,1300,1302,native
ae0728a3e36e9a03e211f2ae3f8a73c386bdd68e-dirty,1,1,1,1,6,440,random_trajectory,34,0,3,2,1,-184,0,1538,1540,native
ae0728a3e36e9a03e211f2ae3f8a73c386bdd68e-dirty,1,1,1,1,6,141,heuristic_trajectory,17,0,0,1,2,-160,0,773,775,native
ae0728a3e36e9a03e211f2ae3f8a73c386bdd68e-dirty,1,1,1,1,6,741,high_stack_holes,34,0,3,4,15,-928,0,1300,1302,native
ae0728a3e36e9a03e211f2ae3f8a73c386bdd68e-dirty,1,1,1,1,6,441,random_trajectory,17,0,1,8,1,-742,0,773,775,native
ae0728a3e36e9a03e211f2ae3f8a73c386bdd68e-dirty,1,1,1,1,6,142,heuristic_trajectory,17,0,0,5,6,-422,0,773,775,native
ae0728a3e36e9a03e211f2ae3f8a73c386bdd68e-dirty,1,1,1,1,6,742,high_stack_holes,17,0,1,1,15,-1254,0,297,299,native
ae0728a3e36e9a03e211f2ae3f8a73c386bdd68e-dirty,1,1,1,1,6,442,random_trajectory,34,0,0,0,14,-1104,0,1266,1268,native
ae0728a3e36e9a03e211f2ae3f8a73c386bdd68e-dirty,1,1,1,1,6,143,heuristic_trajectory,17,0,0,6,5,-280,0,773,775,native
ae0728a3e36e9a03e211f2ae3f8a73c386bdd68e-dirty,1,1,1,1,6,743,high_stack_holes,34,0,3,4,7,-611,0,1538,1540,native
ae0728a3e36e9a03e211f2ae3f8a73c386bdd68e-dirty,1,1,1,1,6,443,random_trajectory,34,0,0,7,0,-112,0,1538,1540,native
ae0728a3e36e9a03e211f2ae3f8a73c386bdd68e-dirty,1,1,1,1,6,144,heuristic_trajectory,34,0,3,3,1,-204,0,1538,1540,native
ae0728a3e36e9a03e211f2ae3f8a73c386bdd68e-dirty,1,1,1,1,6,744,high_stack_holes,17,0,1,0,11,-842,0,705,707,native
ae0728a3e36e9a03e211f2ae3f8a73c386bdd68e-dirty,1,1,1,1,6,444,random_trajectory,34,0,3,2,1,-184,0,1538,1540,native
ae0728a3e36e9a03e211f2ae3f8a73c386bdd68e-dirty,1,1,1,1,6,145,heuristic_trajectory,17,0,0,6,0,-68,0,773,775,native
ae0728a3e36e9a03e211f2ae3f8a73c386bdd68e-dirty,1,1,1,1,6,745,high_stack_holes,9,0,0,1,1,-1037,0,379,381,native
ae0728a3e36e9a03e211f2ae3f8a73c386bdd68e-dirty,1,1,1,1,6,445,random_trajectory,9,0,0,1,14,-1074,0,413,415,native
ae0728a3e36e9a03e211f2ae3f8a73c386bdd68e-dirty,1,1,1,1,6,146,heuristic_trajectory,34,0,3,7,5,-364,0,1538,1540,native
ae0728a3e36e9a03e211f2ae3f8a73c386bdd68e-dirty,1,1,1,1,6,746,high_stack_holes,34,0,1,0,16,-1177,0,1096,1098,native
ae0728a3e36e9a03e211f2ae3f8a73c386bdd68e-dirty,1,1,1,1,6,446,random_trajectory,34,0,3,8,1,-708,0,1538,1540,native
ae0728a3e36e9a03e211f2ae3f8a73c386bdd68e-dirty,1,1,1,1,6,147,heuristic_trajectory,34,0,3,8,2,-189,0,1538,1540,native
ae0728a3e36e9a03e211f2ae3f8a73c386bdd68e-dirty,1,1,1,1,6,747,high_stack_holes,9,0,0,6,14,-885,0,311,313,native
ae0728a3e36e9a03e211f2ae3f8a73c386bdd68e-dirty,1,1,1,1,6,447,random_trajectory,34,0,1,1,3,-368,0,1538,1540,native
ae0728a3e36e9a03e211f2ae3f8a73c386bdd68e-dirty,1,1,1,1,6,148,heuristic_trajectory,34,0,1,4,2,-188,0,1538,1540,native
ae0728a3e36e9a03e211f2ae3f8a73c386bdd68e-dirty,1,1,1,1,6,748,high_stack_holes,17,0,1,7,5,-1151,0,467,469,native
ae0728a3e36e9a03e211f2ae3f8a73c386bdd68e-dirty,1,1,1,1,6,448,random_trajectory,17,0,1,0,16,-1252,0,263,265,native
ae0728a3e36e9a03e211f2ae3f8a73c386bdd68e-dirty,1,1,1,1,6,149,heuristic_trajectory,9,0,0,1,6,-368,0,413,415,native
ae0728a3e36e9a03e211f2ae3f8a73c386bdd68e-dirty,1,1,1,1,6,749,high_stack_holes,34,0,2,5,6,-423,0,1538,1540,native
ae0728a3e36e9a03e211f2ae3f8a73c386bdd68e-dirty,1,1,1,1,6,449,random_trajectory,9,0,0,1,14,-1138,0,311,313,native
ae0728a3e36e9a03e211f2ae3f8a73c386bdd68e-dirty,1,1,1,1,6,150,heuristic_trajectory,34,0,0,7,5,-309,0,1538,1540,native
ae0728a3e36e9a03e211f2ae3f8a73c386bdd68e-dirty,1,1,1,1,6,750,high_stack_holes,17,0,0,7,12,-801,0,773,775,native
ae0728a3e36e9a03e211f2ae3f8a73c386bdd68e-dirty,1,1,1,1,6,450,random_trajectory,17,0,1,8,11,-1152,0,229,231,native
ae0728a3e36e9a03e211f2ae3f8a73c386bdd68e-dirty,1,1,1,1,6,151,heuristic_trajectory,17,0,1,6,0,-116,0,773,775,native
ae0728a3e36e9a03e211f2ae3f8a73c386bdd68e-dirty,1,1,1,1,6,751,high_stack_holes,34,0,3,1,15,-1259,0,756,758,native
ae0728a3e36e9a03e211f2ae3f8a73c386bdd68e-dirty,1,1,1,1,6,451,random_trajectory,34,0,0,0,0,0,1,382,384,native
ae0728a3e36e9a03e211f2ae3f8a73c386bdd68e-dirty,1,1,1,1,6,152,heuristic_trajectory,9,0,0,0,3,-192,0,413,415,native
ae0728a3e36e9a03e211f2ae3f8a73c386bdd68e-dirty,1,1,1,1,6,752,high_stack_holes,34,0,3,5,10,-832,0,1538,1540,native
ae0728a3e36e9a03e211f2ae3f8a73c386bdd68e-dirty,1,1,1,1,6,452,random_trajectory,9,0,0,3,18,-1018,0,277,279,native
ae0728a3e36e9a03e211f2ae3f8a73c386bdd68e-dirty,1,1,1,1,6,153,heuristic_trajectory,34,0,1,2,1,-103,0,1538,1540,native
ae0728a3e36e9a03e211f2ae3f8a73c386bdd68e-dirty,1,1,1,1,6,753,high_stack_holes,34,0,2,2,13,-884,0,1198,1200,native
ae0728a3e36e9a03e211f2ae3f8a73c386bdd68e-dirty,1,1,1,1,6,453,random_trajectory,17,0,1,0,0,-512,0,773,775,native
ae0728a3e36e9a03e211f2ae3f8a73c386bdd68e-dirty,1,1,1,1,6,154,heuristic_trajectory,34,0,3,8,0,-84,0,1538,1540,native
ae0728a3e36e9a03e211f2ae3f8a73c386bdd68e-dirty,1,1,1,1,6,754,high_stack_holes,34,0,3,5,16,-1251,0,790,792,native
ae0728a3e36e9a03e211f2ae3f8a73c386bdd68e-dirty,1,1,1,1,6,454,random_trajectory,17,0,0,0,0,-142,0,773,775,native
ae0728a3e36e9a03e211f2ae3f8a73c386bdd68e-dirty,1,1,1,1,6,155,heuristic_trajectory,17,0,0,5,7,-395,0,773,775,native
ae0728a3e36e9a03e211f2ae3f8a73c386bdd68e-dirty,1,1,1,1,6,755,high_stack_holes,17,0,1,4,12,-1061,0,705,707,native
ae0728a3e36e9a03e211f2ae3f8a73c386bdd68e-dirty,1,1,1,1,6,455,random_trajectory,34,0,1,0,14,-1070,0,518,520,native
ae0728a3e36e9a03e211f2ae3f8a73c386bdd68e-dirty,1,1,1,1,6,156,heuristic_trajectory,17,0,1,3,7,-448,0,773,775,native
ae0728a3e36e9a03e211f2ae3f8a73c386bdd68e-dirty,1,1,1,1,6,756,high_stack_holes,17,0,1,9,6,-837,0,603,605,native
ae0728a3e36e9a03e211f2ae3f8a73c386bdd68e-dirty,1,1,1,1,6,456,random_trajectory,17,0,1,2,6,-798,0,501,503,native
ae0728a3e36e9a03e211f2ae3f8a73c386bdd68e-dirty,1,1,1,1,6,157,heuristic_trajectory,34,0,2,1,4,-340,0,1538,1540,native
ae0728a3e36e9a03e211f2ae3f8a73c386bdd68e-dirty,1,1,1,1,6,757,high_stack_holes,17,0,0,0,17,-1139,0,603,605,native
ae0728a3e36e9a03e211f2ae3f8a73c386bdd68e-dirty,1,1,1,1,6,457,random_trajectory,17,0,0,0,0,-142,0,773,775,native
ae0728a3e36e9a03e211f2ae3f8a73c386bdd68e-dirty,1,1,1,1,6,158,heuristic_trajectory,17,0,0,6,0,-59,0,773,775,native
ae0728a3e36e9a03e211f2ae3f8a73c386bdd68e-dirty,1,1,1,1,6,758,high_stack_holes,34,0,0,2,2,-174,0,1538,1540,native
ae0728a3e36e9a03e211f2ae3f8a73c386bdd68e-dirty,1,1,1,1,6,458,random_trajectory,17,0,1,8,11,-1152,0,229,231,native
ae0728a3e36e9a03e211f2ae3f8a73c386bdd68e-dirty,1,1,1,1,6,159,heuristic_trajectory,17,0,1,8,2,-212,0,773,775,native
ae0728a3e36e9a03e211f2ae3f8a73c386bdd68e-dirty,1,1,1,1,6,759,high_stack_holes,34,0,1,4,16,-1043,0,518,520,native
ae0728a3e36e9a03e211f2ae3f8a73c386bdd68e-dirty,1,1,1,1,6,459,random_trajectory,17,0,1,0,0,-512,0,773,775,native
ae0728a3e36e9a03e211f2ae3f8a73c386bdd68e-dirty,1,1,1,1,6,160,heuristic_trajectory,17,0,0,4,0,-35,0,773,775,native
ae0728a3e36e9a03e211f2ae3f8a73c386bdd68e-dirty,1,1,1,1,6,760,high_stack_holes,34,0,3,2,4,-1033,0,790,792,native
ae0728a3e36e9a03e211f2ae3f8a73c386bdd68e-dirty,1,1,1,1,6,460,random_trajectory,17,0,1,1,15,-1082,0,297,299,native
ae0728a3e36e9a03e211f2ae3f8a73c386bdd68e-dirty,1,1,1,1,6,161,heuristic_trajectory,34,0,0,5,0,-50,0,1538,1540,native
ae0728a3e36e9a03e211f2ae3f8a73c386bdd68e-dirty,1,1,1,1,6,761,high_stack_holes,34,0,1,7,2,-261,0,1538,1540,native
ae0728a3e36e9a03e211f2ae3f8a73c386bdd68e-dirty,1,1,1,1,6,461,random_trajectory,17,0,1,8,5,-830,0,467,469,native
ae0728a3e36e9a03e211f2ae3f8a73c386bdd68e-dirty,1,1,1,1,6,162,heuristic_trajectory,17,0,1,5,6,-420,0,773,775,native
ae0728a3e36e9a03e211f2ae3f8a73c386bdd68e-dirty,1,1,1,1,6,762,high_stack_holes,17,0,1,6,13,-894,0,501,503,native
ae0728a3e36e9a03e211f2ae3f8a73c386bdd68e-dirty,1,1,1,1,6,462,random_trajectory,34,0,1,8,4,-924,0,926,928,native
ae0728a3e36e9a03e211f2ae3f8a73c386bdd68e-dirty,1,1,1,1,6,163,heuristic_trajectory,34,0,1,8,2,-225,0,1538,1540,native
ae0728a3e36e9a03e211f2ae3f8a73c386bdd68e-dirty,1,1,1,1,6,763,high_stack_holes,17,0,1,6,7,-1108,0,331,333,native
ae0728a3e36e9a03e211f2ae3f8a73c386bdd68e-dirty,1,1,1,1,6,463,random_trajectory,34,0,0,0,0,-58,0,1538,1540,native
ae0728a3e36e9a03e211f2ae3f8a73c386bdd68e-dirty,1,1,1,1,6,164,heuristic_trajectory,34,0,0,2,0,-62,0,1538,1540,native
ae0728a3e36e9a03e211f2ae3f8a73c386bdd68e-dirty,1,1,1,1,6,764,high_stack_holes,17,0,0,6,1,-67,0,773,775,native
ae0728a3e36e9a03e211f2ae3f8a73c386bdd68e-dirty,1,1,1,1,6,464,random_trajectory,9,0,0,8,14,-1172,0,141,143,native
ae0728a3e36e9a03e211f2ae3f8a73c386bdd68e-dirty,1,1,1,1,6,165,heuristic_trajectory,17,0,0,4,6,-386,0,773,775,native
ae0728a3e36e9a03e211f2ae3f8a73c386bdd68e-dirty,1,1,1,1,6,765,high_stack_holes,17,0,1,2,0,-869,0,637,639,native
ae0728a3e36e9a03e211f2ae3f8a73c386bdd68e-dirty,1,1,1,1,6,465,random_trajectory,34,0,0,0,7,-760,0,1300,1302,native
ae0728a3e36e9a03e211f2ae3f8a73c386bdd68e-dirty,1,1,1,1,6,166,heuristic_trajectory,17,0,0,4,5,-354,0,773,775,native
ae0728a3e36e9a03e211f2ae3f8a73c386bdd68e-dirty,1,1,1,1,6,766,high_stack_holes,17,0,1,1,16,-1201,0,467,469,native
ae0728a3e36e9a03e211f2ae3f8a73c386bdd68e-dirty,1,1,1,1,6,466,random_trajectory,34,0,0,0,0,-420,0,1538,1540,native
ae0728a3e36e9a03e211f2ae3f8a73c386bdd68e-dirty,1,1,1,1,6,167,heuristic_trajectory,17,0,0,4,5,-354,0,773,775,native
ae0728a3e36e9a03e211f2ae3f8a73c386bdd68e-dirty,1,1,1,1,6,767,high_stack_holes,34,0,1,5,10,-595,0,1538,1540,native
ae0728a3e36e9a03e211f2ae3f8a73c386bdd68e-dirty,1,1,1,1,6,467,random_trajectory,17,0,1,1,6,-734,0,671,673,native
ae0728a3e36e9a03e211f2ae3f8a73c386bdd68e-dirty,1,1,1,1,6,168,heuristic_trajectory,34,0,0,4,3,-214,0,1538,1540,native
ae0728a3e36e9a03e211f2ae3f8a73c386bdd68e-dirty,1,1,1,1,6,768,high_stack_holes,17,0,1,1,13,-833,0,603,605,native
ae0728a3e36e9a03e211f2ae3f8a73c386bdd68e-dirty,1,1,1,1,6,468,random_trajectory,34,0,0,0,0,-274,0,1538,1540,native
ae0728a3e36e9a03e211f2ae3f8a73c386bdd68e-dirty,1,1,1,1,6,169,heuristic_trajectory,17,0,1,6,6,-370,0,773,775,native
ae0728a3e36e9a03e211f2ae3f8a73c386bdd68e-dirty,1,1,1,1,6,769,high_stack_holes,34,0,0,3,18,-1138,0,688,690,native
ae0728a3e36e9a03e211f2ae3f8a73c386bdd68e-dirty,1,1,1,1,6,469,random_trajectory,34,0,3,1,6,-622,0,1538,1540,native
ae0728a3e36e9a03e211f2ae3f8a73c386bdd68e-dirty,1,1,1,1,6,170,heuristic_trajectory,34,0,0,1,3,-184,0,1538,1540,native
ae0728a3e36e9a03e211f2ae3f8a73c386bdd68e-dirty,1,1,1,1,6,770,high_stack_holes,34,0,0,6,0,-107,0,1538,1540,native
ae0728a3e36e9a03e211f2ae3f8a73c386bdd68e-dirty,1,1,1,1,6,470,random_trajectory,17,0,0,0,0,-32,0,773,775,native
ae0728a3e36e9a03e211f2ae3f8a73c386bdd68e-dirty,1,1,1,1,6,171,heuristic_trajectory,17,0,1,6,6,-370,0,773,775,native
ae0728a3e36e9a03e211f2ae3f8a73c386bdd68e-dirty,1,1,1,1,6,771,high_stack_holes,34,0,1,2,11,-870,0,1062,1064,native
ae0728a3e36e9a03e211f2ae3f8a73c386bdd68e-dirty,1,1,1,1,6,471,random_trajectory,34,0,1,5,3,-256,0,1538,1540,native
ae0728a3e36e9a03e211f2ae3f8a73c386bdd68e-dirty,1,1,1,1,6,172,heuristic_trajectory,34,0,0,1,5,-308,0,1538,1540,native
ae0728a3e36e9a03e211f2ae3f8a73c386bdd68e-dirty,1,1,1,1,6,772,high_stack_holes,34,0,3,6,14,-1212,0,960,962,native
ae0728a3e36e9a03e211f2ae3f8a73c386bdd68e-dirty,1,1,1,1,6,472,random_trajectory,17,0,0,0,0,-32,0,773,775,native
ae0728a3e36e9a03e211f2ae3f8a73c386bdd68e-dirty,1,1,1,1,6,173,heuristic_trajectory,34,0,3,8,2,-189,0,1538,1540,native
ae0728a3e36e9a03e211f2ae3f8a73c386bdd68e-dirty,1,1,1,1,6,773,high_stack_holes,34,0,2,1,15,-974,0,1538,1540,native
ae0728a3e36e9a03e211f2ae3f8a73c386bdd68e-dirty,1,1,1,1,6,473,random_trajectory,17,0,1,8,0,-308,0,773,775,native
ae0728a3e36e9a03e211f2ae3f8a73c386bdd68e-dirty,1,1,1,1,6,174,heuristic_trajectory,34,0,3,7,1,-70,0,1538,1540,native
ae0728a3e36e9a03e211f2ae3f8a73c386bdd68e-dirty,1,1,1,1,6,774,high_stack_holes,34,0,1,7,12,-791,0,1538,1540,native
ae0728a3e36e9a03e211f2ae3f8a73c386bdd68e-dirty,1,1,1,1,6,474,random_trajectory,17,0,1,0,9,-962,0,399,401,native
ae0728a3e36e9a03e211f2ae3f8a73c386bdd68e-dirty,1,1,1,1,6,175,heuristic_trajectory,34,0,1,2,5,-342,0,1538,1540,native
ae0728a3e36e9a03e211f2ae3f8a73c386bdd68e-dirty,1,1,1,1,6,775,high_stack_holes,9,0,0,3,16,-1115,0,209,211,native
ae0728a3e36e9a03e211f2ae3f8a73c386bdd68e-dirty,1,1,1,1,6,475,random_trajectory,17,0,1,0,0,-512,0,773,775,native
ae0728a3e36e9a03e211f2ae3f8a73c386bdd68e-dirty,1,1,1,1,6,176,heuristic_trajectory,17,0,1,4,0,-86,0,773,775,native
ae0728a3e36e9a03e211f2ae3f8a73c386bdd68e-dirty,1,1,1,1,6,776,high_stack_holes,9,0,0,2,8,-586,0,413,415,native
ae0728a3e36e9a03e211f2ae3f8a73c386bdd68e-dirty,1,1,1,1,6,476,random_trajectory,34,0,1,5,3,-256,0,1538,1540,native
ae0728a3e36e9a03e211f2ae3f8a73c386bdd68e-dirty,1,1,1,1,6,177,heuristic_trajectory,17,0,0,2,1,-136,0,773,775,native
ae0728a3e36e9a03e211f2ae3f8a73c386bdd68e-dirty,1,1,1,1,6,777,high_stack_holes,17,0,1,6,14,-930,0,433,435,native
ae0728a3e36e9a03e211f2ae3f8a73c386bdd68e-dirty,1,1,1,1,6,477,random_trajectory,17,0,0,0,0,-142,0,773,775,native
ae0728a3e36e9a03e211f2ae3f8a73c386bdd68e-dirty,1,1,1,1,6,178,heuristic_trajectory,17,0,0,0,7,-391,0,773,775,native
ae0728a3e36e9a03e211f2ae3f8a73c386bdd68e-dirty,1,1,1,1,6,778,high_stack_holes,17,0,1,8,17,-1201,0,467,469,native
ae0728a3e36e9a03e211f2ae3f8a73c386bdd68e-dirty,1,1,1,1,6,478,random_trajectory,17,0,1,1,6,-734,0,671,673,native
ae0728a3e36e9a03e211f2ae3f8a73c386bdd68e-dirty,1,1,1,1,6,179,heuristic_trajectory,34,0,2,7,0,-98,0,1538,1540,native
ae0728a3e36e9a03e211f2ae3f8a73c386bdd68e-dirty,1,1,1,1,6,779,high_stack_holes,34,0,1,0,12,-716,0,1538,1540,native
ae0728a3e36e9a03e211f2ae3f8a73c386bdd68e-dirty,1,1,1,1,6,479,random_trajectory,34,0,1,8,0,-536,0,1538,1540,native
ae0728a3e36e9a03e211f2ae3f8a73c386bdd68e-dirty,1,1,1,1,6,180,heuristic_trajectory,17,0,1,0,3,-280,0,773,775,native
ae0728a3e36e9a03e211f2ae3f8a73c386bdd68e-dirty,1,1,1,1,6,780,high_stack_holes,9,0,0,7,14,-865,0,413,415,native
ae0728a3e36e9a03e211f2ae3f8a73c386bdd68e-dirty,1,1,1,1,6,480,random_trajectory,17,0,1,5,2,-212,0,773,775,native
ae0728a3e36e9a03e211f2ae3f8a73c386bdd68e-dirty,1,1,1,1,6,181,heuristic_trajectory,9,0,0,3,7,-436,0,413,415,native
ae0728a3e36e9a03e211f2ae3f8a73c386bdd68e-dirty,1,1,1,1,6,781,high_stack_holes,34,0,1,7,15,-1148,0,858,860,native
ae0728a3e36e9a03e211f2ae3f8a73c386bdd68e-dirty,1,1,1,1,6,481,random_trajectory,34,0,1,8,4,-924,0,926,928,native
ae0728a3e36e9a03e211f2ae3f8a73c386bdd68e-dirty,1,1,1,1,6,182,heuristic_trajectory,34,0,2,6,5,-362,0,1538,1540,native
ae0728a3e36e9a03e211f2ae3f8a73c386bdd68e-dirty,1,1,1,1,6,782,high_stack_holes,17,0,1,8,5,-438,0,773,775,native
ae0728a3e36e9a03e211f2ae3f8a73c386bdd68e-dirty,1,1,1,1,6,482,random_trajectory,9,0,0,8,14,-1172,0,141,143,native
ae0728a3e36e9a03e211f2ae3f8a73c386bdd68e-dirty,1,1,1,1,6,183,heuristic_trajectory,34,0,0,6,2,-154,0,1538,1540,native
ae0728a3e36e9a03e211f2ae3f8a73c386bdd68e-dirty,1,1,1,1,6,783,high_stack_holes,34,0,3,1,13,-910,0,1096,1098,native
ae0728a3e36e9a03e211f2ae3f8a73c386bdd68e-dirty,1,1,1,1,6,483,random_trajectory,34,0,0,0,0,-274,0,1538,1540,native
ae0728a3e36e9a03e211f2ae3f8a73c386bdd68e-dirty,1,1,1,1,6,184,heuristic_trajectory,34,0,3,7,0,-82,0,1538,1540,native
ae0728a3e36e9a03e211f2ae3f8a73c386bdd68e-dirty,1,1,1,1,6,784,high_stack_holes,17,0,1,2,1,-1068,0,365,367,native
ae0728a3e36e9a03e211f2ae3f8a73c386bdd68e-dirty,1,1,1,1,6,484,random_trajectory,34,0,1,8,4,-924,0,926,928,native
ae0728a3e36e9a03e211f2ae3f8a73c386bdd68e-dirty,1,1,1,1,6,185,heuristic_trajectory,34,0,2,3,2,-194,0,1538,1540,native
ae0728a3e36e9a03e211f2ae3f8a73c386bdd68e-dirty,1,1,1,1,6,785,high_stack_holes,9,0,0,3,12,-797,0,413,415,native
ae0728a3e36e9a03e211f2ae3f8a73c386bdd68e-dirty,1,1,1,1,6,485,random_trajectory,17,0,1,0,9,-962,0,399,401,native
ae0728a3e36e9a03e211f2ae3f8a73c386bdd68e-dirty,1,1,1,1,6,186,heuristic_trajectory,9,0,0,0,3,-252,0,413,415,native
ae0728a3e36e9a03e211f2ae3f8a73c386bdd68e-dirty,1,1,1,1,6,786,high_stack_holes,17,0,1,8,14,-838,0,637,639,native
ae0728a3e36e9a03e211f2ae3f8a73c386bdd68e-dirty,1,1,1,1,6,486,random_trajectory,17,0,1,1,15,-1082,0,297,299,native
ae0728a3e36e9a03e211f2ae3f8a73c386bdd68e-dirty,1,1,1,1,6,187,heuristic_trajectory,17,0,1,8,4,-376,0,773,775,native
ae0728a3e36e9a03e211f2ae3f8a73c386bdd68e-dirty,1,1,1,1,6,787,high_stack_holes,17,0,1,5,16,-1216,0,297,299,native
ae0728a3e36e9a03e211f2ae3f8a73c386bdd68e-dirty,1,1,1,1,6,487,random_trajectory,34,0,1,5,3,-256,0,1538,1540,native
ae0728a3e36e9a03e211f2ae3f8a73c386bdd68e-dirty,1,1,1,1,6,188,heuristic_trajectory,17,0,1,3,5,-374,0,773,775,native
ae0728a3e36e9a03e211f2ae3f8a73c386bdd68e-dirty,1,1,1,1,6,788,high_stack_holes,34,0,1,6,1,-211,0,1538,1540,native
ae0728a3e36e9a03e211f2ae3f8a73c386bdd68e-dirty,1,1,1,1,6,488,random_trajectory,34,0,1,5,3,-256,0,1538,1540,native
ae0728a3e36e9a03e211f2ae3f8a73c386bdd68e-dirty,1,1,1,1,6,189,heuristic_trajectory,34,0,2,3,6,-382,0,1538,1540,native
ae0728a3e36e9a03e211f2ae3f8a73c386bdd68e-dirty,1,1,1,1,6,789,high_stack_holes,17,0,1,4,12,-887,0,569,571,native
ae0728a3e36e9a03e211f2ae3f8a73c386bdd68e-dirty,1,1,1,1,6,489,random_trajectory,17,0,1,0,9,-962,0,399,401,native
ae0728a3e36e9a03e211f2ae3f8a73c386bdd68e-dirty,1,1,1,1,6,190,heuristic_trajectory,17,0,0,6,4,-324,0,773,775,native
ae0728a3e36e9a03e211f2ae3f8a73c386bdd68e-dirty,1,1,1,1,6,790,high_stack_holes,17,0,1,3,11,-1143,0,399,401,native
ae0728a3e36e9a03e211f2ae3f8a73c386bdd68e-dirty,1,1,1,1,6,490,random_trajectory,9,0,0,8,14,-1172,0,141,143,native
ae0728a3e36e9a03e211f2ae3f8a73c386bdd68e-dirty,1,1,1,1,6,191,heuristic_trajectory,34,0,3,8,2,-127,0,1538,1540,native
ae0728a3e36e9a03e211f2ae3f8a73c386bdd68e-dirty,1,1,1,1,6,791,high_stack_holes,9,0,0,1,15,-1000,0,413,415,native
ae0728a3e36e9a03e211f2ae3f8a73c386bdd68e-dirty,1,1,1,1,6,491,random_trajectory,34,0,0,0,0,-420,0,1538,1540,native
ae0728a3e36e9a03e211f2ae3f8a73c386bdd68e-dirty,1,1,1,1,6,192,heuristic_trajectory,17,0,0,0,2,-126,0,773,775,native
ae0728a3e36e9a03e211f2ae3f8a73c386bdd68e-dirty,1,1,1,1,6,792,high_stack_holes,17,0,1,6,14,-908,0,501,503,native
ae0728a3e36e9a03e211f2ae3f8a73c386bdd68e-dirty,1,1,1,1,6,492,random_trajectory,34,0,1,0,11,-1048,0,518,520,native
ae0728a3e36e9a03e211f2ae3f8a73c386bdd68e-dirty,1,1,1,1,6,193,heuristic_trajectory,34,0,3,8,2,-127,0,1538,1540,native
ae0728a3e36e9a03e211f2ae3f8a73c386bdd68e-dirty,1,1,1,1,6,793,high_stack_holes,34,0,3,5,3,-997,0,960,962,native
ae0728a3e36e9a03e211f2ae3f8a73c386bdd68e-dirty,1,1,1,1,6,493,random_trajectory,17,0,1,2,6,-798,0,501,503,native
ae0728a3e36e9a03e211f2ae3f8a73c386bdd68e-dirty,1,1,1,1,6,194,heuristic_trajectory,17,0,0,2,2,-198,0,773,775,native
ae0728a3e36e9a03e211f2ae3f8a73c386bdd68e-dirty,1,1,1,1,6,794,high_stack_holes,17,0,0,4,0,-42,0,773,775,native
ae0728a3e36e9a03e211f2ae3f8a73c386bdd68e-dirty,1,1,1,1,6,494,random_trajectory,34,0,3,1,6,-622,0,1538,1540,native
ae0728a3e36e9a03e211f2ae3f8a73c386bdd68e-dirty,1,1,1,1,6,195,heuristic_trajectory,17,0,1,0,4,-224,0,773,775,native
ae0728a3e36e9a03e211f2ae3f8a73c386bdd68e-dirty,1,1,1,1,6,795,high_stack_holes,17,0,1,2,12,-863,0,705,707,native
ae0728a3e36e9a03e211f2ae3f8a73c386bdd68e-dirty,1,1,1,1,6,495,random_trajectory,34,0,0,0,0,-420,0,1538,1540,native
ae0728a3e36e9a03e211f2ae3f8a73c386bdd68e-dirty,1,1,1,1,6,196,heuristic_trajectory,17,0,0,1,4,-226,0,773,775,native
ae0728a3e36e9a03e211f2ae3f8a73c386bdd68e-dirty,1,1,1,1,6,796,high_stack_holes,17,0,1,0,17,-1113,0,569,571,native
ae0728a3e36e9a03e211f2ae3f8a73c386bdd68e-dirty,1,1,1,1,6,496,random_trajectory,9,0,0,8,0,-188,0,413,415,native
ae0728a3e36e9a03e211f2ae3f8a73c386bdd68e-dirty,1,1,1,1,6,197,heuristic_trajectory,9,0,0,0,6,-356,0,413,415,native
ae0728a3e36e9a03e211f2ae3f8a73c386bdd68e-dirty,1,1,1,1,6,797,high_stack_holes,34,0,2,7,4,-284,0,1538,1540,native
ae0728a3e36e9a03e211f2ae3f8a73c386bdd68e-dirty,1,1,1,1,6,497,random_trajectory,17,0,1,8,16,-1196,0,229,231,native
ae0728a3e36e9a03e211f2ae3f8a73c386bdd68e-dirty,1,1,1,1,6,198,heuristic_trajectory,17,0,1,5,4,-309,0,773,775,native
ae0728a3e36e9a03e211f2ae3f8a73c386bdd68e-dirty,1,1,1,1,6,798,high_stack_holes,17,0,1,5,12,-915,0,671,673,native
ae0728a3e36e9a03e211f2ae3f8a73c386bdd68e-dirty,1,1,1,1,6,498,random_trajectory,17,0,1,1,15,-1082,0,297,299,native
ae0728a3e36e9a03e211f2ae3f8a73c386bdd68e-dirty,1,1,1,1,6,199,heuristic_trajectory,34,0,0,1,9,-468,0,1538,1540,native
ae0728a3e36e9a03e211f2ae3f8a73c386bdd68e-dirty,1,1,1,1,6,799,high_stack_holes,17,0,1,5,7,-1177,0,637,639,native
ae0728a3e36e9a03e211f2ae3f8a73c386bdd68e-dirty,1,1,1,1,6,499,random_trajectory,17,0,0,2,18,-990,0,365,367,native
ae0728a3e36e9a03e211f2ae3f8a73c386bdd68e-dirty,1,1,1,1,6,200,heuristic_trajectory,17,0,1,4,3,-236,0,773,775,native
ae0728a3e36e9a03e211f2ae3f8a73c386bdd68e-dirty,1,1,1,1,6,500,random_trajectory,34,0,3,3,0,-400,0,1538,1540,native
ae0728a3e36e9a03e211f2ae3f8a73c386bdd68e-dirty,1,1,1,1,6,201,heuristic_trajectory,17,0,1,8,2,-218,0,773,775,native
ae0728a3e36e9a03e211f2ae3f8a73c386bdd68e-dirty,1,1,1,1,6,501,random_trajectory,34,0,0,0,0,-26,0,1538,1540,native
ae0728a3e36e9a03e211f2ae3f8a73c386bdd68e-dirty,1,1,1,1,6,202,heuristic_trajectory,17,0,1,0,4,-302,0,773,775,native
ae0728a3e36e9a03e211f2ae3f8a73c386bdd68e-dirty,1,1,1,1,6,502,random_trajectory,34,0,2,0,4,-858,0,688,690,native
ae0728a3e36e9a03e211f2ae3f8a73c386bdd68e-dirty,1,1,1,1,6,203,heuristic_trajectory,9,0,0,6,4,-218,0,413,415,native
ae0728a3e36e9a03e211f2ae3f8a73c386bdd68e-dirty,1,1,1,1,6,503,random_trajectory,17,0,1,0,10,-982,0,331,333,native
ae0728a3e36e9a03e211f2ae3f8a73c386bdd68e-dirty,1,1,1,1,6,204,heuristic_trajectory,34,0,1,6,2,-155,0,1538,1540,native
ae0728a3e36e9a03e211f2ae3f8a73c386bdd68e-dirty,1,1,1,1,6,504,random_trajectory,17,0,1,3,0,-200,0,773,775,native
ae0728a3e36e9a03e211f2ae3f8a73c386bdd68e-dirty,1,1,1,1,6,205,heuristic_trajectory,34,0,2,2,5,-298,0,1538,1540,native
ae0728a3e36e9a03e211f2ae3f8a73c386bdd68e-dirty,1,1,1,1,6,505,random_trajectory,9,0,0,8,5,-834,0,277,279,native
ae0728a3e36e9a03e211f2ae3f8a73c386bdd68e-dirty,1,1,1,1,6,206,heuristic_trajectory,34,0,2,5,0,-57,0,1538,1540,native
ae0728a3e36e9a03e211f2ae3f8a73c386bdd68e-dirty,1,1,1,1,6,506,random_trajectory,34,0,3,1,8,-926,0,688,690,native
ae0728a3e36e9a03e211f2ae3f8a73c386bdd68e-dirty,1,1,1,1,6,207,heuristic_trajectory,34,0,1,3,7,-490,0,1538,1540,native
ae0728a3e36e9a03e211f2ae3f8a73c386bdd68e-dirty,1,1,1,1,6,507,random_trajectory,34,0,3,8,10,-1092,0,688,690,native
ae0728a3e36e9a03e211f2ae3f8a73c386bdd68e-dirty,1,1,1,1,6,208,heuristic_trajectory,34,0,1,0,4,-301,0,1538,1540,native
ae0728a3e36e9a03e211f2ae3f8a73c386bdd68e-dirty,1,1,1,1,6,508,random_trajectory,17,0,1,8,0,-124,0,773,775,native
ae0728a3e36e9a03e211f2ae3f8a73c386bdd68e-dirty,1,1,1,1,6,209,heuristic_trajectory,17,0,0,3,8,-452,0,773,775,native
ae0728a3e36e9a03e211f2ae3f8a73c386bdd68e-dirty,1,1,1,1,6,509,random_trajectory,34,0,1,3,0,-436,0,1538,1540,native
ae0728a3e36e9a03e211f2ae3f8a73c386bdd68e-dirty,1,1,1,1,6,210,heuristic_trajectory,17,0,1,0,5,-301,0,773,775,native
ae0728a3e36e9a03e211f2ae3f8a73c386bdd68e-dirty,1,1,1,1,6,510,random_trajectory,17,0,1,3,0,-200,0,773,775,native
ae0728a3e36e9a03e211f2ae3f8a73c386bdd68e-dirty,1,1,1,1,6,211,heuristic_trajectory,17,0,1,3,6,-388,0,773,775,native
ae0728a3e36e9a03e211f2ae3f8a73c386bdd68e-dirty,1,1,1,1,6,511,random_trajectory,34,0,3,8,10,-1092,0,688,690,native
ae0728a3e36e9a03e211f2ae3f8a73c386bdd68e-dirty,1,1,1,1,6,212,heuristic_trajectory,17,0,0,5,1,-73,0,773,775,native
ae0728a3e36e9a03e211f2ae3f8a73c386bdd68e-dirty,1,1,1,1,6,512,random_trajectory,34,0,3,5,17,-694,0,1198,1200,native
ae0728a3e36e9a03e211f2ae3f8a73c386bdd68e-dirty,1,1,1,1,6,213,heuristic_trajectory,17,0,1,6,2,-280,0,773,775,native
ae0728a3e36e9a03e211f2ae3f8a73c386bdd68e-dirty,1,1,1,1,6,513,random_trajectory,34,0,1,3,0,-456,0,1538,1540,native
ae0728a3e36e9a03e211f2ae3f8a73c386bdd68e-dirty,1,1,1,1,6,214,heuristic_trajectory,17,0,1,2,4,-304,0,773,775,native
ae0728a3e36e9a03e211f2ae3f8a73c386bdd68e-dirty,1,1,1,1,6,514,random_trajectory,34,0,0,0,0,-26,0,1538,1540,native
ae0728a3e36e9a03e211f2ae3f8a73c386bdd68e-dirty,1,1,1,1,6,215,heuristic_trajectory,34,0,3,1,3,-235,0,1538,1540,native
ae0728a3e36e9a03e211f2ae3f8a73c386bdd68e-dirty,1,1,1,1,6,515,random_trajectory,34,0,1,3,0,-456,0,1538,1540,native
ae0728a3e36e9a03e211f2ae3f8a73c386bdd68e-dirty,1,1,1,1,6,216,heuristic_trajectory,17,0,1,0,2,-144,0,773,775,native
ae0728a3e36e9a03e211f2ae3f8a73c386bdd68e-dirty,1,1,1,1,6,516,random_trajectory,17,0,1,3,0,-200,0,773,775,native
ae0728a3e36e9a03e211f2ae3f8a73c386bdd68e-dirty,1,1,1,1,6,217,heuristic_trajectory,34,0,1,0,2,-226,0,1538,1540,native
ae0728a3e36e9a03e211f2ae3f8a73c386bdd68e-dirty,1,1,1,1,6,517,random_trajectory,17,0,1,3,0,-200,0,773,775,native
ae0728a3e36e9a03e211f2ae3f8a73c386bdd68e-dirty,1,1,1,1,6,218,heuristic_trajectory,17,0,1,0,4,-234,0,773,775,native
ae0728a3e36e9a03e211f2ae3f8a73c386bdd68e-dirty,1,1,1,1,6,518,random_trajectory,17,0,1,8,0,-124,0,773,775,native
ae0728a3e36e9a03e211f2ae3f8a73c386bdd68e-dirty,1,1,1,1,6,219,heuristic_trajectory,34,0,2,1,0,-50,0,1538,1540,native
ae0728a3e36e9a03e211f2ae3f8a73c386bdd68e-dirty,1,1,1,1,6,519,random_trajectory,34,0,3,4,0,-60,0,1538,1540,native
ae0728a3e36e9a03e211f2ae3f8a73c386bdd68e-dirty,1,1,1,1,6,220,heuristic_trajectory,34,0,1,1,3,-202,0,1538,1540,native
ae0728a3e36e9a03e211f2ae3f8a73c386bdd68e-dirty,1,1,1,1,6,520,random_trajectory,34,0,2,0,4,-858,0,688,690,native
ae0728a3e36e9a03e211f2ae3f8a73c386bdd68e-dirty,1,1,1,1,6,221,heuristic_trajectory,34,0,2,7,2,-220,0,1538,1540,native
ae0728a3e36e9a03e211f2ae3f8a73c386bdd68e-dirty,1,1,1,1,6,521,random_trajectory,34,0,1,8,17,-1158,0,654,656,native
ae0728a3e36e9a03e211f2ae3f8a73c386bdd68e-dirty,1,1,1,1,6,222,heuristic_trajectory,17,0,0,3,3,-244,0,773,775,native
ae0728a3e36e9a03e211f2ae3f8a73c386bdd68e-dirty,1,1,1,1,6,522,random_trajectory,17,0,1,0,10,-982,0,331,333,native
ae0728a3e36e9a03e211f2ae3f8a73c386bdd68e-dirty,1,1,1,1,6,223,heuristic_trajectory,17,0,1,2,2,-141,0,773,775,native
ae0728a3e36e9a03e211f2ae3f8a73c386bdd68e-dirty,1,1,1,1,6,523,random_trajectory,34,0,1,8,0,-278,0,1538,1540,native
ae0728a3e36e9a03e211f2ae3f8a73c386bdd68e-dirty,1,1,1,1,6,224,heuristic_trajectory,34,0,2,7,4,-321,0,1538,1540,native
ae0728a3e36e9a03e211f2ae3f8a73c386bdd68e-dirty,1,1,1,1,6,524,random_trajectory,9,0,0,0,18,-1198,0,175,177,native
ae0728a3e36e9a03e211f2ae3f8a73c386bdd68e-dirty,1,1,1,1,6,225,heuristic_trajectory,17,0,0,0,5,-290,0,773,775,native
ae0728a3e36e9a03e211f2ae3f8a73c386bdd68e-dirty,1,1,1,1,6,525,random_trajectory,17,0,1,3,0,-200,0,773,775,native
ae0728a3e36e9a03e211f2ae3f8a73c386bdd68e-dirty,1,1,1,1,6,226,heuristic_trajectory,34,0,0,4,2,-156,0,1538,1540,native
ae0728a3e36e9a03e211f2ae3f8a73c386bdd68e-dirty,1,1,1,1,6,526,random_trajectory,17,0,0,0,13,-1070,0,331,333,native
ae0728a3e36e9a03e211f2ae3f8a73c386bdd68e-dirty,1,1,1,1,6,227,heuristic_trajectory,34,0,2,6,3,-191,0,1538,1540,native
ae0728a3e36e9a03e211f2ae3f8a73c386bdd68e-dirty,1,1,1,1,6,527,random_trajectory,34,0,1,3,0,-456,0,1538,1540,native
ae0728a3e36e9a03e211f2ae3f8a73c386bdd68e-dirty,1,1,1,1,6,228,heuristic_trajectory,34,0,1,0,0,-74,0,1538,1540,native
ae0728a3e36e9a03e211f2ae3f8a73c386bdd68e-dirty,1,1,1,1,6,528,random_trajectory,17,0,1,2,12,-1124,0,399,401,native
ae0728a3e36e9a03e211f2ae3f8a73c386bdd68e-dirty,1,1,1,1,6,229,heuristic_trajectory,17,0,0,0,4,-284,0,773,775,native
ae0728a3e36e9a03e211f2ae3f8a73c386bdd68e-dirty,1,1,1,1,6,529,random_trajectory,9,0,0,5,17,-672,0,345,347,native
ae0728a3e36e9a03e211f2ae3f8a73c386bdd68e-dirty,1,1,1,1,6,230,heuristic_trajectory,17,0,0,5,3,-246,0,773,775,native
ae0728a3e36e9a03e211f2ae3f8a73c386bdd68e-dirty,1,1,1,1,6,530,random_trajectory,34,0,1,3,0,-456,0,1538,1540,native
ae0728a3e36e9a03e211f2ae3f8a73c386bdd68e-dirty,1,1,1,1,6,231,heuristic_trajectory,17,0,0,2,3,-182,0,773,775,native
ae0728a3e36e9a03e211f2ae3f8a73c386bdd68e-dirty,1,1,1,1,6,531,random_trajectory,34,0,1,8,17,-1158,0,654,656,native
ae0728a3e36e9a03e211f2ae3f8a73c386bdd68e-dirty,1,1,1,1,6,232,heuristic_trajectory,9,0,0,1,5,-340,0,413,415,native
ae0728a3e36e9a03e211f2ae3f8a73c386bdd68e-dirty,1,1,1,1,6,532,random_trajectory,17,0,0,0,13,-1070,0,331,333,native
ae0728a3e36e9a03e211f2ae3f8a73c386bdd68e-dirty,1,1,1,1,6,233,heuristic_trajectory,34,0,1,2,0,-104,0,1538,1540,native
ae0728a3e36e9a03e211f2ae3f8a73c386bdd68e-dirty,1,1,1,1,6,533,random_trajectory,17,0,1,8,13,-1120,0,365,367,native
ae0728a3e36e9a03e211f2ae3f8a73c386bdd68e-dirty,1,1,1,1,6,234,heuristic_trajectory,17,0,0,1,1,-138,0,773,775,native
ae0728a3e36e9a03e211f2ae3f8a73c386bdd68e-dirty,1,1,1,1,6,534,random_trajectory,34,0,3,5,17,-694,0,1198,1200,native
ae0728a3e36e9a03e211f2ae3f8a73c386bdd68e-dirty,1,1,1,1,6,235,heuristic_trajectory,17,0,0,4,5,-324,0,773,775,native
ae0728a3e36e9a03e211f2ae3f8a73c386bdd68e-dirty,1,1,1,1,6,535,random_trajectory,17,0,1,0,2,-652,0,603,605,native
ae0728a3e36e9a03e211f2ae3f8a73c386bdd68e-dirty,1,1,1,1,6,236,heuristic_trajectory,17,0,1,4,1,-166,0,773,775,native
ae0728a3e36e9a03e211f2ae3f8a73c386bdd68e-dirty,1,1,1,1,6,536,random_trajectory,17,0,1,0,4,-890,0,399,401,native
ae0728a3e36e9a03e211f2ae3f8a73c386bdd68e-dirty,1,1,1,1,6,237,heuristic_trajectory,17,0,1,0,1,-114,0,773,775,native
ae0728a3e36e9a03e211f2ae3f8a73c386bdd68e-dirty,1,1,1,1,6,537,random_trajectory,17,0,1,3,0,-200,0,773,775,native
ae0728a3e36e9a03e211f2ae3f8a73c386bdd68e-dirty,1,1,1,1,6,238,heuristic_trajectory,34,0,3,7,0,-119,0,1538,1540,native
ae0728a3e36e9a03e211f2ae3f8a73c386bdd68e-dirty,1,1,1,1,6,538,random_trajectory,17,0,1,0,4,-890,0,399,401,native
ae0728a3e36e9a03e211f2ae3f8a73c386bdd68e-dirty,1,1,1,1,6,239,heuristic_trajectory,34,0,3,7,2,-125,0,1538,1540,native
ae0728a3e36e9a03e211f2ae3f8a73c386bdd68e-dirty,1,1,1,1,6,539,random_trajectory,34,0,0,0,0,-26,0,1538,1540,native
ae0728a3e36e9a03e211f2ae3f8a73c386bdd68e-dirty,1,1,1,1,6,240,heuristic_trajectory,17,0,1,6,2,-280,0,773,775,native
ae0728a3e36e9a03e211f2ae3f8a73c386bdd68e-dirty,1,1,1,1,6,540,random_trajectory,34,0,2,0,4,-858,0,688,690,native
ae0728a3e36e9a03e211f2ae3f8a73c386bdd68e-dirty,1,1,1,1,6,241,heuristic_trajectory,34,0,1,4,5,-295,0,1538,1540,native
ae0728a3e36e9a03e211f2ae3f8a73c386bdd68e-dirty,1,1,1,1,6,541,random_trajectory,34,0,0,0,0,0,1,382,384,native
ae0728a3e36e9a03e211f2ae3f8a73c386bdd68e-dirty,1,1,1,1,6,242,heuristic_trajectory,34,0,2,1,4,-286,0,1538,1540,native
ae0728a3e36e9a03e211f2ae3f8a73c386bdd68e-dirty,1,1,1,1,6,542,random_trajectory,9,0,0,0,18,-1198,0,175,177,native
ae0728a3e36e9a03e211f2ae3f8a73c386bdd68e-dirty,1,1,1,1,6,243,heuristic_trajectory,17,0,0,4,6,-362,0,773,775,native
ae0728a3e36e9a03e211f2ae3f8a73c386bdd68e-dirty,1,1,1,1,6,543,random_trajectory,17,0,1,3,0,-200,0,773,775,native
ae0728a3e36e9a03e211f2ae3f8a73c386bdd68e-dirty,1,1,1,1,6,244,heuristic_trajectory,34,0,3,8,7,-484,0,1538,1540,native
ae0728a3e36e9a03e211f2ae3f8a73c386bdd68e-dirty,1,1,1,1,6,544,random_trajectory,34,0,1,8,17,-1158,0,654,656,native
ae0728a3e36e9a03e211f2ae3f8a73c386bdd68e-dirty,1,1,1,1,6,245,heuristic_trajectory,34,0,3,0,2,-152,0,1538,1540,native
ae0728a3e36e9a03e211f2ae3f8a73c386bdd68e-dirty,1,1,1,1,6,545,random_trajectory,17,0,1,0,10,-982,0,331,333,native
ae0728a3e36e9a03e211f2ae3f8a73c386bdd68e-dirty,1,1,1,1,6,246,heuristic_trajectory,34,0,0,4,6,-402,0,1538,1540,native
ae0728a3e36e9a03e211f2ae3f8a73c386bdd68e-dirty,1,1,1,1,6,546,random_trajectory,34,0,2,0,4,-858,0,688,690,native
ae0728a3e36e9a03e211f2ae3f8a73c386bdd68e-dirty,1,1,1,1,6,247,heuristic_trajectory,17,0,1,0,5,-368,0,773,775,native
ae0728a3e36e9a03e211f2ae3f8a73c386bdd68e-dirty,1,1,1,1,6,547,random_trajectory,17,0,1,0,2,-652,0,603,605,native
ae0728a3e36e9a03e211f2ae3f8a73c386bdd68e-dirty,1,1,1,1,6,248,heuristic_trajectory,34,0,2,0,3,-213,0,1538,1540,native
ae0728a3e36e9a03e211f2ae3f8a73c386bdd68e-dirty,1,1,1,1,6,548,random_trajectory,17,0,1,0,4,-890,0,399,401,native
ae0728a3e36e9a03e211f2ae3f8a73c386bdd68e-dirty,1,1,1,1,6,249,heuristic_trajectory,34,0,0,7,2,-125,0,1538,1540,native
ae0728a3e36e9a03e211f2ae3f8a73c386bdd68e-dirty,1,1,1,1,6,549,random_trajectory,17,0,1,0,4,-890,0,399,401,native
ae0728a3e36e9a03e211f2ae3f8a73c386bdd68e-dirty,1,1,1,1,6,250,heuristic_trajectory,17,0,1,4,2,-208,0,773,775,native
ae0728a3e36e9a03e211f2ae3f8a73c386bdd68e-dirty,1,1,1,1,6,550,random_trajectory,34,0,2,0,18,-1130,0,994,996,native
ae0728a3e36e9a03e211f2ae3f8a73c386bdd68e-dirty,1,1,1,1,6,251,heuristic_trajectory,17,0,1,5,0,-156,0,773,775,native
ae0728a3e36e9a03e211f2ae3f8a73c386bdd68e-dirty,1,1,1,1,6,551,random_trajectory,34,0,2,4,17,-1212,0,688,690,native
ae0728a3e36e9a03e211f2ae3f8a73c386bdd68e-dirty,1,1,1,1,6,252,heuristic_trajectory,34,0,1,5,3,-198,0,1538,1540,native
ae0728a3e36e9a03e211f2ae3f8a73c386bdd68e-dirty,1,1,1,1,6,552,random_trajectory,34,0,2,1,18,-1260,0,416,418,native
ae0728a3e36e9a03e211f2ae3f8a73c386bdd68e-dirty,1,1,1,1,6,253,heuristic_trajectory,34,0,2,5,1,-160,0,1538,1540,native
ae0728a3e36e9a03e211f2ae3f8a73c386bdd68e-dirty,1,1,1,1,6,553,random_trajectory,9,0,0,7,10,-488,0,413,415,native
ae0728a3e36e9a03e211f2ae3f8a73c386bdd68e-dirty,1,1,1,1,6,254,heuristic_trajectory,34,0,1,2,2,-166,0,1538,1540,native
ae0728a3e36e9a03e211f2ae3f8a73c386bdd68e-dirty,1,1,1,1,6,554,random_trajectory,9,0,0,0,0,-24,0,413,415,native
ae0728a3e36e9a03e211f2ae3f8a73c386bdd68e-dirty,1,1,1,1,6,255,heuristic_trajectory,17,0,1,0,2,-157,0,773,775,native
ae0728a3e36e9a03e211f2ae3f8a73c386bdd68e-dirty,1,1,1,1,6,555,random_trajectory,17,0,1,1,4,-368,0,773,775,native
ae0728a3e36e9a03e211f2ae3f8a73c386bdd68e-dirty,1,1,1,1,6,256,heuristic_trajectory,17,0,0,6,2,-118,0,773,775,native
ae0728a3e36e9a03e211f2ae3f8a73c386bdd68e-dirty,1,1,1,1,6,556,random_trajectory,17,0,0,1,18,-1044,0,637,639,native
ae0728a3e36e9a03e211f2ae3f8a73c386bdd68e-dirty,1,1,1,1,6,257,heuristic_trajectory,34,0,1,2,2,-166,0,1538,1540,native
ae0728a3e36e9a03e211f2ae3f8a73c386bdd68e-dirty,1,1,1,1,6,557,random_trajectory,17,0,1,8,9,-708,0,773,775,native
ae0728a3e36e9a03e211f2ae3f8a73c386bdd68e-dirty,1,1,1,1,6,258,heuristic_trajectory,17,0,1,2,2,-206,0,773,775,native
ae0728a3e36e9a03e211f2ae3f8a73c386bdd68e-dirty,1,1,1,1,6,558,random_trajectory,17,0,0,1,18,-1044,0,637,639,native
ae0728a3e36e9a03e211f2ae3f8a73c386bdd68e-dirty,1,1,1,1,6,259,heuristic_trajectory,9,0,0,5,2,-200,0,413,415,native
ae0728a3e36e9a03e211f2ae3f8a73c386bdd68e-dirty,1,1,1,1,6,559,random_trajectory,34,0,2,1,18,-1260,0,416,418,native
ae0728a3e36e9a03e211f2ae3f8a73c386bdd68e-dirty,1,1,1,1,6,260,heuristic_trajectory,34,0,3,7,1,-139,0,1538,1540,native
ae0728a3e36e9a03e211f2ae3f8a73c386bdd68e-dirty,1,1,1,1,6,560,random_trajectory,17,0,1,2,0,-200,0,773,775,native
ae0728a3e36e9a03e211f2ae3f8a73c386bdd68e-dirty,1,1,1,1,6,261,heuristic_trajectory,17,0,0,4,4,-258,0,773,775,native
ae0728a3e36e9a03e211f2ae3f8a73c386bdd68e-dirty,1,1,1,1,6,561,random_trajectory,34,0,3,8,9,-838,0,1538,1540,native
ae0728a3e36e9a03e211f2ae3f8a73c386bdd68e-dirty,1,1,1,1,6,262,heuristic_trajectory,17,0,1,9,0,-162,0,773,775,native
ae0728a3e36e9a03e211f2ae3f8a73c386bdd68e-dirty,1,1,1,1,6,562,random_trajectory,34,0,3,3,5,-440,0,1538,1540,native
ae0728a3e36e9a03e211f2ae3f8a73c386bdd68e-dirty,1,1,1,1,6,263,heuristic_trajectory,34,0,3,4,3,-205,0,1538,1540,native
ae0728a3e36e9a03e211f2ae3f8a73c386bdd68e-dirty,1,1,1,1,6,563,random_trajectory,9,0,0,7,10,-488,0,413,415,native
ae0728a3e36e9a03e211f2ae3f8a73c386bdd68e-dirty,1,1,1,1,6,264,heuristic_trajectory,34,0,0,3,0,-48,0,1538,1540,native
ae0728a3e36e9a03e211f2ae3f8a73c386bdd68e-dirty,1,1,1,1,6,564,random_trajectory,9,0,0,7,10,-488,0,413,415,native
ae0728a3e36e9a03e211f2ae3f8a73c386bdd68e-dirty,1,1,1,1,6,265,heuristic_trajectory,9,0,0,4,0,-70,0,413,415,native
ae0728a3e36e9a03e211f2ae3f8a73c386bdd68e-dirty,1,1,1,1,6,565,random_trajectory,9,0,0,8,10,-878,0,413,415,native
ae0728a3e36e9a03e211f2ae3f8a73c386bdd68e-dirty,1,1,1,1,6,266,heuristic_trajectory,17,0,1,5,3,-255,0,773,775,native
ae0728a3e36e9a03e211f2ae3f8a73c386bdd68e-dirty,1,1,1,1,6,566,random_trajectory,17,0,1,8,9,-708,0,773,775,native
ae0728a3e36e9a03e211f2ae3f8a73c386bdd68e-dirty,1,1,1,1,6,267,heuristic_trajectory,34,0,1,0,0,-74,0,1538,1540,native
ae0728a3e36e9a03e211f2ae3f8a73c386bdd68e-dirty,1,1,1,1,6,567,random_trajectory,17,0,1,5,7,-1100,0,535,537,native
ae0728a3e36e9a03e211f2ae3f8a73c386bdd68e-dirty,1,1,1,1,6,268,heuristic_trajectory,17,0,0,5,2,-141,0,773,775,native
ae0728a3e36e9a03e211f2ae3f8a73c386bdd68e-dirty,1,1,1,1,6,568,random_trajectory,34,0,2,4,17,-1212,0,688,690,native
ae0728a3e36e9a03e211f2ae3f8a73c386bdd68e-dirty,1,1,1,1,6,269,heuristic_trajectory,34,0,2,0,2,-173,0,1538,1540,native
ae0728a3e36e9a03e211f2ae3f8a73c386bdd68e-dirty,1,1,1,1,6,569,random_trajectory,17,0,1,6,0,-660,0,773,775,native
ae0728a3e36e9a03e211f2ae3f8a73c386bdd68e-dirty,1,1,1,1,6,270,heuristic_trajectory,17,0,1,4,1,-166,0,773,775,native
ae0728a3e36e9a03e211f2ae3f8a73c386bdd68e-dirty,1,1,1,1,6,570,random_trajectory,34,0,3,8,9,-838,0,1538,1540,native
ae0728a3e36e9a03e211f2ae3f8a73c386bdd68e-dirty,1,1,1,1,6,271,heuristic_trajectory,17,0,1,2,3,-187,0,773,775,native
ae0728a3e36e9a03e211f2ae3f8a73c386bdd68e-dirty,1,1,1,1,6,571,random_trajectory,17,0,1,2,0,-200,0,773,775,native
ae0728a3e36e9a03e211f2ae3f8a73c386bdd68e-dirty,1,1,1,1,6,272,heuristic_trajectory,34,0,3,8,2,-135,0,1538,1540,native
ae0728a3e36e9a03e211f2ae3f8a73c386bdd68e-dirty,1,1,1,1,6,572,random_trajectory,34,0,2,1,18,-1260,0,416,418,native
ae0728a3e36e9a03e211f2ae3f8a73c386bdd68e-dirty,1,1,1,1,6,273,heuristic_trajectory,17,0,0,4,1,-168,0,773,775,native
ae0728a3e36e9a03e211f2ae3f8a73c386bdd68e-dirty,1,1,1,1,6,573,random_trajectory,34,0,3,8,9,-994,0,1300,1302,native
ae0728a3e36e9a03e211f2ae3f8a73c386bdd68e-dirty,1,1,1,1,6,274,heuristic_trajectory,9,0,0,0,4,-194,0,413,415,native
ae0728a3e36e9a03e211f2ae3f8a73c386bdd68e-dirty,1,1,1,1,6,574,random_trajectory,17,0,1,8,9,-708,0,773,775,native
ae0728a3e36e9a03e211f2ae3f8a73c386bdd68e-dirty,1,1,1,1,6,275,heuristic_trajectory,34,0,2,0,3,-213,0,1538,1540,native
ae0728a3e36e9a03e211f2ae3f8a73c386bdd68e-dirty,1,1,1,1,6,575,random_trajectory,9,0,0,8,10,-878,0,413,415,native
ae0728a3e36e9a03e211f2ae3f8a73c386bdd68e-dirty,1,1,1,1,6,276,heuristic_trajectory,17,0,0,7,4,-271,0,773,775,native
ae0728a3e36e9a03e211f2ae3f8a73c386bdd68e-dirty,1,1,1,1,6,576,random_trajectory,34,0,2,0,18,-1130,0,994,996,native
ae0728a3e36e9a03e211f2ae3f8a73c386bdd68e-dirty,1,1,1,1,6,277,heuristic_trajectory,34,0,1,1,3,-212,0,1538,1540,native
ae0728a3e36e9a03e211f2ae3f8a73c386bdd68e-dirty,1,1,1,1,6,577,random_trajectory,17,0,1,2,0,-200,0,773,775,native
ae0728a3e36e9a03e211f2ae3f8a73c386bdd68e-dirty,1,1,1,1,6,278,heuristic_trajectory,17,0,1,3,1,-91,0,773,775,native
ae0728a3e36e9a03e211f2ae3f8a73c386bdd68e-dirty,1,1,1,1,6,578,random_trajectory,17,0,1,2,0,-200,0,773,775,native
ae0728a3e36e9a03e211f2ae3f8a73c386bdd68e-dirty,1,1,1,1,6,279,heuristic_trajectory,34,0,1,6,2,-155,0,1538,1540,native
ae0728a3e36e9a03e211f2ae3f8a73c386bdd68e-dirty,1,1,1,1,6,579,random_trajectory,34,0,3,3,5,-440,0,1538,1540,native
ae0728a3e36e9a03e211f2ae3f8a73c386bdd68e-dirty,1,1,1,1,6,280,heuristic_trajectory,17,0,1,2,2,-242,0,773,775,native
ae0728a3e36e9a03e211f2ae3f8a73c386bdd68e-dirty,1,1,1,1,6,580,random_trajectory,17,0,1,1,4,-368,0,773,775,native
ae0728a3e36e9a03e211f2ae3f8a73c386bdd68e-dirty,1,1,1,1,6,281,heuristic_trajectory,17,0,0,2,4,-270,0,773,775,native
ae0728a3e36e9a03e211f2ae3f8a73c386bdd68e-dirty,1,1,1,1,6,581,random_trajectory,34,0,3,8,9,-838,0,1538,1540,native
ae0728a3e36e9a03e211f2ae3f8a73c386bdd68e-dirty,1,1,1,1,6,282,heuristic_trajectory,34,0,1,0,2,-180,0,1538,1540,native
ae0728a3e36e9a03e211f2ae3f8a73c386bdd68e-dirty,1,1,1,1,6,582,random_trajectory,17,0,0,1,18,-1044,0,637,639,native
ae0728a3e36e9a03e211f2ae3f8a73c386bdd68e-dirty,1,1,1,1,6,283,heuristic_trajectory,9,0,0,2,5,-262,0,413,415,native
ae0728a3e36e9a03e211f2ae3f8a73c386bdd68e-dirty,1,1,1,1,6,583,random_trajectory,34,0,1,4,5,-564,0,1538,1540,native
ae0728a3e36e9a03e211f2ae3f8a73c386bdd68e-dirty,1,1,1,1,6,284,heuristic_trajectory,34,0,2,0,3,-213,0,1538,1540,native
ae0728a3e36e9a03e211f2ae3f8a73c386bdd68e-dirty,1,1,1,1,6,584,random_trajectory,34,0,3,8,0,-76,0,1538,1540,native
ae0728a3e36e9a03e211f2ae3f8a73c386bdd68e-dirty,1,1,1,1,6,285,heuristic_trajectory,9,0,0,6,4,-218,0,413,415,native
ae0728a3e36e9a03e211f2ae3f8a73c386bdd68e-dirty,1,1,1,1,6,585,random_trajectory,34,0,3,8,0,-76,0,1538,1540,native
ae0728a3e36e9a03e211f2ae3f8a73c386bdd68e-dirty,1,1,1,1,6,286,heuristic_trajectory,17,0,1,0,4,-319,0,773,775,native
ae0728a3e36e9a03e211f2ae3f8a73c386bdd68e-dirty,1,1,1,1,6,586,random_trajectory,34,0,3,8,0,-76,0,1538,1540,native
ae0728a3e36e9a03e211f2ae3f8a73c386bdd68e-dirty,1,1,1,1,6,287,heuristic_trajectory,34,0,3,2,0,-101,0,1538,1540,native
ae0728a3e36e9a03e211f2ae3f8a73c386bdd68e-dirty,1,1,1,1,6,587,random_trajectory,17,0,1,6,0,-122,0,773,775,native
ae0728a3e36e9a03e211f2ae3f8a73c386bdd68e-dirty,1,1,1,1,6,288,heuristic_trajectory,17,0,0,0,5,-290,0,773,775,native
ae0728a3e36e9a03e211f2ae3f8a73c386bdd68e-dirty,1,1,1,1,6,588,random_trajectory,17,0,1,6,0,-660,0,773,775,native
ae0728a3e36e9a03e211f2ae3f8a73c386bdd68e-dirty,1,1,1,1,6,289,heuristic_trajectory,34,0,3,2,0,-101,0,1538,1540,native
ae0728a3e36e9a03e211f2ae3f8a73c386bdd68e-dirty,1,1,1,1,6,589,random_trajectory,17,0,1,6,0,-660,0,773,775,native
ae0728a3e36e9a03e211f2ae3f8a73c386bdd68e-dirty,1,1,1,1,6,290,heuristic_trajectory,9,0,0,7,4,-227,0,413,415,native
ae0728a3e36e9a03e211f2ae3f8a73c386bdd68e-dirty,1,1,1,1,6,590,random_trajectory,34,0,1,4,5,-564,0,1538,1540,native
ae0728a3e36e9a03e211f2ae3f8a73c386bdd68e-dirty,1,1,1,1,6,291,heuristic_trajectory,9,0,0,1,4,-272,0,413,415,native
ae0728a3e36e9a03e211f2ae3f8a73c386bdd68e-dirty,1,1,1,1,6,591,random_trajectory,17,0,1,6,0,-122,0,773,775,native
ae0728a3e36e9a03e211f2ae3f8a73c386bdd68e-dirty,1,1,1,1,6,292,heuristic_trajectory,17,0,1,6,5,-326,0,773,775,native
ae0728a3e36e9a03e211f2ae3f8a73c386bdd68e-dirty,1,1,1,1,6,592,random_trajectory,9,0,0,7,10,-488,0,413,415,native
ae0728a3e36e9a03e211f2ae3f8a73c386bdd68e-dirty,1,1,1,1,6,293,heuristic_trajectory,17,0,1,6,6,-375,0,773,775,native
ae0728a3e36e9a03e211f2ae3f8a73c386bdd68e-dirty,1,1,1,1,6,593,random_trajectory,9,0,0,0,0,-24,0,413,415,native
ae0728a3e36e9a03e211f2ae3f8a73c386bdd68e-dirty,1,1,1,1,6,294,heuristic_trajectory,34,0,2,1,0,-50,0,1538,1540,native
ae0728a3e36e9a03e211f2ae3f8a73c386bdd68e-dirty,1,1,1,1,6,594,random_trajectory,17,0,1,5,7,-1100,0,535,537,native
ae0728a3e36e9a03e211f2ae3f8a73c386bdd68e-dirty,1,1,1,1,6,295,heuristic_trajectory,17,0,1,0,2,-157,0,773,775,native
ae0728a3e36e9a03e211f2ae3f8a73c386bdd68e-dirty,1,1,1,1,6,595,random_trajectory,17,0,1,6,0,-122,0,773,775,native
ae0728a3e36e9a03e211f2ae3f8a73c386bdd68e-dirty,1,1,1,1,6,296,heuristic_trajectory,34,0,3,0,3,-262,0,1538,1540,native
ae0728a3e36e9a03e211f2ae3f8a73c386bdd68e-dirty,1,1,1,1,6,596,random_trajectory,17,0,1,2,0,-200,0,773,775,native
ae0728a3e36e9a03e211f2ae3f8a73c386bdd68e-dirty,1,1,1,1,6,297,heuristic_trajectory,34,0,3,0,3,-262,0,1538,1540,native
ae0728a3e36e9a03e211f2ae3f8a73c386bdd68e-dirty,1,1,1,1,6,597,random_trajectory,34,0,2,1,18,-1260,0,416,418,native
ae0728a3e36e9a03e211f2ae3f8a73c386bdd68e-dirty,1,1,1,1,6,298,heuristic_trajectory,9,0,0,1,1,-100,0,413,415,native
ae0728a3e36e9a03e211f2ae3f8a73c386bdd68e-dirty,1,1,1,1,6,598,random_trajectory,17,0,1,2,0,-200,0,773,775,native
ae0728a3e36e9a03e211f2ae3f8a73c386bdd68e-dirty,1,1,1,1,6,299,heuristic_trajectory,17,0,0,6,3,-182,0,773,775,native
ae0728a3e36e9a03e211f2ae3f8a73c386bdd68e-dirty,1,1,1,1,6,599,random_trajectory,17,0,0,0,0,0,1,195,197,native
